ds,yhat,yhat_lower,yhat_upper
2010-01-01,25.573110240762713,23.401904865774057,27.76616040032113
2010-01-02,25.587047335898504,23.37388186379795,27.73721741820156
2010-01-03,25.59958951898866,23.34702939289095,27.662933041306342
2010-01-04,25.580889048805584,23.43207378333485,27.664202907488782
2010-01-05,25.586631600774737,23.31873697750529,27.75718682897064
2010-01-06,25.60522046224905,23.480636929328057,27.720809760739485
2010-01-07,25.61198343588957,23.34154110532903,27.6715188317033
2010-01-08,25.635389420543014,23.41332419641873,27.853832145296327
2010-01-09,25.6596763527114,23.533859254370334,27.770462723278044
2010-01-10,25.682170061308334,23.394327514444566,27.83082063135687
2010-01-11,25.672902726414286,23.4760003404246,27.906112998461253
2010-01-12,25.68744700052184,23.560032089907562,27.861083676634628
2010-01-13,25.714103477720325,23.33929624071439,27.81904347525079
2010-01-14,25.72811069980432,23.57363450458088,27.906691566327186
2010-01-15,25.757864569595977,23.525579444420824,28.149290422617813
2010-01-16,25.787548761573355,23.670533617615117,28.149894392351914
2010-01-17,25.81445559854328,23.57609455762699,27.75036914376436
2010-01-18,25.80860601284869,23.48268383040062,27.976743843118967
2010-01-19,25.82558459248889,23.872163282322948,27.92051802058343
2010-01-20,25.853727355564605,23.694385168025583,27.985865546372082
2010-01-21,25.86833141758152,23.574422283619135,28.00103799905907
2010-01-22,25.89787341602632,23.76505258264201,27.927063499686188
2010-01-23,25.92663829546193,23.536597142670754,28.002201319115606
2010-01-24,25.952037953943307,23.796412065466967,28.17898761550807
2010-01-25,25.94422841953798,23.574110864036204,28.11517209851276
2010-01-26,25.958941624621136,23.696294099326693,28.04294037975382
2010-01-27,25.984669503897617,23.848834364683732,28.066085015387383
2010-01-28,25.996869676254715,23.694873439854277,28.191122346794028
2010-01-29,26.024179680831182,23.8486734572376,28.1962682457832
2010-01-30,26.051041483963857,23.86010386501535,28.255314148478366
2010-01-31,26.075015875457144,23.869009833884324,28.328369093093375
2010-02-01,26.066395541471554,23.888346610020292,28.09797726727385
2010-02-02,26.08103299765811,23.794632605626685,28.243548717124483
2010-02-03,26.107521218509458,23.90211535889764,28.425230979062665
2010-02-04,26.121396323878795,24.028305923564574,28.203198770883947
2010-02-05,26.151349381725367,23.97466190952172,28.352312339085493
2010-02-06,26.181849117577855,24.089416329568195,28.328756653001562
2010-02-07,26.210455205887506,23.868205335454945,28.539926082786746
2010-02-08,26.207430968401763,24.016156940330013,28.1756221886239
2010-02-09,26.228571680883235,23.98428563710637,28.34493358705229
2010-02-10,26.262386321022685,23.80349830361243,28.5514007548825
2010-02-11,26.284302094480708,24.224346505656882,28.479354897873474
2010-02-12,26.322878753722147,24.169879781849176,28.529190044635207
2010-02-13,26.362434436481927,24.27981766230351,28.49199525923912
2010-02-14,26.400362617794656,24.431945396135873,28.624502969854525
2010-02-15,26.406748904089902,24.21633149776033,28.696098114281586
2010-02-16,26.437203761309412,24.212103299945863,28.58280425538596
2010-02-17,26.480048890818864,24.349733913943613,28.43327155752167
2010-02-18,26.510526464590093,24.268707135515374,28.764086825696022
2010-02-19,26.55701810601807,24.37208403721534,28.707272458767243
2010-02-20,26.60367521568278,24.490289930537124,28.90499851385182
2010-02-21,26.647740112873333,24.61146008418054,28.917562494632733
2010-02-22,26.659166606180385,24.43084967327002,28.868745862033684
2010-02-23,26.69345598114409,24.660343401410035,28.949690835745646
2010-02-24,26.738846028983637,24.43414676768941,28.783297750917086
2010-02-25,26.77052225496097,24.65251196437527,28.97483533214308
2010-02-26,26.816838098768088,24.706842997153498,28.842907039731266
2010-02-27,26.86194573281471,24.786378880316274,29.343084657807967
2010-02-28,26.903116897347225,24.801002407933687,29.169009977412486
2010-03-01,26.910362395757573,24.830916853573388,28.983023209149817
2010-03-02,26.93926626982244,24.64450818335554,29.123984700592743
2010-03-03,26.978172331493347,24.972571065232753,29.04595929340208
2010-03-04,27.00239226176004,25.065590080903764,29.259760367980316
2010-03-05,27.040422198299243,24.863746435963538,29.14934133332135
2010-03-06,27.07656948193514,25.148799231999945,29.178284123258955
2010-03-07,27.108269136851906,24.824430325647114,29.28665527865239
2010-03-08,27.10569883248638,24.980950025441196,29.235244968794877
2010-03-09,27.12460847639768,24.880846379467567,29.418866599193734
2010-03-10,27.153502245569584,25.024538143233993,29.401862170041095
2010-03-11,27.167842395022557,25.132568709915297,29.472438579192403
2010-03-12,27.196261887622303,25.020303812255023,29.544273414429863
2010-03-13,27.223187627585986,24.952317583984225,29.32397565170165
2010-03-14,27.24615397214861,24.977231688683993,29.42632021336528
2010-03-15,27.235415353003663,25.09525360519549,29.40010380560948
2010-03-16,27.24677422223273,25.120833606533346,29.534423421800316
2010-03-17,27.26876217542523,25.15017800036328,29.510763624925584
2010-03-18,27.27684361460609,25.037549226899298,29.387384236224168
2010-03-19,27.299628996387145,25.163788613199348,29.42773977464067
2010-03-20,27.321499427095596,25.300342673129357,29.586176532265892
2010-03-21,27.339922236890438,25.16139536644562,29.481346809493324
2010-03-22,27.325066301536076,25.185669064645808,29.57837806843383
2010-03-23,27.33263324490865,25.025837822790415,29.564682613170085
2010-03-24,27.351042276954416,25.14108945220201,29.595870608076673
2010-03-25,27.35563791821011,25.311895816627914,29.594205977239778
2010-03-26,27.374907534501922,25.29297439682232,29.577657221111313
2010-03-27,27.393110315000364,25.257873404203483,29.70243530105854
2010-03-28,27.40759719402817,25.335240538124307,29.652900809072737
2010-03-29,27.38843035446212,25.1136337263673,29.638285710924638
2010-03-30,27.391218319574655,25.20614298039739,29.574840145337124
2010-03-31,27.404304270086996,25.21455213861073,29.35475763474675
2010-04-01,27.402976731341,25.343592616123477,29.752453794830018
2010-04-02,27.415689462861312,25.146352127409816,29.53975970105715
2010-04-03,27.42669210970619,25.346616090134685,29.679862442810105
2010-04-04,27.4333510619858,25.284396768443436,29.67756608475293
2010-04-05,27.405769127759132,25.276692138456003,29.7065274766881
2010-04-06,27.399620015936136,25.364382963453398,29.662469937451114
2010-04-07,27.40333527851336,25.200601939022096,29.70210212850143
2010-04-08,27.392312892098744,25.29873336766329,29.620915969051033
2010-04-09,27.3951343675957,25.32064398118644,29.597648026400588
2010-04-10,27.396192024036225,25.221539670815915,29.57545779815205
2010-04-11,27.393005967374823,25.22753511206329,29.648658992575008
2010-04-12,27.355839489069755,25.234156220307455,29.363269433108275
2010-04-13,27.34052900276214,25.29192699755798,29.53413490829541
2010-04-14,27.33566629867094,25.241192912562806,29.497754782241184
2010-04-15,27.31680243082778,25.070143513780085,29.38586749824076
2010-04-16,27.312660262199635,25.04548550600593,29.53499305930989
2010-04-17,27.307757436956976,25.265434705200786,29.568955163147148
2010-04-18,27.29971944722338,25.24328637484598,29.479088876735272
2010-04-19,27.258891625250687,25.105975435309578,29.354121304259756
2010-04-20,27.241166281677664,25.074341357144032,29.47313878548239
2010-04-21,27.235162855078833,25.11992699515463,29.403603452776697
2010-04-22,27.216430454254045,25.091430853328387,29.242437037984832
2010-04-23,27.21365986339827,24.995027402730457,29.45164970715372
2010-04-24,27.211306801907156,25.097880560741125,29.430369097726512
2010-04-25,27.206906105331445,24.860017942311483,29.34072011057162
2010-04-26,27.170685634225734,25.199016314493477,29.307849567438208
2010-04-27,27.158396084578907,24.883910060948374,29.452915113902122
2010-04-28,27.158494496549448,24.98132748697834,29.465051170210334
2010-04-29,27.146350754826777,24.977915986514684,29.36301086015217
2010-04-30,27.150464045419834,24.907571102849605,29.374575890653283
2010-05-01,27.15509094099979,25.04101103767794,29.27485511146144
2010-05-02,27.157564650732322,24.96633012735688,29.3585353330401
2010-05-03,27.12791410346338,24.885594207489373,29.095771515012018
2010-05-04,27.12169889662213,25.01452538381179,29.358164535206125
2010-05-05,27.127197766763512,24.90504487223169,29.250865226115152
2010-05-06,27.119619738743616,24.90026022224887,29.35220271268487
2010-05-07,27.127324790301703,24.843484119013798,29.21984450522467
2010-05-08,27.13445558804878,24.90151415966687,29.204345761793917
2010-05-09,27.13825972983026,25.054693363248845,29.312738404582646
2010-05-10,27.108711079355132,25.08458353563737,29.214872367731026
2010-05-11,27.101346162809463,25.014668871125405,29.29872698565837
2010-05-12,27.10445324281236,24.76871188752285,29.141886083203275
2010-05-13,27.09328320935778,25.025737257462684,29.244130993996958
2010-05-14,27.096269130863114,24.98098403251205,29.246162133458245
2010-05-15,27.097656051181225,24.893260083078395,29.353461032572948
2010-05-16,27.094820520064356,24.775582777974233,29.284348475379357
2010-05-17,27.057888516673007,24.922153525505866,29.167109367361945
2010-05-18,27.042567828658957,24.690799723560744,29.148751624990215
2010-05-19,27.037332611485805,24.955411156044658,29.126646234105056
2010-05-20,27.0176293903739,24.946941360468042,28.97518889564616
2010-05-21,27.012091480728852,24.813960596037997,29.055141711896653
2010-05-22,27.00516355193653,25.074384570659188,29.218893208927387
2010-05-23,26.994415963453125,24.937905080475065,29.240470235546052
2010-05-24,26.950157672703504,24.677834450800418,28.90593241630038
2010-05-25,26.928263911837497,24.802027744574534,29.03963050295214
2010-05-26,26.917356483416796,24.679258387166996,29.022686603578954
2010-05-27,26.893006050271346,24.622930288929712,29.116853102460933
2010-05-28,26.88394349259373,24.74077231832764,29.057653296987546
2010-05-29,26.874682136098937,24.711404226850902,29.0907615963736
2010-05-30,26.862830538741445,24.81674020158214,28.971885000607962
2010-05-31,26.81870467216814,24.568024193274734,28.894259237905295
2010-06-01,26.798155708811716,24.62160165338248,29.10215372470305
2010-06-02,26.78975125548919,24.654510217913614,28.94423410798301
2010-06-03,26.768979376855746,24.54367976731576,28.97236711028005
2010-06-04,26.764462428242418,24.504840228508698,28.916707180413088
2010-06-05,26.760582428137173,24.612847706737504,28.8694901880218
2010-06-06,26.754797566386777,24.615056014179846,28.856250105997397
2010-06-07,26.71725857770422,24.707995609898106,29.049577601783096
2010-06-08,26.703641072695092,24.59342242081584,28.689507897330717
2010-06-09,26.702331539874685,24.403953168718665,28.875321740703317
2010-06-10,26.68863622955637,24.550953433043624,28.884192683347287
2010-06-11,26.69099980533375,24.604494988687534,28.869506746666104
2010-06-12,26.693635362019975,24.61987258755532,28.929813671095996
2010-06-13,26.693845280798023,24.578391412372685,28.923964377709087
2010-06-14,26.661641535364488,24.526243435044147,28.75682701325612
2010-06-15,26.65258143816555,24.4362970411391,28.794937768979512
2010-06-16,26.65495645254094,24.487001608650015,28.827255985370936
2010-06-17,26.644003211779875,24.461096557635372,28.882323314888687
2010-06-18,26.648123580501167,24.600306935079622,28.91593602157667
2010-06-19,26.65151532770531,24.495619200205375,28.819548867949567
2010-06-20,26.651492874147134,24.50372425556745,28.85992107914458
2010-06-21,26.61810674112954,24.48433786143625,28.732045485635425
2010-06-22,26.606977723951044,24.464979971592154,28.688975473548048
2010-06-23,26.60648346959079,24.09935150264967,28.682294174440045
2010-06-24,26.591966671292713,24.370515840386997,28.851543281050432
2010-06-25,26.59195180278693,24.35529149433489,28.825894573514383
2010-06-26,26.59077206182797,24.39873228397823,28.714033498235693
2010-06-27,26.585886096041246,24.463260236008896,28.614749592166113
2010-06-28,26.547493255274887,24.464998168066348,28.65802197080495
2010-06-29,26.531363514124685,24.22933944750984,28.701057829784
2010-06-30,26.526019864521427,24.27259711357093,28.76681492991149
2010-07-01,26.50694250777514,24.33365100115626,28.748763477285532
2010-07-02,26.502781878698276,24.337497126563168,28.71056276697279
2010-07-03,26.49798227145223,24.207991529334492,28.699114880329432
2010-07-04,26.490095727428777,24.34392625465271,28.72911115090742
2010-07-05,26.44939500169295,24.36440885093257,28.64992246684201
2010-07-06,26.43170180712493,24.326095586883064,28.634242360571555
2010-07-07,26.425568173384214,24.142521764472846,28.71298638224574
2010-07-08,26.40648026828004,24.34401021956433,28.54818759862288
2010-07-09,26.403071713047606,24.10930000885663,28.597337363229208
2010-07-10,26.399748141057856,24.205630522088764,28.482690295137665
2010-07-11,26.394002622014945,24.302600482045637,28.65976754387596
2010-07-12,26.356030713152588,24.233500390558806,28.447710894714586
2010-07-13,26.341561266641726,24.295595861335492,28.519171990975668
2010-07-14,26.339040747765136,24.257867762478902,28.39115359018662
2010-07-15,26.323840318839213,24.285574461537596,28.549672710802312
2010-07-16,26.32447262060876,24.099006378625244,28.440125573574065
2010-07-17,26.32521989674217,24.20059709143444,28.542734507941528
2010-07-18,26.323452978574416,24.202630942529925,28.414704517368396
2010-07-19,26.28924978880722,24.292720929388498,28.63460749185993
2010-07-20,26.27822939568386,24.270972098563387,28.364342901127262
2010-07-21,26.278739282420425,24.03725436566515,28.460539090303904
2010-07-22,26.266065007552772,24.03447231785094,28.38493282894226
2010-07-23,26.26864912124768,23.942421836531263,28.347406047940673
2010-07-24,26.270720930947544,24.034120364162888,28.344434968313475
2010-07-25,26.269616596976135,24.16771961528323,28.459595038323144
2010-07-26,26.235398196859922,24.028839571419255,28.418717110115193
2010-07-27,26.22368778680414,24.051702083513064,28.256350355850145
2010-07-28,26.222854138700843,23.911561496422987,28.244828593047856
2010-07-29,26.208221357891127,23.97155893717702,28.4179505427756
2010-07-30,26.20828629107281,24.02368653936372,28.44325931551956
2010-07-31,26.20734637522808,24.025077147908576,28.445895614914836
2010-08-01,26.202817476861775,24.16248939377761,28.54998574938089
2010-08-02,26.164850437809474,23.94785040301646,28.348178192573407
2010-08-03,26.149162439840932,24.01125180073458,28.296307143149253
2010-08-04,26.14422095378414,23.935999673880286,28.427863951742225
2010-08-05,26.125449566510326,24.09804773320113,28.279748233213603
2010-08-06,26.121442681276047,23.979599473683574,28.36499819388846
2010-08-07,26.116590823709195,23.784282798971415,28.36347142514645
2010-08-08,26.10839617694848,23.989910964974914,28.255269144197594
2010-08-09,26.067087126978638,23.890001987621385,28.35186059604386
2010-08-10,26.048447983819393,24.15530650156892,28.283417915258212
2010-08-11,26.04100168483993,23.85894422942624,28.427323614275696
2010-08-12,26.02021480009872,23.874859747033916,28.29620111679703
2010-08-13,26.014711847126282,23.866800552646115,28.013395196828384
2010-08-14,26.008900644557812,23.999833048382932,28.257967390771224
2010-08-15,26.000288310749706,23.74240550591854,28.191304615929276
2010-08-16,25.959096657328047,23.807227705360578,28.23427232260877
2010-08-17,25.941093099727343,23.83279449381761,28.15992638391342
2010-08-18,25.934774836497134,23.74425087552724,28.08897663448481
2010-08-19,25.915575553837833,23.737097505656674,28.10883988420557
2010-08-20,25.91208159264366,23.627510667520475,27.929180713061637
2010-08-21,25.908659233048095,23.81259630516229,28.108951972254776
2010-08-22,25.90277262650283,23.696629358380775,28.182074081774783
2010-08-23,25.86460105015113,23.705858386406074,27.93444399440196
2010-08-24,25.849871533863993,23.698450216001447,28.03829015286938
2010-08-25,25.847044545976406,23.533020479573334,27.97567322671745
2010-08-26,25.831521936651757,23.723970759526388,27.94448178384455
2010-08-27,25.831864028805345,23.756943747992068,28.011841545733247
2010-08-28,25.832417476070514,23.65830286253528,28.03696424638961
2010-08-29,25.830633395414544,23.655415143212156,28.075276783986244
2010-08-30,25.796684440654847,23.731300689784476,27.977628163699748
2010-08-31,25.78629687301057,23.685836638996708,28.119545751455025
2010-09-01,25.787935334665228,23.679358196578328,28.081846293355536
2010-09-02,25.777009557800383,23.649137956318114,27.907322886555207
2010-09-03,25.78208994512154,23.561687418854863,27.841442817937097
2010-09-04,25.787533698560413,23.658062115524043,27.921229836085942
2010-09-05,25.790801070228557,23.476966526014422,27.89863575364497
2010-09-06,25.762070475457442,23.582259134997916,27.904185708959954
2010-09-07,25.757068602344305,23.577760290487547,27.919653593885148
2010-09-08,25.764253304170822,23.573922468096757,28.117425997767597
2010-09-09,25.75901858695523,23.60810217502194,28.078911240524924
2010-09-10,25.769908704666342,23.709387103418017,27.98709748568648
2010-09-11,25.781243109348296,23.604010199534567,28.045413052736656
2010-09-12,25.790431892380226,23.570788010320822,27.96786337816541
2010-09-13,25.76759050817915,23.74216033116321,28.028345070913335
2010-09-14,25.768369953631048,23.739376872582504,28.018992563916026
2010-09-15,25.781140214295657,23.557194950092615,28.112444421299102
2010-09-16,25.78119629900191,23.633999750430586,27.984368422870954
2010-09-17,25.796973868709866,23.70673024851153,27.898245014225818
2010-09-18,25.81267618404695,23.546349370652006,27.97593375461496
2010-09-19,25.825591969025908,23.686758326811244,27.95461697327079
2010-09-20,25.805712928483036,23.66530576016306,28.054520763997765
2010-09-21,25.808567024993614,23.612164480425896,27.99175052352475
2010-09-22,25.82240524677696,23.606104340549148,28.06212173257405
2010-09-23,25.822411098809923,23.495087258187098,27.81219550798325
2010-09-24,25.83691972625436,23.496944766258977,28.000695847014434
2010-09-25,25.850048293214396,23.866710405152993,28.14389881009505
2010-09-26,25.85901711126024,23.81188922622184,28.08678103233198
2010-09-27,25.833770153558707,23.73123082147349,28.14175924445555
2010-09-28,25.82981096309017,23.633227351549618,28.111386031197473
2010-09-29,25.835391596594025,23.78570586733584,27.95001353136124
2010-09-30,25.825723756804255,23.72413026371576,27.913943835068558
2010-10-01,25.829198955190375,23.743446184046768,28.002969487809754
2010-10-02,25.830019276319742,23.68001211173253,28.014485216240946
2010-10-03,25.82551820318902,23.524987003716344,27.863375274602475
2010-10-04,25.78578012243834,23.517007614380617,27.893848744236138
2010-10-05,25.766474520025277,23.574926762205152,27.831618572085382
2010-10-06,25.756042530428648,23.662554368354844,28.063375290945867
2010-10-07,25.72990503247309,23.389069056546653,27.964891204447262
2010-10-08,25.716679192829112,23.68543785077766,27.878913171323696
2010-10-09,25.700805104138997,23.528906874885283,27.801605669042452
2010-10-10,25.67986206812124,23.534214484627853,27.854745061839644
2010-10-11,25.624183246473947,23.351276172431586,27.74250284665144
2010-10-12,25.58968480429591,23.603205862852874,27.870507659293885
2010-10-13,25.565047330493343,23.337084204926764,27.792075660272683
2010-10-14,25.5259188536931,23.368585957977682,27.663598437727565
2010-10-15,25.501126480824855,23.356989169346583,27.731847836900435
2010-10-16,25.47529842868421,23.381154476702797,27.623113530154935
2010-10-17,25.446176116084732,23.33828246363354,27.668223724425467
2010-10-18,25.384225147338196,23.187202165350055,27.436051365402054
2010-10-19,25.345461407373918,23.065081632667656,27.57010384459358
2010-10-20,25.318630133561225,23.059729892037947,27.50595100382322
2010-10-21,25.279407346081474,23.143409470410536,27.430223768232153
2010-10-22,25.256610708259043,23.12577504779387,27.420462533173996
2010-10-23,25.234821611041614,23.080625317754826,27.370671236741916
2010-10-24,25.21169815200838,22.959445851290823,27.329630693812152
2010-10-25,25.15758782115401,23.039622464606516,27.287235219941238
2010-10-26,25.128356074430023,22.958897267678175,27.440071478296147
2010-10-27,25.11256860094348,22.910879749659543,27.295356103631466
2010-10-28,25.085696588204243,22.92600688877567,27.379444554205936
2010-10-29,25.076331963140355,22.833089384275496,27.2962837406602
2010-10-30,25.068814295642984,22.960939116810867,27.09308596517743
2010-10-31,25.06054891672766,22.851885983490195,27.245678119388327
2010-11-01,25.021624937580004,22.875242393033325,27.050783853199462
2010-11-02,25.00764922017804,22.71157022876974,27.143813563421002
2010-11-03,25.006933974280056,22.79071060202463,27.20672490567302
2010-11-04,24.994707156750778,22.754329908494956,27.273128401174173
2010-11-05,24.999332528628663,22.65155775351702,27.136464306811916
2010-11-06,25.0049409437269,22.691123624026893,27.22204396825929
2010-11-07,25.00875232019881,22.85435232634219,26.99116723076423
2010-11-08,24.980696895601014,22.74545798819693,27.133458152209148
2010-11-09,24.97625174751948,22.851086540136947,27.103188977899773
2010-11-10,24.983630204722576,22.68821437188356,27.147787010794605
2010-11-11,24.977993294953162,22.627470875716863,27.234966406449058
2010-11-12,24.987670075460525,22.670758110264263,27.132953864079834
2010-11-13,24.996788431343568,22.88608899405981,27.067981104128545
2010-11-14,25.002595824432788,22.987341482361824,27.062416851405033
2010-11-15,24.97507864344715,22.54825248680645,27.121872548039175
2010-11-16,24.969796204958236,22.598341930731536,27.157140495872497
2010-11-17,24.975067112752168,22.850489988887187,27.179719460133242
2010-11-18,24.966177216961018,22.793783749511682,27.22248081412301
2010-11-19,24.971596124114566,22.7873032881885,27.094352290195776
2010-11-20,24.975603954913897,22.803599659384737,26.950367409864434
2010-11-21,24.97560794761195,22.814615431266123,27.215778557701167
2010-11-22,24.94175767299811,22.851297526694296,27.20124621974776
2010-11-23,24.929775022598843,22.64709239118571,26.99652530671184
2010-11-24,24.928136783424115,22.725851384003718,26.955775793921664
2010-11-25,24.912279137099965,22.824605071428383,27.219181547904647
2010-11-26,24.910811119100572,22.84486111581023,27.15242597243577
2010-11-27,24.908138805291454,22.500287993491924,27.07967546165555
2010-11-28,24.90177987811978,22.722287837419334,26.9828523649404
2010-11-29,24.861977375625074,22.761902951452942,27.055462659125613
2010-11-30,24.84452880399996,22.790251496803883,27.05861528324947
2010-12-01,24.8379684278488,22.56683646917517,26.96445781174572
2010-12-02,24.817772058816534,22.555003536509492,26.96169647326032
2010-12-03,24.81257134399027,22.599627201391606,26.991214406512317
2010-12-04,24.806779271189676,22.57850055240642,26.975435707203296
2010-12-05,24.797906479412607,22.630164445438215,26.963370470678186
2010-12-06,24.75617710178932,22.47874680775155,26.91541829946082
2010-12-07,24.737360236755453,22.582898516532108,26.841702715657
2010-12-08,24.72995477018365,22.587283934851932,26.85294254261095
2010-12-09,24.709396774322453,22.66413968051481,26.943343713375317
2010-12-10,24.704276389760754,22.620405346231625,26.796825545639827
2010-12-11,24.69896581501851,22.44831889808838,26.836642347285117
2010-12-12,24.690937905114236,22.498657791551807,26.8771722766487
2010-12-13,24.650384027864437,22.468160525360844,26.703844264569348
2010-12-14,24.6330472057927,22.601361210212872,26.575995614549193
2010-12-15,24.627408211405,22.467805725374742,26.811828077950626
2010-12-16,24.608893801220123,22.516852058061673,26.72022738930751
2010-12-17,24.6060939700317,22.510705105765897,26.692786339300042
2010-12-18,24.603389841683605,22.44482710289512,26.946552670840234
2010-12-19,24.598271705979247,22.55140402791601,26.818893223060282
2010-12-20,24.560955874991105,22.242587237108413,26.787425900547007
2010-12-21,24.547216426527505,22.373184171731186,26.683744698115095
2010-12-22,24.545569556404867,22.412506904049884,26.75069239690842
2010-12-23,24.531479791014178,22.419940605537928,26.79366923989069
2010-12-24,24.533575017780077,22.510033604921386,26.604539946652775
2010-12-25,24.536272033422556,22.33174174145449,26.768032221866083
2010-12-26,24.53709220802714,22.291288187695482,26.668680882232653
2010-12-27,24.506276028422946,22.311867767380733,26.74489886922059
2010-12-28,24.49961267773015,22.204706097381614,26.56937590841714
2010-12-29,24.505622457755102,22.396730870201733,26.71052302858128
2010-12-30,24.499761383846945,22.414115409413633,26.710757033338965
2010-12-31,24.510634978411115,22.27073860139374,26.598294494378855
2011-01-01,24.5226230197281,22.285876491317545,26.66849129302641
2011-01-02,24.53319488699212,22.339028976435785,26.74983656629353
2011-01-03,24.512524292602276,22.240981396989216,26.647883302416254
2011-01-04,24.516319569660745,22.37945631260264,26.719173831135954
2011-01-05,24.533007315448735,22.443399359894382,26.67743044043783
2011-01-06,24.537938697558776,22.42022176470957,26.78298546286413
2011-01-07,24.55960540942725,22.537701772776927,26.790929855803487
2011-01-08,24.58226697697453,22.28876168522125,26.708826285640782
2011-01-09,24.603268988361805,22.40134641413771,26.689203321216908
2011-01-10,24.592660957002526,22.43817246425591,26.74105173135254
2011-01-11,24.60602989526381,22.315079723498876,26.699249779764877
2011-01-12,24.63168730217236,22.435990726285112,26.68883278258908
2011-01-13,24.644878770344093,22.613053223204922,26.97401761140691
2011-01-14,24.674003096503167,22.43442707350255,26.777778217440773
2011-01-15,24.703242497146075,22.466917658744926,26.872574353803504
2011-01-16,24.729883406551295,22.623617892311017,26.793173468199956
2011-01-17,24.72393648079052,22.670083313409357,27.044333817886688
2011-01-18,24.7409718097843,22.53295864767377,26.733669688930565
2011-01-19,24.76930697887548,22.54034703563908,26.982428604374714
2011-01-20,24.78421713892376,22.504916870467138,27.054963296219054
2011-01-21,24.814153940323962,22.541218309948803,26.89313040309765
2011-01-22,24.843374921922035,22.658060923996974,26.999259838325937
2011-01-23,24.869262840413512,22.747745376115926,26.92232656783776
2011-01-24,24.86194359125914,22.725763004259818,26.90416610323059
2011-01-25,24.877118768990016,22.71393527478664,27.050559232060007
2011-01-26,24.903250571563916,22.71156588514703,27.006842805305602
2011-01-27,24.915768286693204,22.729021836801987,27.09275014843439
2011-01-28,24.94328330809244,22.814399482554848,27.051233579535435
2011-01-29,24.97021437625664,22.66557119805968,27.071831184999997
2011-01-30,24.99872216114202,22.89648920134029,27.122394271414347
2011-01-31,24.994464354975342,22.903683960367857,27.108505116054875
2011-02-01,25.013282641094236,22.804215492412343,27.248947920413556
2011-02-02,25.043764160979766,22.862706838615246,27.316713037879513
2011-02-03,25.061444428925498,22.89545273091102,27.26764257623941
2011-02-04,25.095019225779684,22.897090932948416,27.248389539509017
2011-02-05,25.128967258353608,22.945586364809873,27.25739394624152
2011-02-06,25.16086325969774,22.862193929552976,27.26850677764133
2011-02-07,25.16099035936602,22.781291840683192,27.30305172118173
2011-02-08,25.185167932855244,23.18081491673664,27.341950799680067
2011-02-09,25.221932774611616,22.970195956850006,27.27999534169085
2011-02-10,25.246742946457548,23.068286494803946,27.344047350525198
2011-02-11,25.288191333996675,23.101817717431153,27.430437938646236
2011-02-12,25.33063065820927,23.073427357882625,27.50662808917352
2011-02-13,25.371489558465317,23.315821067201828,27.51485502334158
2011-02-14,25.38088849904659,23.18349463119335,27.490615177848692
2011-02-15,25.41447161535125,23.4389053407696,27.634696150850893
2011-02-16,25.460592237718988,23.073083162640145,27.452783876950864
2011-02-17,25.49452132777699,23.22136644932859,27.643257168119998
2011-02-18,25.544665735679995,23.37182549229976,27.629734530590667
2011-02-19,25.59519789752544,23.462461777364215,27.818190610982274
2011-02-20,25.64337646110982,23.37546993553274,27.717256743693724
2011-02-21,25.65916646756374,23.49532848762161,27.832192618112074
2011-02-22,25.698075087541554,23.72638460077907,27.717990069969552
2011-02-23,25.748340542836686,23.61158767656454,27.988884259660225
2011-02-24,25.78514335475739,23.553405461394703,27.92538885508368
2011-02-25,25.836826750289084,23.63036690870603,28.21587206060825
2011-02-26,25.887527786441243,23.88622824497301,28.101727841340566
2011-02-27,25.93449864225836,23.776942676621612,28.031532604636514
2011-02-28,25.947726688697756,23.852127648594635,28.14147104276251
2011-03-01,25.98276933961616,23.79286472945199,27.940443401272244
2011-03-02,26.027941341120492,23.87097519344401,28.141805047436595
2011-03-03,26.058523688116,23.899762872650207,28.3601309591619
2011-03-04,26.10298106637305,23.99152606143831,28.2628191608828
2011-03-05,26.145589465712433,23.940391305339375,28.382175012926766
2011-03-06,26.183753514494114,23.950410252510167,28.5202622165919
2011-03-07,26.187622258955813,24.03641116317417,28.475138285863896
2011-03-08,26.212919513396837,24.030538549830144,28.281798748168985
2011-03-09,26.24812656711707,24.08062366048074,28.591629529915775
2011-03-10,26.26868656781344,24.05692055152012,28.607122779054446
2011-03-11,26.30321760907837,24.160492291947065,28.455943299431972
2011-03-12,26.33613629166107,24.00513407480126,28.337191171315915
2011-03-13,26.364971423891987,24.261632913007105,28.6939591713811
2011-03-14,26.3599766878638,24.119614242487856,28.741686252275795
2011-03-15,26.376958485255813,24.18065001286932,28.49424441513791
2011-03-16,26.40445681889833,24.33136783017791,28.590536986976733
2011-03-17,26.417948580214578,24.345902603294963,28.748207756784147
2011-03-18,26.44606029939256,24.22702883872986,28.594565700091955
2011-03-19,26.47319213506252,24.332260157854982,28.65263698937535
2011-03-20,26.496832753672212,24.243150674090053,28.698919281025095
2011-03-21,26.487173888036676,24.350740989454394,28.681931774112442
2011-03-22,26.499940730985678,24.26104350492555,28.447687361988873
2011-03-23,26.523575943035553,24.40846756657508,28.811393728518468
2011-03-24,26.533446550082044,24.366252905539064,28.607219315700366
2011-03-25,26.558060679551534,24.37575599277198,28.782385123868416
2011-03-26,26.581695792239366,24.45793666389442,28.825497687665038
2011-03-27,26.601717932801307,24.456344067012903,28.85293523760326
2011-03-28,26.588200657165668,24.508569236688487,28.709385096309745
2011-03-29,26.59675966140256,24.37631302490166,28.82885884649579
2011-03-30,26.61574076324641,24.58379544338713,28.769704241713395
2011-03-31,26.620430391915743,24.40029851038412,28.787309674651535
2011-04-01,26.639275425219736,24.499036701979872,28.890338825582624
2011-04-02,26.656513935851606,24.48801577904183,28.87855057616224
2011-04-03,26.66949629143673,24.550594624442564,28.919567923664047
2011-04-04,26.648305207468027,24.50289550772588,28.93790911044025
2011-04-05,26.648590739568924,24.349539291547913,28.81763760103709
2011-04-06,26.65875785039794,24.534605090593573,28.815707908091436
2011-04-07,26.65417571370181,24.466759847329396,28.663443845061643
2011-04-08,26.663395623996273,24.577195093277737,28.88188329360125
2011-04-09,26.67077912510744,24.383240763270077,29.138107616654892
2011-04-10,26.67381587391392,24.583816856887236,28.88536680387528
2011-04-11,26.64273992862626,24.600042633923096,28.794382463872616
2011-04-12,26.63336055413854,24.52019255581065,28.683212077350817
2011-04-13,26.634245298746762,24.46444190266358,28.767424509299847
2011-04-14,26.62092463321803,24.33126551146509,28.671530782548903
2011-04-15,26.622105155000625,24.63539757589987,28.94407090250445
2011-04-16,26.62229310709654,24.525956641649564,28.868817410469706
2011-04-17,26.61910786230076,24.416626577912627,28.83848747797228
2011-04-18,26.582894190703474,24.412917987277684,28.58136517651301
2011-04-19,26.569549522039093,24.574910781992987,28.79643946572188
2011-04-20,26.567704063261626,24.551698051734732,28.688847746541555
2011-04-21,26.55292315236636,24.553319692230687,28.776356902434777
2011-04-22,26.553918922593898,24.26624836290753,28.664026724636336
2011-04-23,26.555173077093258,24.373342792444316,28.753294966397476
2011-04-24,26.554250452985443,24.43325238162781,28.613520724666465
2011-04-25,26.521412197764583,24.269556431127878,28.576822549185753
2011-04-26,26.512444751233936,24.21900799062015,28.78008189828517
2011-04-27,26.515842451985815,24.44999921367373,28.639274477339086
2011-04-28,26.507013086188348,24.386246097733906,28.65768740378479
2011-04-29,26.514493369389598,24.35786780400076,28.482398250254427
2011-04-30,26.52257606012368,24.51008472429577,28.626861264630158
2011-05-01,26.52862826790628,24.341262227918886,28.707708983293795
2011-05-02,26.502709650384663,24.267155565567446,28.756288755079016
2011-05-03,26.500406556426917,24.20330698237603,28.76649193373443
2011-05-04,26.51001979333026,24.369518198548487,28.711805112589893
2011-05-05,26.506775194602586,24.406809919167596,28.55939066003883
2011-05-06,26.519043841219844,24.348210984308146,28.566312987803773
2011-05-07,26.53097350469097,24.46911104155333,28.622618436664713
2011-05-08,26.53981075509651,24.237506227580376,28.79831295327608
2011-05-09,26.51552232382267,24.408355040386255,28.747970852926702
2011-05-10,26.513631690068074,24.190284358127926,28.642904366008462
2011-05-11,26.522408501385083,24.523057253850187,28.837408569120374
2011-05-12,26.51707995849618,24.362554505605353,28.63466006109256
2011-05-13,26.526050994061627,24.337267898267974,28.717251206275247
2011-05-14,26.533534814146197,24.429292775399023,28.773321112949407
2011-05-15,26.536873269582504,24.39908889670265,28.909347361802237
2011-05-16,26.506155693924114,24.306159393232225,28.762418363100757
2011-05-17,26.49705224564191,24.464353373364133,28.649786405172428
2011-05-18,26.497999453085182,24.56345425096737,28.61866234425929
2011-05-19,26.48440719790048,24.267685119505547,28.591638501865514
2011-05-20,26.484874086277298,24.3448456753145,28.716231015929374
2011-05-21,26.483812907346998,24.44398932203576,28.825560045646707
2011-05-22,26.47876578374558,24.123564614306957,28.60254068464091
2011-05-23,26.440017792238304,24.25554608840637,28.56771785372083
2011-05-24,26.423425232726974,24.365981709889365,28.65842722244515
2011-05-25,26.41759638038922,24.255066899405485,28.589648037935174
2011-05-26,26.398094084664482,24.298973440571633,28.59425328009054
2011-05-27,26.393647280751413,24.221183317354562,28.687642130820755
2011-05-28,26.388773214329607,24.31169894924298,28.614967715830332
2011-05-29,26.381090068244916,24.185170511085616,28.5351683215951
2011-05-30,26.340928832882536,23.96497292522175,28.522866102694113
2011-05-31,26.324160640797817,24.28047060512466,28.451146653280315
2011-06-01,26.31937741996086,24.061688200944022,28.37955111245342
2011-06-02,26.302095225876805,23.99047590346126,28.53789466612997
2011-06-03,26.30096729195605,24.22957983166202,28.549214372009228
2011-06-04,26.300408550590877,24.11613076173849,28.407743128494904
2011-06-05,26.297911244932674,23.972837971976332,28.427159721675597
2011-06-06,26.263660385908466,24.220433573419047,28.34871205082202
2011-06-07,26.253365171975354,24.087208754061173,28.46593381801822
2011-06-08,26.25544410999141,23.941716792865524,28.327559631163496
2011-06-09,26.24523307191735,24.046003326441937,28.40549980112417
2011-06-10,26.251203195174593,24.015297173331945,28.47675194761513
2011-06-11,26.257590245288842,24.17719933451493,28.425415217498333
2011-06-12,26.261714928470134,24.066908883732662,28.48181151857389
2011-06-13,26.23360278148997,24.070308175268575,28.269356077546128
2011-06-14,26.228819637863513,23.995498241458705,28.46407284633042
2011-06-15,26.235660302151466,23.9776323211607,28.444672214081756
2011-06-16,26.22935957534011,24.053777607495586,28.481643550334216
2011-06-17,26.23831246461239,24.103958365066866,28.275536998910827
2011-06-18,26.246705140802185,24.177330868503013,28.382336187657987
2011-06-19,26.25183609638395,23.95155899590528,28.384338296340008
2011-06-20,26.22373611787795,24.105244848439206,28.552370701658614
2011-06-21,26.2180030796721,24.10780820050863,28.284011148322485
2011-06-22,26.22298922009631,24.00756712604067,28.431973824186567
2011-06-23,26.21401009170686,24.139412586094316,28.46421029383127
2011-06-24,26.219562086472195,24.11383067731662,28.507672174316767
2011-06-25,26.22395018279315,24.12998053510364,28.428703996174097
2011-06-26,26.224605464560067,23.877269485973276,28.267401580219644
2011-06-27,26.191701134263162,24.127062259770955,28.324097694765914
2011-06-28,26.180983142881892,23.890627916565162,28.357519002227225
2011-06-29,26.1809532173141,24.071109062862597,28.492910447301334
2011-06-30,26.16707359796513,23.802628958567634,28.198424708720434
2011-07-01,26.167980505131037,24.035929073326248,28.342808048487175
2011-07-02,26.168108093001326,24.018540964027366,28.289926563875273
2011-07-03,26.16500254419945,23.883109559442946,28.502616200871344
2011-07-04,26.128935117594008,23.935385452152985,28.240110657252803
2011-07-05,26.115730348379206,23.84779133363456,28.346546898520952
2011-07-06,26.11394724101739,23.944871476112244,28.175575881821942
2011-07-07,26.09908280955801,23.899175541945876,28.264561121841698
2011-07-08,26.099785006960754,23.981314412934598,28.181995480726922
2011-07-09,26.100476805949597,23.999723433738417,28.17927023347592
2011-07-10,26.09867106888637,24.001470442575403,28.234295909372875
2011-07-11,26.064584985566473,23.685491169082393,28.25945646192489
2011-07-12,26.053970226951733,23.957913170416255,28.353282705437124
2011-07-13,26.05529658904039,24.057232973480918,28.369435396327923
2011-07-14,26.043958401746487,23.899619463878405,28.263501443470513
2011-07-15,26.048490654064345,23.819993398925927,28.18759916044859
2011-07-16,26.053196499781606,23.780373302856827,28.360110524757417
2011-07-17,26.05546567807094,23.905648387694985,28.23688704986138
2011-07-18,26.02539252291335,23.842046126014473,28.398711899544477
2011-07-19,26.018609605753838,23.844819068889226,28.1291153621727
2011-07-20,26.023474686343953,23.9404775527219,28.220810657017225
2011-07-21,26.015280154640294,23.824338094840105,28.179924377248593
2011-07-22,26.02247183288085,23.978536324364306,28.148125169483535
2011-07-23,26.029278732080254,23.897265518415765,28.382431766379216
2011-07-24,26.033033241269,23.73792063515661,28.141531880502964
2011-07-25,26.003790382878712,24.1625949752429,28.239238195336238
2011-07-26,25.99716215452741,23.79550002411454,28.231495755571455
2011-07-27,26.00150462486175,23.78221622397454,28.217232785983438
2011-07-28,25.992126975799202,23.886378526117106,27.942710985593646
2011-07-29,25.997509385955393,23.85212319163425,28.202616484970257
2011-07-30,26.00193139028242,23.946113183741485,28.159318721202588
2011-07-31,26.002790248630376,23.891033291243204,28.14875425714685
2011-08-01,25.970218022715226,23.523739810003395,28.206198314556726
2011-08-02,25.959913457272005,23.58472529231642,28.11436082529774
2011-08-03,25.96032641551675,23.773791772767556,27.98928748341176
2011-08-04,25.946864147979007,23.78357740338084,28.015181216010127
2011-08-05,25.94810637767753,23.756300829305584,28.026062740396302
2011-08-06,25.948430923529262,23.784252906300587,28.221503170801757
2011-08-07,25.945329477534507,23.79381542820596,28.038031101947254
2011-08-08,25.9090223114572,23.80102806904713,28.021925601635257
2011-08-09,25.895288076117176,23.761346820977785,28.13299587564358
2011-08-10,25.892646499845632,23.737451258282086,28.041160625692466
2011-08-11,25.876563309056518,23.778038426056817,28.077932387963813
2011-08-12,25.875664384039357,23.638840065228,27.93074422513119
2011-08-13,25.874360887481235,23.71517739976391,28.059042477143713
2011-08-14,25.87016498206931,23.66450758429515,27.943457989452988
2011-08-15,25.83330489908741,23.559717425069366,28.018071150099523
2011-08-16,25.819555493360628,23.467481977876783,28.052975483850144
2011-08-17,25.817422050492087,23.74710617292873,27.967028434997292
2011-08-18,25.802346617398165,23.544062970880134,28.216197008733175
2011-08-19,25.802923807851876,23.70352595906223,28.104481450111535
2011-08-20,25.80352775185107,23.794150889820294,27.983690962841287
2011-08-21,25.80162973158389,23.732881239682857,27.930635078994154
2011-08-22,25.767415189979484,23.575374830677454,28.033082784294365
2011-08-23,25.756616171537683,23.718480217918295,28.000783519947746
2011-08-24,25.757696888580718,23.399636441913636,28.038301917029614
2011-08-25,25.746061616486152,23.607694967418205,27.98536860992864
2011-08-26,25.750271809826064,23.57601135863842,27.979248908070115
2011-08-27,25.754674058169265,23.634740656248198,27.97581026298812
2011-08-28,25.756718385713427,23.53005651182394,27.992612738228686
2011-08-29,25.72657555494503,23.592862716565453,28.089676733387392
2011-08-30,25.71996942197881,23.595591058554835,27.953033749776765
2011-08-31,25.72536203891019,23.46929108841947,27.825709752955305
2011-09-01,25.71816072317018,23.524746060352236,27.769458560013156
2011-09-02,25.726934016020284,23.49435536888784,27.793585969364305
2011-09-03,25.736038192017396,23.484522370289447,27.881528768236027
2011-09-04,25.742933878194407,23.535860316138333,28.049749766665805
2011-09-05,25.717801507496926,23.61991673460244,27.80339671918141
2011-09-06,25.716371726152154,23.464224952810397,27.883469587219327
2011-09-07,25.72710852764742,23.555019297265922,28.03016402305736
2011-09-08,25.7254144134246,23.611447276804405,27.872290773223995
2011-09-09,25.73984458263162,23.746643363991975,27.939646111577705
2011-09-10,25.75473189034061,23.52348001107726,27.86071178950801
2011-09-11,25.767502205272056,23.73805299054994,28.01161014823432
2011-09-12,25.748288956038213,23.520104270889952,28.02693062738407
2011-09-13,25.75276303991975,23.504391494379487,28.028010668840594
2011-09-14,25.76931590903262,23.695905227570094,27.97066357067069
2011-09-15,25.77326516234304,23.514168892159088,28.00050724705759
2011-09-16,25.793069659138713,23.635165254170445,27.916020152984107
2011-09-17,25.81295589075466,23.726510416374065,28.118554024277127
2011-09-18,25.83023522278757,23.754472191852155,28.07821802903856
2011-09-19,25.8149207620076,23.685055419407302,27.82554855369312
2011-09-20,25.82255997187017,23.69959879659717,28.015469842420387
2011-09-21,25.84142078725205,23.598539108993993,28.10387457227998
2011-09-22,25.846700480147696,23.756717811984487,28.027304360599594
2011-09-23,25.866744204784,23.687230806497197,28.0734189936178
2011-09-24,25.885674863773932,23.641943516951788,28.15009395974404
2011-09-25,25.900713807036407,23.704785412488416,28.13312234097285
2011-09-26,25.881801014758643,23.640207408369523,27.951158651230482
2011-09-27,25.88443078597283,23.71716988659668,28.12936842240948
2011-09-28,25.896840584705185,23.742159711984083,27.977584315033642
2011-09-29,25.894222203441412,23.670260465227994,28.002931493959
2011-09-30,25.904942089903166,23.70855430637305,28.10315115122015
2011-10-01,25.91317240845274,23.855510984007697,28.069305301906226
2011-10-02,25.91621229201896,23.59761965518883,27.908851053393104
2011-10-03,25.884107896380648,23.707995289657717,28.050869039321878
2011-10-04,25.872487256814637,23.66129096328865,28.17019080359876
2011-10-05,25.869747596354582,23.715982082978478,28.08433450893356
2011-10-06,25.851264262001923,23.500366630293318,27.959972517202907
2011-10-07,25.845608170689076,23.791008323448217,28.133370144209547
2011-10-08,25.837173390677822,23.73721134461612,28.063667916315527
2011-10-09,25.823494386023075,23.719264909088906,27.991513026030105
2011-10-10,25.774861623346432,23.374985570535767,27.787085361706843
2011-10-11,25.747151641845118,23.556127902508692,27.916345328766113
2011-10-12,25.729009347632488,23.602132802198263,28.115110242255852
2011-10-13,25.69605182862874,23.545026172863434,27.88723312845783
2011-10-14,25.67708069653807,23.50603976450601,27.77731360858806
2011-10-15,25.656704707849485,23.55179058470781,27.729350368998354
2011-10-16,25.6326523158612,23.463392188406004,27.692681813117897
2011-10-17,25.57538297206437,23.40154247145961,27.677580198433134
2011-10-18,25.540913388354262,23.283173375010147,27.742736888233043
2011-10-19,25.517996620105283,23.258314396661024,27.66963984624532
2011-10-20,25.482323350901822,23.20158199527464,27.761530917271696
2011-10-21,25.462732453293597,23.344967774970595,27.692610651780388
2011-10-22,25.4438326266723,23.19829952683471,27.52923981114966
2011-10-23,25.42331479332862,23.352475953528586,27.719200679307832
2011-10-24,25.371564079113966,23.106923106288495,27.504555155016842
2011-10-25,25.344487576979095,23.064860975582825,27.545638656605526
2011-10-26,25.33069571923566,23.072526062904313,27.464767156074874
2011-10-27,25.305706585003588,23.2313267154392,27.60693515502899
2011-10-28,25.298160144154917,23.077781898640485,27.47533327077473
2011-10-29,25.2924441490044,23.225478308582545,27.518489872285862
2011-10-30,25.286011250553585,23.05899473681513,27.41988072099594
2011-10-31,25.24899604985028,23.077669563157922,27.37623194246469
2011-11-01,25.237048158367635,23.05551735517845,27.370937615027508
2011-11-02,25.23851896371076,23.1771146135191,27.489995179074022
2011-11-03,25.228671295880716,23.023283991663533,27.389970149148827
2011-11-04,25.23589886598751,22.99785696793547,27.097174604428425
2011-11-05,25.244357064507522,22.933873452506887,27.309858652124813
2011-11-06,25.251284580298904,22.905060519207492,27.28833121117448
2011-11-07,25.22662444693888,23.017762395273653,27.426835485157888
2011-11-08,25.225860500601783,23.202376741867965,27.397339215349625
2011-11-09,25.237206872702924,23.051951291988306,27.401298233481487
2011-11-10,25.235819657881112,22.916895924804763,27.55291372930505
2011-11-11,25.250017594282077,22.84436901675684,27.581672185373616
2011-11-12,25.263913328772567,23.277910010548446,27.42584028275295
2011-11-13,25.27473473446151,23.194684878632845,27.491042297086832
2011-11-14,25.252444913468,23.03028678914187,27.37804307928782
2011-11-15,25.2525769147655,23.07996040335501,27.369383575322036
2011-11-16,25.26342085365877,23.18423425181942,27.47078502755341
2011-11-17,25.26023265252356,23.078275172242776,27.315860284064275
2011-11-18,25.271451332129562,23.039818076607276,27.459039014854085
2011-11-19,25.28132652906088,23.219553837328302,27.60461702060014
2011-11-20,25.28723581697062,23.250582488453777,27.456698191618447
2011-11-21,25.25930057922247,23.035433777925213,27.467289676540602
2011-11-22,25.253216578293227,23.096486141161616,27.578284766344016
2011-11-23,25.257437021670707,22.969465471607904,27.46822385364241
2011-11-24,25.247377451487914,22.996977515422678,27.41509286019383
2011-11-25,25.251629486258295,23.145890281496783,27.466762468019574
2011-11-26,25.254585177993103,23.034125737517627,27.447290215768827
2011-11-27,25.253751636574304,22.99232222861614,27.302438376399095
2011-11-28,25.219364727517995,23.048411243568378,27.49409849124762
2011-11-29,25.20721803009251,23.042214402311547,27.64817997809192
2011-11-30,25.205844879203564,23.091530834281876,27.432115173417163
2011-12-01,25.19072282366888,23.108566040587508,27.290648352957422
2011-12-02,25.19048751652051,22.948323802912693,27.443945292465816
2011-12-03,25.189557770481066,22.929348386291487,27.26239702705665
2011-12-04,25.18545138418499,23.045691317262957,27.521611900713015
2011-12-05,25.1484004845106,22.900482582191007,27.198899255978244
2011-12-06,25.134182498877426,23.01967032015416,27.452163399304144
2011-12-07,25.131304497946,22.864337921421306,27.348391915848527
2011-12-08,25.11521015125865,23.094268626888997,27.48964063356172
2011-12-09,25.11449621720449,22.884401048041354,27.24310534175832
2011-12-10,25.11354020507369,22.864719101284763,27.316562276519512
2011-12-11,25.109818721310223,22.897096948691708,27.322299407909014
2011-12-12,25.073525156748453,22.81795821289384,27.356630832924004
2011-12-13,25.06040274776817,23.027111134289385,27.204197020642738
2011-12-14,25.05893068107084,22.709746307379273,27.267454738511304
2011-12-15,25.044532426247613,22.812953245161292,27.24776974092732
2011-12-16,25.04579317329777,22.89423108599259,27.138280405525215
2011-12-17,25.047087984108018,22.766707539017265,27.17754790131774
2011-12-18,25.045900157538245,22.928473246266282,27.17895545549705
2011-12-19,25.012438469036532,22.927459253553405,27.135975061217568
2011-12-20,25.0024693382291,22.819270246330564,27.142496789215844
2011-12-21,25.004501630335167,22.79585661542591,27.177729771100367
2011-12-22,24.993993326116954,22.823324038248753,27.070940022162716
2011-12-23,24.999567000763932,22.710865274302712,27.26198255915494
2011-12-24,25.005635794561613,22.93748461870817,27.181861667423796
2011-12-25,25.009719456992187,22.801230720445606,27.153491223980435
2011-12-26,24.982059212653645,22.861838937373847,27.32632524883072
2011-12-27,24.97844759249331,22.882017195610008,27.17676611577713
2011-12-28,24.98741102586952,22.740957766534997,27.388150005315303
2011-12-29,24.984414514473517,22.824306475803795,27.079500397875666
2011-12-30,24.99807540861676,22.805421184552806,27.064385235468688
2011-12-31,25.01278803994318,22.84827845138492,27.035782363170206
2012-01-01,25.026038852119417,22.878896629001655,27.14268670690331
2012-01-02,25.008020824414874,22.834566218613638,27.05680619228294
2012-01-03,25.014463363166794,22.82258730552166,27.1890577869575
2012-01-04,25.033815471918295,22.921112097169978,27.24589009365563
2012-01-05,25.041451519628577,22.801295137917887,27.081003111589755
2012-01-06,25.06588660875365,22.964305321621353,27.13002076277865
2012-01-07,25.09140326186058,22.93813244742641,27.347568149071147
2012-01-08,25.115369017132466,22.81619324040958,27.244686131665443
2012-01-09,25.107853662096435,22.980781597699337,27.386565134965785
2012-01-10,25.12446220246214,22.92147710247254,27.257551194557337
2012-01-11,25.153521288506376,22.948905462511348,27.14040633316028
2012-01-12,25.170288322413537,23.038784406081888,27.400940361302695
2012-01-13,25.203170147628118,23.051043079656893,27.349955906423503
2012-01-14,25.236352936437772,23.021676501762265,27.40312732511108
2012-01-15,25.26712276514233,23.015000833383855,27.53058624227717
2012-01-16,25.265485509709787,23.048118697355005,27.408536706599964
2012-01-17,25.287002069973333,23.099653142476416,27.53667353199999
2012-01-18,25.31997656639753,23.09335713156225,27.397191752401127
2012-01-19,25.3396666673826,23.193366072108,27.59372481076283
2012-01-20,25.374502897869625,23.292112826201663,27.472848980984192
2012-01-21,25.4087185120639,23.316667026955958,27.77326641504565
2012-01-22,25.439669404377607,23.19124268233179,27.56136693852229
2012-01-23,25.4374526951099,23.276030631559152,27.561879834380555
2012-01-24,25.457740021579834,23.30439271056468,27.599592496558646
2012-01-25,25.48896322003583,23.302147866908523,27.819636893152175
2012-01-26,25.506521615293124,23.383879812076117,27.708436330324318
2012-01-27,25.5389978440254,23.342505901152222,27.769362573905585
2012-01-28,25.570783883889316,23.37502831205494,27.563619847464707
2012-01-29,25.599396863703628,23.452400566892592,27.723571651169454
2012-01-30,25.595093401283183,23.21980948520777,27.83727087648553
2012-01-31,25.613698615584166,23.25246271538127,27.83177925331873
2012-02-01,25.643787616990192,23.577527570929664,27.918688341107934
2012-02-02,25.660888810351707,23.40030017040815,27.841485349907874
2012-02-03,25.69369605010955,23.67061479372409,27.81421104380961
2012-02-04,25.72669142550474,23.545313749251054,27.88475773084324
2012-02-05,25.757458346214435,23.79170342062208,28.012462309405166
2012-02-06,25.756293756575275,23.71214780995776,27.822176048837754
2012-02-07,25.77903569058276,23.408430151845543,27.842972820745036
2012-02-08,25.814244018968406,23.632716254038815,27.850923779512463
2012-02-09,25.83740375085346,23.660158202221897,28.090515234570404
2012-02-10,25.877137936647607,23.73955328365007,28.066122561166942
2012-02-11,25.91783193659584,23.77857109808429,28.012633710853063
2012-02-12,25.9569486910062,23.83558158789588,28.21063220984584
2012-02-13,25.96464376612012,23.7564358399375,28.12528375596196
2012-02-14,25.996596315124787,23.72420086517153,28.08804959136906
2012-02-15,26.041193716371904,23.827416642589384,28.198746745125057
2012-02-16,26.07373914794365,23.95071759764043,28.199298423339258
2012-02-17,26.122669030614006,24.016991574388463,28.24201975622757
2012-02-18,26.17218198091001,24.050430272373795,28.345835589895742
2012-02-19,26.219558782975973,24.1512120229895,28.381235212760455
2012-02-20,26.234782024831798,24.093027094524533,28.472761152322533
2012-02-21,26.273371412756287,24.22112800870205,28.45156398561104
2012-02-22,26.32357240627328,24.038199511001572,28.479491340572785
2012-02-23,26.360567322905027,24.173362547912273,28.473366086465088
2012-02-24,26.41269574753026,24.171382411565677,28.58307896383385
2012-02-25,26.46408580642025,24.286416756301918,28.67574776698699
2012-02-26,26.511975750972137,24.309431772421004,28.74488543195867
2012-02-27,26.524046534609425,24.304790622854554,28.683231254552194
2012-02-28,26.558120965108156,24.449580964909966,28.73426190036002
2012-02-29,26.60248789134621,24.318878390084855,28.77379145051294
2012-03-01,26.632399777167358,24.224358196944628,28.87294465818854
2012-03-02,26.67629094823862,24.594348673362692,28.796464495001697
2012-03-03,26.718406052732007,24.487408237125937,29.02453370539289
2012-03-04,26.756118261781722,24.61923395834435,28.79054642425598
2012-03-05,26.75954590852336,24.577052309620537,28.975537954925922
2012-03-06,26.784383667169436,24.576937223921995,28.909642384390537
2012-03-07,26.81908603439601,24.614873438465782,28.925285488497988
2012-03-08,26.839072410694502,24.770750623108164,29.087348260526074
2012-03-09,26.872940789514246,24.78331363982418,29.134010512669708
2012-03-10,26.90509180683081,24.83513473595467,29.110496359847286
2012-03-11,26.933042802812388,24.705196175142866,29.166065083120287
2012-03-12,26.927040712139135,24.758466857178465,29.111512117723073
2012-03-13,26.942889990816234,24.883046044546084,29.125514417634786
2012-03-14,26.969133433689972,24.841491499447713,29.248999092402293
2012-03-15,26.981255255149986,24.719890038298377,29.23782990252585
2012-03-16,27.007893496374408,24.73871495438261,29.157283547921384
2012-03-17,27.033463546376264,24.91432185105115,29.13890905352208
2012-03-18,27.055472441206163,24.831364258883966,29.32100175789489
2012-03-19,27.04413274822546,24.72594152633377,29.16387144976171
2012-03-20,27.055192211577765,25.03694848821017,29.35163630665188
2012-03-21,27.077116960182202,24.95569841549337,29.09022957580482
2012-03-22,27.08529757817814,24.92746361215037,29.292194383271585
2012-03-23,27.108265011041624,24.871875573697938,29.25443681977081
2012-03-24,27.130317989509326,24.902377763129874,29.37360523633148
2012-03-25,27.148841518585137,25.089276244158896,29.238388775843017
2012-03-26,27.133925112901508,24.974337614902872,29.399380260324556
2012-03-27,27.14119682399209,24.915988158258504,29.09729338417683
2012-03-28,27.15901072909999,24.971000180656983,29.25425730449401
2012-03-29,27.16265705244894,24.916253687266398,29.28869673516057
2012-03-30,27.180581769662318,25.064135357820195,29.489257164852653
2012-03-31,27.197017264975074,24.868524597502507,29.359086921955672
2012-04-01,27.209303489375856,25.03989020011533,29.340563284997355
2012-04-02,27.187508218080378,24.90474700742829,29.19992223481769
2012-04-03,27.187262388754085,25.04536875886244,29.331251085424153
2012-04-04,27.196948146617295,24.715703120295004,29.336742324656736
2012-04-05,27.19190874584931,25.00850843135647,29.318278766304754
2012-04-06,27.200667159139137,25.00596166070825,29.32133332607039
2012-04-07,27.207554988907624,24.977976042938497,29.47658786075747
2012-04-08,27.210031174319095,25.019750642866804,29.35848882097694
2012-04-09,27.17829915931104,24.999780633662063,29.352524161603608
2012-04-10,27.168138588874648,24.828040252239777,29.278758606329195
2012-04-11,27.168089262106154,24.959431770204546,29.365422694366043
2012-04-12,27.153656607508573,25.18211392600871,29.37645650557008
2012-04-13,27.153525658829757,25.028489507727848,29.514306318263248
2012-04-14,27.15218525816857,24.967435721359454,29.35145812545332
2012-04-15,27.147242116628735,24.82685705072076,29.205655645496954
2012-04-16,27.109033532959966,24.84776485164018,29.039411728062614
2012-04-17,27.093454967786098,25.072914894478842,29.294332038000015
2012-04-18,27.089140323702196,24.928260964438632,29.279628041861294
2012-04-19,27.071664306352524,24.835893754275716,29.21858380184094
2012-04-20,27.069753939087256,24.875163686084345,29.236087044654035
2012-04-21,27.06791103417038,24.839963968868165,29.298574425404084
2012-04-22,27.063725306735613,24.876710318628433,29.41819959877133
2012-04-23,27.027486965855854,24.777389871688595,29.243640682889176
2012-04-24,27.015014991212677,24.826141603018804,29.239118254247217
2012-04-25,27.014838933102624,24.801268036985434,29.22848244988675
2012-04-26,27.00240357519046,24.860388345452026,29.16679768668573
2012-04-27,27.006283474684494,24.879290801327073,29.080979209130742
2012-04-28,27.010809104328118,24.94569887693652,29.10405428548914
2012-04-29,27.013384185335436,24.739060377429293,29.137548023477894
2012-04-30,26.9841029327585,24.760977331449567,29.154383505170205
2012-05-01,26.978583296232106,24.862724468956674,28.978071029345326
2012-05-02,26.985153899129767,24.654488917047953,29.318021562744875
2012-05-03,26.979063875447792,24.81169104527794,29.14816607881027
2012-05-04,26.988702477532982,24.86096062071315,29.168632873775746
2012-05-05,26.998230039994276,24.841617539953,29.142292833445374
2012-05-06,27.004899756282637,24.783173302927036,29.151403577152784
2012-05-07,26.978678866918536,24.839705671977292,29.168987450812377
2012-05-08,26.975085233381787,24.72976329348564,29.169780403855444
2012-05-09,26.98237690840347,24.964534487944654,29.26953975712684
2012-05-10,26.975763828911987,24.772016175838438,29.086909074928037
2012-05-11,26.983628452961277,24.916604799146956,29.053684184951962
2012-05-12,26.990156896923523,24.90610510475339,29.19569750632853
2012-05-13,26.992660023910577,24.7556511559961,28.974232077449777
2012-05-14,26.96119310057077,24.88375708289912,29.208752913341733
2012-05-15,26.951390037609382,24.755966057352175,28.960274110594185
2012-05-16,26.951649888110072,24.740599252192403,29.108204830452912
2012-05-17,26.93734481345557,24.723694353697017,29.02695738231751
2012-05-18,26.937036439593225,24.725789637665216,29.07148066415025
2012-05-19,26.93510227636023,24.748613862852856,28.978665115599565
2012-05-20,26.929051779021464,24.830571814990535,28.978237129005464
2012-05-21,26.889140805526512,24.56775063446493,29.17883591724081
2012-05-22,26.8712006255581,24.687024144388822,29.13961971760851
2012-05-23,26.863819296618765,24.571915384540162,28.97916812658693
2012-05-24,26.842544754652938,24.503280782152437,29.00884173332875
2012-05-25,26.836096672364512,24.648517001577027,29.085097817990537
2012-05-26,26.828988877484367,24.71450947196927,29.017584059746298
2012-05-27,26.81884201553154,24.68290640092608,28.959681202439942
2012-05-28,26.77599529894861,24.687701597300276,29.01974200977909
2012-05-29,26.756333567665706,24.49567190215335,28.93263466200947
2012-05-30,26.748467524106147,24.607373007577106,29.012902029804458
2012-05-31,26.727936515466343,24.561123910306925,28.805301227532073
2012-06-01,26.723420918742345,24.475877126617117,28.78027650175087
2012-06-02,26.719365900122586,24.53993805678935,28.928779038724137
2012-06-03,26.713296190408595,24.639535365547246,29.01622976144032
2012-06-04,26.67543065455128,24.515277967797292,28.716066268539922
2012-06-05,26.661512797561176,24.53181385692399,28.883645505756203
2012-06-06,26.659994970440643,24.430394207252892,28.96628978200753
2012-06-07,26.646245535920226,24.37272794740565,28.906106632395296
2012-06-08,26.64876592598931,24.412834183364424,28.784727985352944
2012-06-09,26.65181923244613,24.53739861638629,28.90713998599548
2012-06-10,26.652749838520318,24.459925921401272,28.795229207238492
2012-06-11,26.621602736589356,24.437195993247443,28.692483152512338
2012-06-12,26.613958545440262,24.550253439517537,28.88483761481001
2012-06-13,26.618121869746897,24.29385494444376,28.847590339411802
2012-06-14,26.60933215171222,24.509849909108066,28.852860598532555
2012-06-15,26.615983851161317,24.471904087445676,28.771891420421497
2012-06-16,26.622257516286155,24.4655907771975,28.83467330643173
2012-06-17,26.62544119281122,24.456586767751986,28.944729751913368
2012-06-18,26.59555077657437,24.441044885793698,28.73838005996946
2012-06-19,26.588165304123063,24.427660647915143,28.640825258310116
2012-06-20,26.591614826641347,24.514118264999805,28.94757802484801
2012-06-21,26.58119004099404,24.309000480700767,28.612172800835207
2012-06-22,26.585360558310356,24.354054035866117,28.813484533783047
2012-06-23,26.588403435269083,24.531499701324247,28.78337083299518
2012-06-24,26.58772149565413,24.187623128200908,28.82589554999206
2012-06-25,26.55346014135771,24.40239387436871,28.864383746538007
2012-06-26,26.541338753163167,24.347175165204465,28.567275406823622
2012-06-27,26.53983444076066,24.5163916335549,28.732419908651508
2012-06-28,26.524387434981918,24.47404990396615,28.658022448963784
2012-06-29,26.52361512347945,24.380157262086446,28.7209716912394
2012-06-30,26.521936473953918,24.342005424521098,28.963118228935116
2012-07-01,26.516886486207593,24.344398827128614,28.541751705869267
2012-07-02,26.478729477487146,24.315752504237576,28.475252847414296
2012-07-03,26.46328739541016,24.218195502985242,28.662456499050077
2012-07-04,26.459120998018477,24.249249273058155,28.495906593308163
2012-07-05,26.44173325804711,24.304744185530616,28.755683834409382
2012-07-06,26.4397820391233,24.123728768449183,28.624835591650303
2012-07-07,26.43770381578016,23.988438184149075,28.62823207292353
2012-07-08,26.43302808709025,24.214834335576025,28.809574258393486
2012-07-09,26.395991277691707,24.192259243826253,28.585231562997414
2012-07-10,26.382366291171913,24.168894369922935,28.431985548709193
2012-07-11,26.38064550851321,24.08359530459152,28.536323688180833
2012-07-12,26.366246525959163,24.130129036352635,28.664463621669128
2012-07-13,26.367727603464914,24.158727345361214,28.59502705321763
2012-07-14,26.369414507685196,24.158338487168457,28.616854337955772
2012-07-15,26.368718302744547,24.27501293994173,28.56283890453328
2012-07-16,26.335752780339817,24.08916411767063,28.430118206093447
2012-07-17,26.32616758934319,24.002730672262242,28.444312194768564
2012-07-18,26.328334753371838,24.249845486506256,28.511789438122836
2012-07-19,26.3175577700698,24.02248041983639,28.34100660467052
2012-07-20,26.322290169194503,24.1022252426389,28.47833255194039
2012-07-21,26.326765128616554,24.068794377716834,28.50283339808613
2012-07-22,26.32831562823162,24.17626383322609,28.49075924578398
2012-07-23,26.296993773669072,24.174400728598794,28.43486396651185
2012-07-24,26.288405305444673,24.193565818032877,28.241023795620478
2012-07-25,26.290896953712643,24.28643056807077,28.531499189530702
2012-07-26,26.27976582084098,24.074970656689718,28.403275420634404
2012-07-27,26.283477674216957,24.070299689595092,28.57992956112982
2012-07-28,26.28629577009104,24.075763971515048,28.253821141137674
2012-07-29,26.285599725586255,24.132884575463997,28.563506170958874
2012-07-30,26.251503121909977,24.144378873307215,28.558969726469183
2012-07-31,26.239685917771567,24.01108107519644,28.306778307294366
2012-08-01,26.238579406551136,23.98487868746364,28.43382464968449
2012-08-02,26.2235729804205,24.008678915333956,28.558467196147053
2012-08-03,26.223229669738735,24.053859745286758,28.47430676320111
2012-08-04,26.221912166611606,24.15299356592731,28.359248331711488
2012-08-05,26.21709893719866,23.99612564501544,28.221633660452458
2012-08-06,26.17899918988867,24.075891514767857,28.41844875668738
2012-08-07,26.163382856460476,23.989860971444248,28.246298458300963
2012-08-08,26.158763389536276,24.080652096287736,28.395496489147526
2012-08-09,26.140602698854707,23.90616663758179,28.369510572575884
2012-08-10,26.137525241839246,23.886589178667787,28.126325683741726
2012-08-11,26.133943011015884,23.98060591066662,28.34774854649208
2012-08-12,26.1273710421542,23.84035320309254,28.359824947401854
2012-08-13,26.088042214765526,23.7273096641954,28.171213047194048
2012-08-14,26.071737491878228,23.89564199288464,28.142221748625175
2012-08-15,26.066969378037964,23.90805843471123,28.077198997122085
2012-08-16,26.04918788053545,23.97338150376739,28.07844117159426
2012-08-17,26.046995940065543,23.87259247418263,28.229747137976887
2012-08-18,26.04477601414296,23.744851313116015,28.243058110118394
2012-08-19,26.04000737006533,23.83861691129574,28.250131587021457
2012-08-20,26.00288278646574,23.73435994492191,28.13484790759956
2012-08-21,25.98914073479283,23.831128882833184,28.0662914864868
2012-08-22,25.987250743693814,23.70059129591943,28.40082602420963
2012-08-23,25.972621157548183,23.821861625973856,28.226752882920813
2012-08-24,25.97381618634518,23.725200482765363,28.14720115057623
2012-08-25,25.975183868326244,23.75913309600858,28.34578116614144
2012-08-26,25.974174449515736,23.96052761048021,28.242828573274412
2012-08-27,25.94095783756936,23.66503278142585,28.089787187112833
2012-08-28,25.93125617218082,23.79623981453886,28.243780424874032
2012-08-29,25.933529199478784,23.635178371578156,28.158854892218642
2012-08-30,25.92318166027571,23.689369960762708,27.890400946409386
2012-08-31,25.928779602254863,23.735306434072264,27.909220644160875
2012-09-01,25.93467726435513,23.686190682447858,28.1777843152802
2012-09-02,25.93833407744281,23.743303605820774,28.179022357472004
2012-09-03,25.909930490553414,23.617756862320153,28.120336050038123
2012-09-04,25.905198727027464,23.730589870555395,28.047374204852765
2012-09-05,25.91260622828815,23.78962897114903,28.178812494226005
2012-09-06,25.90756107136866,23.73662724674204,28.136042200250802
2012-09-07,25.918626349949474,23.728957120249547,28.104627946037287
2012-09-08,25.930145247597515,23.790953776000993,28.114669378947344
2012-09-09,25.939556425789085,23.761595836879135,28.16448680299897
2012-09-10,25.917008509856398,23.590922777182094,27.99652161121215
2012-09-11,25.91818984383662,23.790573152260297,28.19708490840894
2012-09-12,25.931511329046604,23.792187703807514,28.083592116451324
2012-09-13,25.932311677880655,23.856128323279822,28.274542002975146
2012-09-14,25.949072104534505,23.72618591556122,27.85083110409532
2012-09-15,25.966042198480398,23.85957385065835,28.11580859025862
2012-09-16,25.98055660468022,23.93403503879374,28.146806235525368
2012-09-17,25.962651278922497,23.848682534980696,28.211463849386867
2012-09-18,25.967895458411878,23.768919623321228,28.19635646162537
2012-09-19,25.984577116057427,23.898062439306862,28.218618332999224
2012-09-20,25.98791116911775,23.789738354490606,28.24187834927423
2012-09-21,26.006257390129676,23.7420942280417,28.2945654012831
2012-09-22,26.023749681190363,23.81161189734348,28.350190248936666
2012-09-23,26.03761624216416,23.70754992023104,28.180704455205387
2012-09-24,26.01779930176245,23.77537064315813,28.101502102801618
2012-09-25,26.019790449016813,23.725898753724497,28.251295921049138
2012-09-26,26.031819230823334,23.845087643122003,28.270542520322778
2012-09-27,26.029064186349583,23.91581303645919,28.215730310794083
2012-09-28,26.039873172293472,23.74388767261071,28.165763318024034
2012-09-29,26.048394554961426,23.96974645018682,28.288036521916144
2012-09-30,26.05189872616542,23.75520299937531,28.4044189793855
2012-10-01,26.020398552236685,24.020977057173848,28.131551412724583
2012-10-02,26.009484749981663,23.76435112872854,28.13505955559538
2012-10-03,26.007513829113105,23.845421861804937,28.24424718196304
2012-10-04,25.98981776445772,23.763429314555225,28.14323539300399
2012-10-05,25.98492226368838,23.868885321795176,28.048455783713436
2012-10-06,25.977175237590608,23.853434156931165,28.291979907381275
2012-10-07,25.9640649796798,23.78549801517806,28.126665857872464
2012-10-08,25.915836732000457,23.70490650594712,28.111902442677156
2012-10-09,25.888323714610003,23.796654367145493,27.956757733110774
2012-10-10,25.87013035604681,23.68978410663407,27.918853391452117
2012-10-11,25.83683699746152,23.592330014152843,27.986963687424176
2012-10-12,25.817213054319982,23.57256286513951,28.046690392516986
2012-10-13,25.79584036651438,23.59654573832689,27.93810686613569
2012-10-14,25.770426369894377,23.659194031574007,28.053804857336324
2012-10-15,25.711415891209338,23.53466907791171,27.926277772151035
2012-10-16,25.674817764688303,23.469270840746354,27.83178493705596
2012-10-17,25.649384120533565,23.587423121629616,27.872581430993094
2012-10-18,25.610811720119955,23.46492783536506,27.799648188653222
2012-10-19,25.587952410210963,23.309061093223498,27.88311714028631
2012-10-20,25.56543449924815,23.43521507537066,27.78215654004361
2012-10-21,25.54097474270358,23.342011724693048,27.94530269092067
2012-10-22,25.484989773679345,23.214109779805955,27.719304192684405
2012-10-23,25.45342319035977,23.291319300457157,27.577673130842545
2012-10-24,25.43492614271542,23.26527523956291,27.453869337363074
2012-10-25,25.405060764251566,23.280133507416377,27.508466402184073
2012-10-26,25.39251347170415,23.35921098459632,27.552391903895465
2012-10-27,25.381719867205287,23.199202130165094,27.52434187162171
2012-10-28,25.370180844048857,23.27059768233096,27.36496675009228
2012-10-29,25.328078631343157,23.083389907839177,27.568834350753786
2012-10-30,25.31110887591642,23.042836979690414,27.246664176307327
2012-10-31,25.3076664813262,22.986938793004256,27.549502489598883
2012-11-01,25.293054421198487,23.19193733894992,27.433574203419955
2012-11-02,25.295702418661858,23.11408023227912,27.40356408860606
2012-11-03,25.299797096195732,23.09046062549035,27.55491444180783
2012-11-04,25.302603071240235,23.134457494540072,27.44706615060549
2012-11-05,25.27408361482004,23.116273500653893,27.50535979917758
2012-11-06,25.269736864386154,23.16832848464036,27.30802561859268
2012-11-07,25.277785217228917,22.949734608942375,27.31231580813022
2012-11-08,25.27338704426508,23.216989722249835,27.26897931145396
2012-11-09,25.284857556557366,23.151645495753677,27.41031262177005
2012-11-10,25.296300388933307,23.115688462540945,27.580564223453926
2012-11-11,25.30492935642992,23.066549495705672,27.5373221095785
2012-11-12,25.28068900184101,23.07151939855172,27.512653800281505
2012-11-13,25.27908994696138,23.017270851751643,27.47304575367399
2012-11-14,25.28839671480695,23.015273343662592,27.423569024456487
2012-11-15,25.28383722168216,23.096032285026368,27.276516559712668
2012-11-16,25.29382084679164,23.129007120077418,27.58062607601329
2012-11-17,25.302566733043598,23.04640657451505,27.5147625121506
2012-11-18,25.30742187530064,23.276520593145307,27.469003797794528
2012-11-19,25.27847772314377,23.086060154064405,27.41680032596617
2012-11-20,25.271401424602203,23.02669651351405,27.38290154007002
2012-11-21,25.274619493751832,23.116561718429622,27.293741269079884
2012-11-22,25.263523215129165,23.097942510327584,27.543795492359052
2012-11-23,25.266682801950072,22.991539724143625,27.321643228951167
2012-11-24,25.268472063233883,23.110024301280106,27.534250216456527
2012-11-25,25.26638322691147,23.01451841406764,27.391467996389693
2012-11-26,25.230640723723276,22.99420767318043,27.40231637170046
2012-11-27,25.217030120987946,23.137324660833126,27.390765638728688
2012-11-28,25.214080035087758,23.043420063762728,27.237205223389946
2012-11-29,25.19726636383101,23.166800372283635,27.354385279898775
2012-11-30,25.19522586564207,22.993103109544702,27.369219768479155
2012-12-01,25.192380832433415,23.094539126725838,27.49268608417512
2012-12-02,25.186254477359235,22.982707797772004,27.35349626205387
2012-12-03,25.14708579985479,22.880734125827498,27.30188198025331
2012-12-04,25.130660059705633,22.944186376074697,27.30360981908486
2012-12-05,25.125492618748474,23.02733161187507,27.338131641262677
2012-12-06,25.10703541060567,22.862153138343206,27.144742081191495
2012-12-07,25.103892976829297,22.95999986023097,27.20480650762535
2012-12-08,25.100449722811582,22.921269656756493,27.441636880322175
2012-12-09,25.09418791927631,23.047506530509096,27.343536658889718
2012-12-10,25.055305117531002,22.997114188279216,27.387820601667556
2012-12-11,25.039547020152913,22.867946453135115,27.328410460333608
2012-12-12,25.03539348262864,22.78697252806103,27.128280811426315
2012-12-13,25.018266832849687,22.82475064020226,27.194437028509974
2012-12-14,25.016749385195325,22.85184713415984,27.288302489641463
2012-12-15,25.01521175465805,22.771613849649277,27.29177196694635
2012-12-16,25.011131464106352,22.835018288721848,27.320455386377148
2012-12-17,24.974710496278995,22.88458098089004,27.01987668368592
2012-12-18,24.961707832170624,22.735036198763435,27.108597913109115
2012-12-19,24.960624667796885,22.826932482773945,27.091897060233237
2012-12-20,24.94691152857604,22.935115745848172,27.200695303572864
2012-12-21,24.949184205142338,22.79425932021433,27.097288789022357
2012-12-22,24.951850176293647,22.733894483729003,27.284571667974596
2012-12-23,24.952425083574767,22.699221956859667,27.09139865507251
2012-12-24,24.921147989295058,22.649393139375583,27.15518784377256
2012-12-25,24.913811546005213,22.810101354394803,27.15310799896868
2012-12-26,24.918944859098207,22.729307492739483,26.896184237943693
2012-12-27,24.912018351814204,22.876165462690647,26.982214264649173
2012-12-28,24.921657643894108,22.79346528277176,27.086395529492915
2012-12-29,24.932268191505273,22.8797622011098,27.08377464157372
2012-12-30,24.941350326612408,22.62604482294022,26.997494959186614
2012-12-31,24.91911349053224,22.572194365163917,27.011027211880698
2013-01-01,24.92130583973912,22.78662600614503,27.129305854786416
2013-01-02,24.936397040973524,22.868744050767766,27.043720071987043
2013-01-03,24.939783584348,22.731739888375127,27.23984581950299
2013-01-04,24.960003628324632,23.007009326256693,27.2868694838817
2013-01-05,24.981363109736623,22.7705664590048,27.012928423948395
2013-01-06,25.00125272573586,22.80375735271819,27.15942074810837
2013-01-07,24.9897645350498,22.676767394154773,27.251347171307746
2013-01-08,25.002524294469794,22.708826369045294,27.15341729168006
2013-01-09,25.02787727245289,22.901101608679692,27.125414879207955
2013-01-10,25.041096782503388,22.799401804358126,27.226033484094028
2013-01-11,25.07060235587019,22.898562884454293,27.24273891157895
2013-01-12,25.100589186895697,22.93129774303767,27.247811087517555
2013-01-13,25.128348355587207,22.91152820012043,27.316254394282268
2013-01-14,25.12388647313541,22.81963647407436,27.242090354210358
2013-01-15,25.14276076844051,22.926164894870247,27.274391160287227
2013-01-16,25.1732672665183,22.943939262421885,27.37777785976777
2013-01-17,25.190651220189537,23.067040258782303,27.624816372421055
2013-01-18,25.22332664568572,23.04921030922824,27.34231537234863
2013-01-19,25.255506541245037,23.154598402008613,27.45949218615447
2013-01-20,25.284523255507786,23.017381331916198,27.531736212349635
2013-01-21,25.280447631555045,23.070329664883193,27.55892456212434
2013-01-22,25.298922943513933,23.164929074625004,27.38296516435287
2013-01-23,25.328351294515297,23.230367487570092,27.63310656150161
2013-01-24,25.34410167411461,23.096314823393104,27.5265563720024
2013-01-25,25.374726580488524,23.26823000405731,27.484350393570022
2013-01-26,25.404588857767234,23.045699012151232,27.586722340602766
2013-01-27,25.431178301336587,23.240976336613173,27.44433004088683
2013-01-28,25.42472675538346,23.18275060425331,27.525684333520257
2013-01-29,25.441037827729453,23.29296814766714,27.636755238875985
2013-01-30,25.468669005518827,23.326823272112133,27.609045581858712
2013-01-31,25.483135488052863,23.234291229791005,27.611308816433567
2013-02-01,25.51312276027621,23.476959736061637,27.75751051741058
2013-02-02,25.54310967206092,23.53018016021047,27.787487966577572
2013-02-03,25.570681684144347,23.280244382342854,27.803636392166666
2013-02-04,25.566143103066814,23.513723022700557,27.713127221915794
2013-02-05,25.585344515353633,23.326735887486322,27.625388779324815
2013-02-06,25.616863274254392,23.26492546813357,27.665853887631332
2013-02-07,25.636206407484153,23.378942738295436,27.68536985155805
2013-02-08,25.672023002366785,23.40958703913576,27.835481061769585
2013-02-09,25.708727846059784,23.57827100614014,28.04954844544443
2013-02-10,25.743815973355545,23.675826973747686,27.92963329616092
2013-02-11,25.747476915221547,23.609411360595693,28.106242902363874
2013-02-12,25.775424808985655,23.53799435262516,28.055492542423853
2013-02-13,25.816082155256556,23.631826232722897,28.070103388545967
2013-02-14,25.844786504706576,23.699553443992073,28.131918379260544
2013-02-15,25.8900070310434,23.708681715523,27.950630780676896
2013-02-16,25.935972655754583,23.855345776050154,27.985848219030416
2013-02-17,25.979991256126837,23.849985289438013,28.07675666796058
2013-02-18,25.992068623198627,23.73804424063925,28.024957846398568
2013-02-19,26.02774320210017,23.676908871105645,28.12596029810399
2013-02-20,26.075274273111564,23.90300110154627,28.238933561215863
2013-02-21,26.109852735106237,23.956783848199056,28.371744823755403
2013-02-22,26.159821335018364,23.89872317191435,28.185011193179502
2013-02-23,26.20930590823693,24.104517122023562,28.578280058679262
2013-02-24,26.255537075663177,23.979522438325397,28.444953715745395
2013-02-25,26.268470995722108,24.088567455946517,28.515685787769403
2013-02-26,26.30362515481709,24.18430007547033,28.562298445903576
2013-02-27,26.349266826440104,24.164712064615863,28.561514772997675
2013-02-28,26.38062335419204,24.317314377463497,28.481948156249373
2013-03-01,26.426101117873376,24.207629980773365,28.54899152061619
2013-03-02,26.469914784621377,24.271729660240876,28.627584610195317
2013-03-03,26.509406348423635,24.340170214008094,28.792676848087446
2013-03-04,26.514662632818823,24.523255922199834,28.743134066890835
2013-03-05,26.541347333561244,24.462693374236224,28.645582358077377
2013-03-06,26.57788533886355,24.37265632882122,28.857143905209796
2013-03-07,26.599668600948462,24.393337881260205,28.60023184123465
2013-03-08,26.63527054422451,24.46110987426047,28.761113352812078
2013-03-09,26.669070742291005,24.663927411342996,28.920465744722964
2013-03-10,26.69856949766934,24.651074700409325,28.99679996892485
2013-03-11,26.69400112622075,24.51130324930607,28.877937071785666
2013-03-12,26.71116214310171,24.57075852987913,29.007621841337443
2013-03-13,26.738592197396024,24.633573693754094,28.744953481454612
2013-03-14,26.75177712497454,24.524956942216658,28.898861285530106
2013-03-15,26.779361184223156,24.619069068626175,28.876949990805777
2013-03-16,26.805770267378048,24.553674729040505,29.000294514758632
2013-03-17,26.8285257613328,24.587773478295592,29.12862896272233
2013-03-18,26.817857878110207,24.540647728394717,29.103938406673624
2013-03-19,26.82953464778719,24.778010753459228,29.04659721960146
2013-03-20,26.852044394762387,24.67197156212969,29.07750212277547
2013-03-21,26.860801019202793,24.816660074800783,28.94895218383046
2013-03-22,26.88435908050205,24.786989115240722,29.07480506892349
2013-03-23,26.90704038952364,24.53710217707387,28.96102805906429
2013-03-24,26.926251681848427,24.863570113044485,29.113489896934055
2013-03-25,26.912102077824024,24.742861469310643,29.107622441752646
2013-03-26,26.921411129124397,24.957853582730415,29.203865499345525
2013-03-27,26.941371489243537,24.730226541646367,29.14909419550973
2013-03-28,26.94728270553283,24.84580846205051,29.153987514626575
2013-03-29,26.967595692032255,24.754234094476217,29.187115483846817
2013-03-30,26.986543119143413,24.80075277916167,29.320596082200233
2013-03-31,27.00146044628826,24.792241281217517,29.150632691349916
2013-04-01,26.982406200582254,24.79617202210726,29.256225607872913
2013-04-02,26.984997483288893,24.91948896736805,29.12046566821693
2013-04-03,26.99759832623021,24.82748213478423,29.04258541349671
2013-04-04,26.995530039411467,24.682508023041663,29.180805686349725
2013-04-05,27.007290389563444,24.797154927049107,29.094418655708537
2013-04-06,27.01718318734104,24.874326170491642,29.144106526616515
2013-04-07,27.022637758308285,24.85044939291481,29.107847255043133
2013-04-08,26.993826941288322,24.69670567154731,29.148067013977634
2013-04-09,26.98649965761169,24.834820303069254,29.204233595599995
2013-04-10,26.989165754712225,24.833742885883737,29.158243695767993
2013-04-11,26.97730236382521,24.691139402733665,29.128909466582314
2013-04-12,26.979568724431545,24.81879086976786,29.138692890214955
2013-04-13,26.980431177358632,24.875185999137816,29.199474462624053
2013-04-14,26.977477933534082,24.951248968690603,29.129520819106343
2013-04-15,26.94103239775811,24.756158781890722,29.116170143658344
2013-04-16,26.926981226844312,24.747070761617294,29.02646387776537
2013-04-17,26.923954957515008,24.760947467426025,29.149348501473636
2013-04-18,26.907530568061922,24.586209385650566,29.037855597814083
2013-04-19,26.906443039392414,24.752598577931014,29.35530741709558
2013-04-20,26.90520771579282,24.85233137546807,29.062937045942576
2013-04-21,26.901433153393636,24.85225710436897,29.0340867538726
2013-04-22,26.865433296881694,24.677644576634222,29.053715442450823
2013-04-23,26.853055203354696,24.724905201089005,28.985165151340464
2013-04-24,26.852860165415713,24.656095850276657,28.976716531256702
2013-04-25,26.840327590829155,24.606212978708196,28.96522942106952
2013-04-26,26.84406867438522,24.949572861381082,29.048253327822373
2013-04-27,26.848451609813278,24.72729542282966,29.078240666172512
2013-04-28,26.850917956134634,24.559949173719712,28.96176228855277
2013-04-29,26.821598906320407,24.594576017719614,29.08727013217427
2013-04-30,26.816147567946985,24.645787283078647,28.92663443603805
2013-05-01,26.822924985254367,24.741342650994604,29.056142191676898
2013-05-02,26.817209127172497,24.494478219700863,28.95284246421389
2013-05-03,26.827413737853785,24.63261892853586,29.003508013794715
2013-05-04,26.837718655984613,24.763362777025865,29.120725753923615
2013-05-05,26.845391077217705,24.640823240711736,28.991141701217437
2013-05-06,26.82040637298577,24.590025628979898,29.056012879729035
2013-05-07,26.818284450011078,24.76365433770725,29.243726079337165
2013-05-08,26.82727926728859,24.719474349392836,28.96517850965725
2013-05-09,26.822590638390775,24.667056535899928,29.067902552135518
2013-05-10,26.832585137546378,24.59045290771127,28.895388263870764
2013-05-11,26.84142765849865,24.605984424271146,28.774300948759382
2013-05-12,26.84640306564355,24.6567156045223,29.04016711487365
2013-05-13,26.817536539262864,24.542468397263754,29.08650710799494
2013-05-14,26.810428611436016,24.680630649449196,29.068047100599962
2013-05-15,26.813442545034597,24.623113951842388,29.0456344804978
2013-05-16,26.801913241627506,24.68449989943409,28.90479573514932
2013-05-17,26.804364575443042,24.55767419033146,28.91990546020258
2013-05-18,26.80513679959258,24.697503123686648,29.09800589889603
2013-05-19,26.801703577024156,24.6999065845115,28.838995025015194
2013-05-20,26.76428736359816,24.77064019880193,29.02857123540849
2013-05-21,26.748689274534495,24.616818963279353,28.991610587359418
2013-05-22,26.743471226633183,24.497434856060806,28.922363584052206
2013-05-23,26.724159683524768,24.643103780590256,28.804945062875298
2013-05-24,26.71945804002533,24.403561124607503,28.827890894754105
2013-05-25,26.713869424383528,24.623579293551842,29.04246860503789
2013-05-26,26.70500959346917,24.567443813938674,28.997629845375773
2013-05-27,26.663218757507174,24.577362623770433,28.7850373106419
2013-05-28,26.644388558479402,24.490534090719112,28.755791342643107
2013-05-29,26.637142068618633,24.472467974958953,28.925315335246196
2013-05-30,26.61703618946137,24.541708972377773,28.842740002018402
2013-05-31,26.612773518555326,24.356713387392357,28.77576006025411
2013-06-01,26.608825470698513,24.531340121395203,28.901932631088847
2013-06-02,26.602746313818,24.45995370910671,28.751185489210624
2013-06-03,26.564786918671835,24.475403983964352,28.717410529368973
2013-06-04,26.550724387774313,24.15613351664322,28.83567785886651
2013-06-05,26.549045351714117,24.390290908041763,28.886626737992678
2013-06-06,26.535152217855167,24.243823100336538,28.590031370494987
2013-06-07,26.537579328596273,24.483797889099396,28.650358227104473
2013-06-08,26.54062069486861,24.335293400086464,28.66697728247489
2013-06-09,26.54164883597269,24.38211378231535,28.756161359267903
2013-06-10,26.510733391781717,24.353984240114062,28.56212315140475
2013-06-11,26.503475539156632,24.211176850174304,28.563309245782346
2013-06-12,26.50819587052968,24.44880915258931,28.729942788985046
2013-06-13,26.500144896387816,24.28305937358811,28.819587412475748
2013-06-14,26.507723015919115,24.375850147522204,28.600050583109507
2013-06-15,26.51511152200836,24.254558966268277,28.776277324933265
2013-06-16,26.519594088274104,24.386549673680285,28.64575956086281
2013-06-17,26.49117733904266,24.338357984019723,28.623691412684003
2013-06-18,26.48542648890153,24.25112293857003,28.662228163184775
2013-06-19,26.490653685591404,24.356733987017115,28.81573958268044
2013-06-20,26.48212821524267,24.291721119776795,28.790538125064728
2013-06-21,26.488295432820006,24.296842882723194,28.706888163413556
2013-06-22,26.493406023139038,24.266710919581655,28.66349906395616
2013-06-23,26.49483509856927,24.39818096946968,28.682647932202677
2013-06-24,26.462699810121705,24.32817242044475,28.623393421780747
2013-06-25,26.45269154940402,24.268079337968924,28.683677611257906
2013-06-26,26.453260478329984,24.291571920326884,28.627414153890182
2013-06-27,26.439821657933063,24.271956272355638,28.591388698089542
2013-06-28,26.440969757404435,24.35622139870246,28.474809371445982
2013-06-29,26.441104069446002,24.409771653271296,28.5580702164502
2013-06-30,26.43774345778395,24.320898491020746,28.614213608587125
2013-07-01,26.40114002886295,24.05818908927928,28.36981405635143
2013-07-02,26.38710771288302,24.247550611927096,28.649219537498308
2013-07-03,26.384203588111387,24.23441176898824,28.56065865716738
2013-07-04,26.367931303594666,24.2348336071619,28.688207808014006
2013-07-05,26.366953649662186,24.24019489640502,28.6277594463933
2013-07-06,26.36571605332934,24.088363951813328,28.450747098667183
2013-07-07,26.361760656974372,24.13160885747064,28.556934405454808
2013-07-08,26.325339785672522,24.070236322697042,28.475331914582764
2013-07-09,26.31224498242647,24.12828203455967,28.411786625772518
2013-07-10,26.310989420473767,24.08393830069375,28.54024835440522
2013-07-11,26.297013005199073,24.02363313585516,28.45879455645169
2013-07-12,26.298897156110222,24.19788315360284,28.458109527039944
2013-07-13,26.30099097267297,24.244928537814,28.40744735477899
2013-07-14,26.300728357046108,24.115709500013143,28.396378718691082
2013-07-15,26.268244804426402,23.99381186691757,28.440110002268618
2013-07-16,26.259209939147837,24.027967583605967,28.479219846370924
2013-07-17,26.262013501270005,23.97007185967743,28.43488653413427
2013-07-18,26.251973991513918,23.970194194603128,28.5750508827117
2013-07-19,26.257556863203156,24.272487659658985,28.434593246200983
2013-07-20,26.2630038690372,24.0168489700731,28.176213551536442
2013-07-21,26.26565304835217,24.228349848361017,28.306538145284822
2013-07-22,26.235557989228198,23.924219671090057,28.434883932598236
2013-07-23,26.228322380367157,24.02220158653701,28.510949547938942
2013-07-24,26.232287509045168,24.063526302765535,28.44628318996011
2013-07-25,26.222741880564147,24.149769842964822,28.262736100851022
2013-07-26,26.22813983211361,24.11300041438011,28.290326610913347
2013-07-27,26.232730750000123,24.121346514531055,28.31469995276224
2013-07-28,26.2338783935719,24.049434917585184,28.46087140123229
2013-07-29,26.20167899358456,23.997627711749754,28.41660297263539
2013-07-30,26.191794187733116,24.06143115434122,28.41179597622789
2013-07-31,26.192636510150432,24.11541577573873,28.42188682897162
2013-08-01,26.17957668139835,24.04744271113913,28.316185674228063
2013-08-02,26.18115965118485,23.907630352498085,28.39137447916447
2013-08-03,26.18173108770127,23.990054148467948,28.372850912908596
2013-08-04,26.178753904709776,24.033146998553626,28.472702111103906
2013-08-05,26.142423582001513,23.944223095665766,28.3288791492011
2013-08-06,26.128498427125837,23.937852254867472,28.356472488782718
2013-08-07,26.125482575033597,23.907331147959425,28.210044217580712
2013-08-08,26.108831044214764,23.702103725413917,28.343745492331074
2013-08-09,26.10716386367888,24.01784833489728,28.23333617039351
2013-08-10,26.104891015008494,24.065014996945827,28.28893680725595
2013-08-11,26.099527817752907,23.629253019719467,28.272968189035403
2013-08-12,26.061309536723723,23.91097896662191,28.348917175993975
2013-08-13,26.04602136731148,23.88291099068825,28.13482192136974
2013-08-14,26.042181588914527,23.77000934072446,28.164628835764052
2013-08-15,26.025247184165654,23.894726518048575,28.2491607301207
2013-08-16,26.02382890395315,23.833546939687672,28.250104183129707
2013-08-17,26.02231747597874,23.83188330090096,28.268622855880846
2013-08-18,26.01820052819319,23.765864155186414,28.14015225990725
2013-08-19,25.981678940339897,23.777347631080843,28.04807532695404
2013-08-20,25.968498708281338,23.847899435543646,28.219078889287974
2013-08-21,25.96713603612169,23.69751533373656,28.103346265045484
2013-08-22,25.953004877692123,23.588062963284912,28.19020338459482
2013-08-23,25.954673832844204,23.940723692079,28.094931219168306
2013-08-24,25.95649402586731,23.92808088674086,28.22876971765936
2013-08-25,25.955917473481293,23.75983908497942,28.157462197100553
2013-08-26,25.92311460047306,23.828928243274436,28.06189095630832
2013-08-27,25.913806943125085,23.83177211299468,28.129814464501926
2013-08-28,25.91645272310702,23.65521595929436,28.162942471057693
2013-08-29,25.906454494392307,23.894028995379898,28.086617312253804
2013-08-30,25.912375763687663,23.691493060421884,28.085940322469995
2013-08-31,25.9185682210303,23.658634415064736,27.977053307515092
2013-09-01,25.922489111412336,23.84704150715967,28.09139390137372
2013-09-02,25.894317442286884,23.69306648809708,28.18107243812575
2013-09-03,25.889785116123914,23.61148439768656,28.317915665223396
2013-09-04,25.89736073039007,23.895455890501612,28.20376955475107
2013-09-05,25.892455315974242,23.482820286491695,27.94021682863398
2013-09-06,25.90363698954189,23.50132481250215,28.062919170210048
2013-09-07,25.91525623553164,23.5849745431413,27.997949782834677
2013-09-08,25.924761429152866,23.75842150033255,27.86344783324975
2013-09-09,25.902313374467745,23.61465858074666,27.98649076954344
2013-09-10,25.903615021991644,23.82178593809234,28.02309546269892
2013-09-11,25.91709417686992,23.803674031029683,28.091160023728698
2013-09-12,25.918108528335495,23.793347424965532,28.11946249922739
2013-09-13,25.93516002441825,23.822362571370807,28.111800177801964
2013-09-14,25.952520343071058,23.754159750574235,28.054220503052214
2013-09-15,25.967547092007763,23.79784060158102,28.223035692086086
2013-09-16,25.950299516736806,23.878454748043914,28.216384856230775
2013-09-17,25.956369870520906,23.768939475875538,28.11928264704261
2013-09-18,25.97406823046275,23.884198783179386,28.16104282705469
2013-09-19,25.978630047844216,23.743220714777,28.20844176097359
2013-09-20,25.998433399341117,23.95425663587612,28.331166182428017
2013-09-21,26.017627619568728,23.993205327827535,28.20822820296169
2013-09-22,26.033452865038225,23.874703473558405,28.28984453327127
2013-09-23,26.015859297522223,23.77175649939681,28.193361559219404
2013-09-24,26.020341942365754,23.811796866636865,28.22488242584818
2013-09-25,26.035128903851316,23.934978852410296,28.29876628653164
2013-09-26,26.035392122728865,23.83605982466632,28.148098173418774
2013-09-27,26.049467541655744,23.817280606861527,28.250930014544615
2013-09-28,26.06148626330069,23.760355032641897,28.145087491646546
2013-09-29,26.068696163622313,23.88921323466189,28.293112542012725
2013-09-30,26.041082571624212,23.851772624244013,28.207844401817802
2013-10-01,26.034204007789782,23.90862743869086,28.019896261817877
2013-10-02,26.036380615452142,24.010911193866,28.382716894968638
2013-10-03,26.022904439554903,23.92676204502976,28.118856110915694
2013-10-04,26.022258406318915,23.856895138322944,28.111555492279532
2013-10-05,26.018745595490063,23.878580678653638,28.19773887049913
2013-10-06,26.00980829392618,23.89101890136905,28.133870731919945
2013-10-07,25.965645487027288,23.745207001358803,28.19922288962845
2013-10-08,25.94204484344381,23.77908011838077,28.075130026927994
2013-10-09,25.92756690713444,23.589208100327685,28.14963979605916
2013-10-10,25.89775074569,23.994748709778342,28.19609602602642
2013-10-11,25.88132801516593,23.77000143917839,27.95053029469823
2013-10-12,25.862847149347033,23.7281950133565,28.191416721288252
2013-10-13,25.839987284914113,23.65725130443864,27.961062610797203
2013-10-14,25.783170704938343,23.535509263651473,27.9136412995335
2013-10-15,25.74838998187643,23.59104857596578,27.851828526897005
2013-10-16,25.724387656286808,23.672807163197707,27.880988809640975
2013-10-17,25.68685781539865,23.54754839364071,27.961457249444734
2013-10-18,25.664656636882803,23.572029038452012,27.754356961337024
2013-10-19,25.642423697827123,23.57607104991547,27.766741995963493
2013-10-20,25.617893736861326,23.372339737811277,27.742150967679855
2013-10-21,25.561507710561962,23.34690977207547,27.876521518245763
2013-10-22,25.529239364566656,23.34762400055233,27.73348186571159
2013-10-23,25.509775174264384,23.393068448615,27.650358311964634
2013-10-24,25.478717016642026,23.322693425033506,27.691286897790604
2013-10-25,25.464794614871902,23.480483526482132,27.670793931673842
2013-10-26,25.45248951123948,22.98747826631162,27.49999446366589
2013-10-27,25.439350192453436,23.243855054552885,27.61112514081916
2013-10-28,25.395607126744054,23.21983754988744,27.549553528863676
2013-10-29,25.377003835804466,23.312542926028836,27.555561345696674
2013-10-30,25.371981746014125,23.25941320386478,27.47450286855511
2013-10-31,25.355888060003245,23.226877693353952,27.481989765556275
2013-11-01,25.357193562764078,23.164911845261173,27.47259256827908
2013-11-02,25.36012198708229,23.274867426397012,27.583505762070846
2013-11-03,25.361970431567375,22.92782345833984,27.55318795026213
2013-11-04,25.332729463478337,23.171795638901823,27.494295106991068
2013-11-05,25.327918909126208,23.232405201415812,27.336817423110045
2013-11-06,25.33577696613595,23.043723736485813,27.455079758361528
2013-11-07,25.331471781471276,23.091896105685624,27.612285956706693
2013-11-08,25.343322327784307,23.205164871804584,27.610049833368006
2013-11-09,25.355430138797956,23.17349149559989,27.533181070855953
2013-11-10,25.36500135207888,23.196159708949992,27.577959960588867
2013-11-11,25.341967666642635,23.126733967585622,27.600355308611995
2013-11-12,25.341822214036807,23.255357401920037,27.430971281027706
2013-11-13,25.352807993543166,23.366609325440646,27.52220939425266
2013-11-14,25.350128051550563,23.21863513456568,27.44941320450937
2013-11-15,25.362164292352492,23.220916147735714,27.607938069491485
2013-11-16,25.373106552550098,23.286293557052133,27.498933158455397
2013-11-17,25.380271473452073,23.27235088751453,27.601530946876213
2013-11-18,25.353719876900765,23.31289064488133,27.533661838488467
2013-11-19,25.349088750187533,23.389092914056366,27.58869288747239
2013-11-20,25.35477560359545,23.0593034889595,27.667066830556774
2013-11-21,25.3461444961161,23.3432067661867,27.563776224236523
2013-11-22,25.35174073136486,23.209909380547206,27.546794903778775
2013-11-23,25.355915966657903,23.139871578621076,27.558267698568496
2013-11-24,25.356143373330323,23.22988195525544,27.508300334193216
2013-11-25,25.322631647447643,23.241429827726872,27.598797768112
2013-11-26,25.31115405779402,23.15027618714595,27.411357013716714
2013-11-27,25.31023036124607,23.087079750198413,27.468220062310966
2013-11-28,25.295330931314698,23.052815449428664,27.51725244135622
2013-11-29,25.295090134592474,23.21186633761343,27.535357197142577
2013-11-30,25.293930712614227,23.092481235330776,27.3339861572806
2013-12-01,25.289378803480968,22.9396299176427,27.569055958712315
2013-12-02,25.251678380846176,23.17834486932587,27.51611637254425
2013-12-03,25.236621258744325,23.09531403101168,27.361233764955866
2013-12-04,25.23273043859603,23.147211237384933,27.27579398277462
2013-12-05,25.21546607693965,23.161568476545852,27.43060190278944
2013-12-06,25.21344103025938,23.167151876580725,27.346611385608547
2013-12-07,25.211047647528353,22.975302252949128,27.31646176096317
2013-12-08,25.205775352270617,23.03481232529243,27.255326759624268
2013-12-09,25.16782769654128,23.034426415907753,27.52501095635064
2013-12-10,25.1529549405057,22.844252582623742,27.379804103768567
2013-12-11,25.149639842568227,22.88209253747554,27.29900651137585
2013-12-12,25.133305853519325,22.97986215440858,27.286234318650912
2013-12-13,25.132534594946243,22.889791764912626,27.404277663922617
2013-12-14,25.131694227726438,23.02064074439274,27.342979890955075
2013-12-15,25.128258200916584,22.92866543842185,27.162456738816086
2013-12-16,25.092423026811037,22.748283569551344,27.212869761036384
2013-12-17,25.079941115172083,22.90343192208943,27.323533734098405
2013-12-18,25.079306347411706,22.839936255117358,27.201089324381773
2013-12-19,25.06596159658161,22.9007717577027,27.357084332446764
2013-12-20,25.068515101867508,22.948577645268283,27.329339418436135
2013-12-21,25.07136734693703,23.014419281379205,27.138004610061508
2013-12-22,25.07202798958157,22.885189201112173,27.373192042473985
2013-12-23,25.040731557252,22.80935743858568,27.216327473996085
2013-12-24,25.03326801973325,22.965014107863013,27.384478452538247
2013-12-25,25.038166004822468,22.92462204289802,27.205298068437887
2013-12-26,25.030897951990106,22.89381036638745,27.245172204918774
2013-12-27,25.040094202952393,22.81365294973445,27.281495094632582
2013-12-28,25.050167766860945,23.00669362021013,27.205899747024723
2013-12-29,25.05862939111467,22.858582877825732,27.392586639991105
2013-12-30,25.035701728371453,22.750622938346567,27.269071120848896
2013-12-31,25.03714877684341,22.891479433854514,27.24052805891874
2014-01-01,25.051458413190005,22.940111459414595,27.20111187623733
2014-01-02,25.05404735218008,22.867185045446885,27.14938166904575
2014-01-03,25.073475555555678,22.813223831277853,27.267111023290262
2014-01-04,25.094071834677372,22.82514180081725,27.3300728167191
2014-01-05,25.113250267773964,22.8132928697932,27.40798888042603
2014-01-06,25.101126195240965,22.935686337973408,27.170820323005604
2014-01-07,25.11334792663105,22.870285337549934,27.46142967905102
2014-01-08,25.13828192005796,22.89009381411933,27.36820802764442
2014-01-09,25.151220696080696,23.06208500616488,27.21594509707811
2014-01-10,25.180600424963075,22.85040449991996,27.15528391031498
2014-01-11,25.210629839373773,23.108881574505116,27.574168507056402
2014-01-12,25.23860999460881,22.957746528550352,27.55741162003809
2014-01-13,25.234553537799936,23.126150969334397,27.464085059388665
2014-01-14,25.254019517633573,22.908017328248814,27.330162252449846
2014-01-15,25.285301396198587,23.086871658227274,27.45590721542455
2014-01-16,25.30363743203028,23.24303080025657,27.466061830198786
2014-01-17,25.33743028928566,23.09230597923354,27.36975979346716
2014-01-18,25.370877452895833,23.168848055139307,27.64877086032412
2014-01-19,25.40129191366352,23.18283084569739,27.348591367806453
2014-01-20,25.398721742731922,23.121018547298092,27.509689269642877
2014-01-21,25.418784562498455,23.133830225505356,27.645923918220987
2014-01-22,25.449854569716642,23.282908591603807,27.641129230156373
2014-01-23,25.467271293006597,23.33482991184026,27.650054186165768
2014-01-24,25.499556971773416,23.3155468723116,27.546611629801802
2014-01-25,25.531044186672815,23.181392149088392,27.770686702933943
2014-01-26,25.559193272883505,23.262697467131037,27.692113446036434
2014-01-27,25.55420821815267,23.366739128401917,27.705821025006635
2014-01-28,25.571867148259194,23.51345912951902,27.825135520029097
2014-01-29,25.6007051616092,23.390776827824926,27.64313208134595
2014-01-30,25.616218808596244,23.42858721259395,27.767116770097935
2014-01-31,25.647079220374913,23.415392268476218,27.920200030384112
2014-02-01,25.6777556356941,23.537333066269202,27.725927603604784
2014-02-02,25.70582897300814,23.542484695732696,27.795780875029806
2014-02-03,25.701604259852147,23.612950330738993,27.854594800271023
2014-02-04,25.720938122970985,23.693171642092505,28.054526533695288
2014-02-05,25.75241918959102,23.530273224887935,28.03341330459498
2014-02-06,25.77157076929793,23.535050876666862,27.96151198329167
2014-02-07,25.80706287789295,23.731264633336966,27.941038654060897
2014-02-08,25.843335389712017,23.586558099981705,28.081366117272793
2014-02-09,25.87791198332094,23.632610366013516,28.16024005445448
2014-02-10,25.881013689453106,23.750257221423528,28.040972730287315
2014-02-11,25.908388220660584,23.668746955256292,28.10782780219742
2014-02-12,25.94849288867549,23.86896853510184,28.1444240725589
2014-02-13,25.976700415289738,23.784907194471895,28.252332337690017
2014-02-14,26.021514616887774,23.79723589093605,28.117485597624825
2014-02-15,26.067197652487824,23.82523687133874,28.205998615617396
2014-02-16,26.111088390834922,23.891746942935004,28.35034593265803
2014-02-17,26.12322058633695,23.948622488436257,28.24626607555043
2014-02-18,26.159156917857622,24.088501578859322,28.588352444034538
2014-02-19,26.207176568059126,24.11815485877957,28.30761040208886
2014-02-20,26.242485521578256,24.09805207950242,28.425656676146552
2014-02-21,26.293436439054137,24.127276419628295,28.476245066907442
2014-02-22,26.344159681666003,24.22692315132404,28.524745075060757
2014-02-23,26.3918849377573,24.310088950520736,28.53725613443076
2014-02-24,26.406562051589415,24.20415473675438,28.57452621782826
2014-02-25,26.443697035316237,24.271550857442115,28.41313543646015
2014-02-26,26.49154088789683,24.34132434705019,28.658285171064442
2014-02-27,26.525300365797897,24.44953454688599,28.6987860281673
2014-02-28,26.57335755061576,24.269987051184103,28.896643222111656
2014-03-01,26.6198997983309,24.275210869045587,28.926232592306445
2014-03-02,26.662239553523282,24.538502708998724,28.76574169642188
2014-03-03,26.670432681186742,24.457779313011994,28.803166146444333
2014-03-04,26.70011136920293,24.60843387823636,28.92948233275663
2014-03-05,26.739669314515712,24.675449240908613,29.09269593555172
2014-03-06,26.764468442006113,24.628002015688473,28.980844481974383
2014-03-07,26.80305411720813,24.724189859842216,28.973603863528766
2014-03-08,26.83978056214743,24.677013623155233,29.022192711685094
2014-03-09,26.872126087186185,24.801800400988505,29.07468569494673
2014-03-10,26.87030692235074,24.753603865705845,29.06229796263066
2014-03-11,26.890105829553224,24.632767027590653,28.94688035043095
2014-03-12,26.92005333092651,24.692980870344044,29.05228210406956
2014-03-13,26.93563091474453,24.695225038154987,29.132800754174223
2014-03-14,26.96548327959252,24.780558647658815,29.231062872704992
2014-03-15,26.994041409752374,24.765765966483325,29.23051804987148
2014-03-16,27.01883616010891,24.775648898201705,29.300434243852052
2014-03-17,27.01011117929405,24.908224679282412,29.19185019471678
2014-03-18,27.02365137622442,24.85764286411291,29.21221168681948
2014-03-19,27.047964766779003,24.80132700324754,29.222257941454288
2014-03-20,27.058487041341817,24.92870443647512,29.247053564651406
2014-03-21,27.083795871422048,24.844050612188056,29.35267743774219
2014-03-22,27.10823668537243,24.926530007107843,29.31423011960739
2014-03-23,27.12923950987257,24.931191349189838,29.322514825192417
2014-03-24,27.11693560791092,24.900242480979387,29.426664378491964
2014-03-25,27.12699000691612,25.122905731407027,29.269142156356075
2014-03-26,27.147787631981554,25.035599196928562,29.450701467364038
2014-03-27,27.154642256334295,24.957997916229132,29.261283597230126
2014-03-28,27.176015155647463,25.180620480995675,29.23117899676107
2014-03-29,27.196145065386204,25.084662963045762,29.247503646021755
2014-03-30,27.212368911626204,25.039484201880985,29.246434764240966
2014-03-31,27.19474192813119,25.130128420450625,29.37740066995264
2014-04-01,27.198873147134737,25.00985255373195,29.3040519627196
2014-04-02,27.21311388742859,25.144727236519365,29.372593757340805
2014-04-03,27.212768378127805,25.130648082368662,29.384802332634024
2014-04-04,27.226313350692774,25.026872059038592,29.42962184919245
2014-04-05,27.23802816577093,25.06149787021223,29.541854914752516
2014-04-06,27.245314935075392,24.910174905860977,29.51040850379258
2014-04-07,27.21831726364533,24.93334089043227,29.21718920941793
2014-04-08,27.21275363498022,24.977425817199595,29.212676169210596
2014-04-09,27.21710311925064,25.03996088941162,29.354902902641808
2014-04-10,27.206812619545527,24.89019053702615,29.444833273965635
2014-04-11,27.210512583169503,25.08277682810395,29.39225171280319
2014-04-12,27.212642854169257,25.01414331301081,29.41434663994408
2014-04-13,27.210768248989126,25.00808275109742,29.399030448967743
2014-04-14,27.175192610890544,24.917552159260868,29.12905970359117
2014-04-15,27.16178750079691,24.987548303256318,29.24903926873226
2014-04-16,27.159173340942253,25.0981192839174,29.286751448933984
2014-04-17,27.142922359553953,25.080686555317378,29.41525756138353
2014-04-18,27.141770390105705,25.034356591698305,29.248333632177086
2014-04-19,27.140239317437818,24.955056641035245,29.27126114374287
2014-04-20,27.13594985499229,24.9553844308235,29.337025460493347
2014-04-21,27.099233494386095,25.04463181643754,29.276500473735155
2014-04-22,27.085959851310854,24.810066215059685,29.363109249652368
2014-04-23,27.084717269228584,24.983147206216223,29.267085464445955
2014-04-24,27.07026727436377,24.917781826901255,29.24351494498779
2014-04-25,27.072003820845335,24.905128891756537,29.224441643150445
2014-04-26,27.074331321816345,24.995603488112792,29.278645986751293
2014-04-27,27.074728876068946,24.73370376580755,29.233598582690576
2014-04-28,27.043365576804014,24.957882134718247,29.200573169785528
2014-04-29,27.03593181560284,24.945677587734817,29.237893003704503
2014-04-30,27.040824337741345,24.952277993211297,29.158412767586857
2014-05-01,27.033354299947533,24.940560059599495,29.158774360915885
2014-05-02,27.04196525273738,24.895531968880466,29.154623834526426
2014-05-03,27.050862677545123,25.02716026290084,29.331312518543807
2014-05-04,27.057334574603267,24.72219491489567,29.0940614207222
2014-05-05,27.031371733509225,24.811409575612224,29.02078303455847
2014-05-06,27.02850368601084,24.837129442964933,29.271750615972397
2014-05-07,27.036987969114346,24.879156147390905,29.408161434959734
2014-05-08,27.03202183348767,24.783279543829035,29.171868805863458
2014-05-09,27.041963218326476,24.924049612644772,29.332907753076913
2014-05-10,27.050962539928044,24.879028014362373,29.258723871949055
2014-05-11,27.056284727281753,24.8747498669566,29.159438750986375
2014-05-12,27.027930096049236,25.0168796434841,29.251653483697343
2014-05-13,27.021470043116146,24.794016741326153,29.110241326204097
2014-05-14,27.025235196166886,24.76023924429856,29.21406684217685
2014-05-15,27.014525183111303,24.798416983715228,29.16879220595221
2014-05-16,27.017826895051666,24.81038284576052,29.024223698908493
2014-05-17,27.01944286373704,24.721093840491278,29.185713912684133
2014-05-18,27.016809279622397,24.839648623155885,29.091607427804117
2014-05-19,26.980112351213798,24.79061279389688,28.958875771164607
2014-05-20,26.96511911062344,24.772729099332075,29.15080146389392
2014-05-21,26.960360432523807,24.729488086714802,29.212947546225358
2014-05-22,26.941335570357698,24.95778938908567,29.199254413001736
2014-05-23,26.936725224931603,24.65084152350554,29.236600427827707
2014-05-24,26.93101490625873,24.85428012816138,29.056489098034564
2014-05-25,26.92180824929213,24.811164979282054,29.317893272718536
2014-05-26,26.879439109635953,24.625933833076466,28.914357161719163
2014-05-27,26.859798657012043,24.742225736641167,29.203797170351393
2014-05-28,26.851515330879824,24.61602036293531,29.053323450721845
2014-05-29,26.830157041011276,24.66266858020297,29.02978322060209
2014-05-30,26.824442686711087,24.57943926929671,29.03319012396993
2014-05-31,26.81886479221452,24.58823129227903,29.077691754856406
2014-06-01,26.811002932757425,24.691072301279537,29.17525746718395
2014-06-02,26.771136768199472,24.56609591095869,28.847220205393118
2014-06-03,26.75507487008753,24.563191219824546,28.968683765505368
2014-06-04,26.751337153019623,24.572354358911223,28.991674226305154
2014-06-05,26.735360219540674,24.538551238965244,29.049480900653812
2014-06-06,26.735712600847545,24.512924476400777,28.894316634287332
2014-06-07,26.736721584241753,24.669916756870705,28.93310640976935
2014-06-08,26.735791183131997,24.626208268805257,28.906163534169835
2014-06-09,26.703019939076245,24.557559403822108,28.94913388465294
2014-06-10,26.69403460927933,24.393673772219152,28.87915292038527
2014-06-11,26.697177416602123,24.35870370278939,28.91282001254512
2014-06-12,26.687716039914633,24.6946546443922,28.758424864957753
2014-06-13,26.694063201749962,24.573082832511847,28.78017648699839
2014-06-14,26.700407428393206,24.528707591938424,28.87574745041575
2014-06-15,26.70403443509361,24.605398924173755,28.948820736085057
2014-06-16,26.67494773823359,24.53411165949829,28.825370931486347
2014-06-17,26.66870447799397,24.417462144534422,28.686249253255788
2014-06-18,26.67360407826069,24.436115195931258,28.8116057621664
2014-06-19,26.664898892091124,24.494177705434094,28.839459009894778
2014-06-20,26.671013681590228,24.6507695743437,28.93253117626106
2014-06-21,26.67617552064937,24.386076761545716,29.02868038271206
2014-06-22,26.67773360737028,24.49709626382794,29.004184240671268
2014-06-23,26.645777641774618,24.37445697430407,28.641155395485256
2014-06-24,26.635970823997972,24.474059316034925,28.892531917158905
2014-06-25,26.636735187037615,24.523978518110546,28.9960638669284
2014-06-26,26.62345851270489,24.41338250617319,28.492288662951726
2014-06-27,26.62470978997552,24.508978144686782,28.79351374546638
2014-06-28,26.62486492128578,24.369226665687105,28.834783839382034
2014-06-29,26.62142228403505,24.564857154330834,28.782513218446486
2014-06-30,26.584616923196364,24.53754660027431,28.741293603948773
2014-07-01,26.57024954697154,24.465276736371177,28.843444282178766
2014-07-02,26.56686814944008,24.35830500166584,28.81725223200224
2014-07-03,26.549971608820332,24.332654321478365,28.80534506730616
2014-07-04,26.54822230785418,24.242862147940095,28.65391846861309
2014-07-05,26.546069554195018,24.415554079559545,28.653965603917325
2014-07-06,26.541063463526392,24.188247156537127,28.70945651555428
2014-07-07,26.503468118550366,24.449851316453525,28.919308106959225
2014-07-08,26.48909019396764,24.28161616171148,28.632287070429914
2014-07-09,26.48646087028058,24.471241905055592,28.601446651613923
2014-07-10,26.471040364917112,24.162655947496226,28.832909535853666
2014-07-11,26.471432088931493,24.32692419340172,28.582144294560788
2014-07-12,26.47200815214582,24.154373764842838,28.64001693172622
2014-07-13,26.470225809534437,24.241008724006196,28.707287571711753
2014-07-14,26.436243579422378,24.188798012957605,28.623085490187442
2014-07-15,26.425753131017945,24.273334279853298,28.573311020789102
2014-07-16,26.427164664332896,24.411337481148447,28.435579826615875
2014-07-17,26.415815007092533,24.271912932262936,28.633192147897812
2014-07-18,26.42018533198211,24.379276618114293,28.625464287348994
2014-07-19,26.424530114291606,24.23450081200135,28.550234328649356
2014-07-20,26.426196825067702,24.280209896326937,28.68481281666601
2014-07-21,26.395245000568803,24.181060412851448,28.772324922041204
2014-07-22,26.387280706222672,24.168281210968008,28.57360960243823
2014-07-23,26.390644051462946,24.328183947261376,28.71901081613046
2014-07-24,26.38061892778907,24.258603087561177,28.56036857045495
2014-07-25,26.38565183687496,24.219881585175198,28.453443225490844
2014-07-26,26.389981408835464,24.277660924267288,28.62254083969306
2014-07-27,26.39095810267911,24.24192690321558,28.455956604396413
2014-07-28,26.35866274334042,24.243815026792845,28.50692721748342
2014-07-29,26.34873994305211,24.14719927775465,28.514302955021428
2014-07-30,26.349584107779258,24.162160627303102,28.613015606972596
2014-07-31,26.33654725856075,24.15044680021026,28.529168036117788
2014-08-01,26.338155603251742,24.237336531372698,28.49360369187068
2014-08-02,26.33873653627619,23.982874690315594,28.525159894613815
2014-08-03,26.33573564220704,23.981228682445895,28.43599090398541
2014-08-04,26.29933244491482,24.026146111801925,28.551270316693273
2014-08-05,26.285271038162485,24.102725271823406,28.36994215085778
2014-08-06,26.28204338447366,24.24640520098726,28.389529638177095
2014-08-07,26.265094593533036,24.135470211654077,28.55742137393749
2014-08-08,26.263037189829596,24.244421455905837,28.43296839087426
2014-08-09,26.260276111936523,24.13325562233175,28.481755805573272
2014-08-10,26.254324072676663,24.017161046898874,28.382961347777677
2014-08-11,26.21541606246176,24.074328465487376,28.25290452795289
2014-08-12,26.19933915824202,24.141540292947603,28.45694722641225
2014-08-13,26.194615436814995,24.084040351037395,28.22686241546673
2014-08-14,26.176707300872803,23.85264872579586,28.38401124035546
2014-08-15,26.174232210121975,23.956457166992777,28.29735555990702
2014-08-16,26.17158852877702,24.181356027873694,28.32038307430463
2014-08-17,26.16627207507574,24.040908320306023,28.474054071682936
2014-08-18,26.12849210061005,23.81065011906104,28.162248299189578
2014-08-19,26.1140027984723,23.918904858346053,28.438977249710806
2014-08-20,26.111288068823594,24.05587366197773,28.326239867848876
2014-08-21,26.095768775854268,23.838122669682562,28.251299262046114
2014-08-22,26.09601941236629,23.947142006455298,28.375105391748036
2014-08-23,26.096395808091298,23.99071949471306,28.117760717337156
2014-08-24,26.094353395703557,23.910533508722107,28.163144413651242
2014-08-25,26.060064696580486,23.960039175395277,28.179675898721587
2014-08-26,26.049252067777356,23.864947360049594,28.29703113862818
2014-08-27,26.050373391476352,23.937627083773005,28.29796693209066
2014-08-28,26.038829905367784,23.770704299805292,28.204659799221815
2014-08-29,26.04318306776915,23.753392964714905,28.19884960180213
2014-08-30,26.04778208508616,23.773686018968355,28.24743886938294
2014-08-31,26.05008162134125,23.911542577709163,28.279412914664523
2014-09-01,26.020258371760494,23.9783560837246,28.150146751340305
2014-09-02,26.014042575417122,23.747049536032165,28.153007563256878
2014-09-03,26.01990219428372,23.931497904664667,28.441018353974275
2014-09-04,26.013249014348872,23.776995557888387,28.090200316591282
2014-09-05,26.02265362907431,23.876087195620542,28.309708750890525
2014-09-06,26.032471006379893,23.707800390971606,28.194382941356686
2014-09-07,26.040156237166162,23.80859779052716,28.178565887260234
2014-09-08,26.015879227757225,23.880878909816087,28.249748008996544
2014-09-09,26.015354491063146,23.704271539421427,28.204625636413216
2014-09-10,26.027023840319625,23.90238729405527,28.0573928113436
2014-09-11,26.026261311627884,23.894150208672826,28.26603988280866
2014-09-12,26.04158733771708,23.826673788992455,28.234004499218223
2014-09-13,26.05729392559275,23.962859092151405,28.221157144139678
2014-09-14,26.070760474944024,24.06044972114327,28.309916447031316
2014-09-15,26.052069024373235,23.738588692020333,28.214448913059584
2014-09-16,26.056835089600977,23.89485109135431,28.30101444934977
2014-09-17,26.07339189085431,24.10554036052078,28.18705657841169
2014-09-18,26.076997272817714,24.109553209505496,28.326412054254142
2014-09-19,26.09605030085398,23.8900252523455,28.21440643112182
2014-09-20,26.114719232387813,23.78513033875324,28.27326457673562
2014-09-21,26.130260432797826,24.040477618174794,28.276920009505176
2014-09-22,26.112636943345716,23.992270539284096,28.335256312800798
2014-09-23,26.117352775900077,23.99383575558353,28.279742364576872
2014-09-24,26.132640634889995,23.96949412684693,28.387933331960255
2014-09-25,26.13367226847628,24.004691185456387,28.32111719921251
2014-09-26,26.148778329579432,24.06695429912825,28.318734594396762
2014-09-27,26.162079343954634,24.03235849493524,28.24677513059522
2014-09-28,26.17080725738551,23.81354927543009,28.444868714599775
2014-09-29,26.1449261796539,23.928233953191032,28.34428984710131
2014-09-30,26.139968320385623,24.10608600424258,28.250575415975874
2014-10-01,26.144222750317102,23.840352052336474,28.367438009318583
2014-10-02,26.13294613807277,23.857711058495717,28.224043707811497
2014-10-03,26.134582307999363,24.06001808385599,28.3435089990619
2014-10-04,26.133392199325442,24.083115765787387,28.30571234210694
2014-10-05,26.126773700811746,23.945310353223995,28.226438802709694
2014-10-06,26.084879999979783,23.953163896722575,28.24907741210169
2014-10-07,26.063452482545635,23.836444287270858,28.340103617051348
2014-10-08,26.051005874447,23.674242071771474,28.226800360002255
2014-10-09,26.023034852383223,23.8796285776716,28.120890184531913
2014-10-10,26.00822905942276,23.77679343385136,28.210628161943408
2014-10-11,25.99109820985215,23.833515698476333,28.258007664893515
2014-10-12,25.96928687157355,23.850797237884496,28.19646968298434
2014-10-13,25.913187686535572,23.966826897497295,28.111043548461254
2014-10-14,25.878769190256794,23.894559571789394,28.039421379797638
2014-10-15,25.854756048933883,23.89683657578275,28.03750503000224
2014-10-16,25.81683106341957,23.565550811530187,28.05040330479986
2014-10-17,25.793845993877408,23.56585833061638,27.991329141276076
2014-10-18,25.770442997207564,23.643323895798694,27.893696449760466
2014-10-19,25.744366361142756,23.365469529830676,27.989684686780137
2014-10-20,25.686073376094647,23.603741908705675,27.862944824341007
2014-10-21,25.65156056913632,23.494105866075994,27.86914455554664
2014-10-22,25.629543162859207,23.515528311483806,27.889158023076646
2014-10-23,25.595657132268112,23.349888584149888,27.793922336579822
2014-10-24,25.578670916292225,23.32771286045781,27.664172952668064
2014-10-25,25.563108557514504,23.375187466301476,27.73324445880387
2014-10-26,25.546563914689987,23.212935536080035,27.675144108316093
2014-10-27,25.499314729967992,23.35363271200701,27.832326966189186
2014-10-28,25.477152697750142,23.34430188736455,27.36411847831533
2014-10-29,25.468567304231676,23.335040478885595,27.77606854982249
2014-10-30,25.448952703360657,23.291852144780233,27.644465936750155
2014-10-31,25.446824567502627,23.078127368425328,27.41702633485474
2014-11-01,25.44644856043164,23.299650118168792,27.5773553806461
2014-11-02,25.445159946929152,23.07974727031281,27.542556532484323
2014-11-03,25.412982989795736,23.10630673833731,27.57438594564399
2014-11-04,25.405466152787916,23.162238193585665,27.533712817637284
2014-11-05,25.41087075621121,23.20901254137497,27.509529450099745
2014-11-06,25.40438223793571,23.18801769724195,27.60395159201433
2014-11-07,25.41433085746495,23.293952991292112,27.460282005040686
2014-11-08,25.42482340494382,23.126401829640145,27.438494985557245
2014-11-09,25.433065360761674,23.1735378575736,27.586950587310938
2014-11-10,25.408982106729347,23.187603627078442,27.66931760487568
2014-11-11,25.408055177481423,23.121130543930136,27.557482528291857
2014-11-12,25.418511189534183,23.33603461581522,27.69124834989793
2014-11-13,25.41553261204352,23.225699506438495,27.63780582120162
2014-11-14,25.42747724819003,23.276834998071646,27.5465036616926
2014-11-15,25.43850803928108,23.340468413639076,27.51839673425288
2014-11-16,25.445912704691604,23.111805273433845,27.832903501580798
2014-11-17,25.41972190125008,23.308012855681906,27.570484180030014
2014-11-18,25.41554198598042,23.374029294051578,27.672384392909695
2014-11-19,25.42174012467939,23.297528454739332,27.730571099288174
2014-11-20,25.413651022104965,23.22444934925581,27.48872185979608
2014-11-21,25.41979225786031,23.175947137498547,27.5843974032808
2014-11-22,25.424489955323207,22.962215203110567,27.4771412744557
2014-11-23,25.42519440882335,23.18728794009796,27.676025621336912
2014-11-24,25.392094458413162,23.10155135228885,27.514428252147333
2014-11-25,25.380946792610487,23.181922509253,27.61107923906614
2014-11-26,25.380258006156552,23.176530553322902,27.61027199995886
2014-11-27,25.36548875897367,23.28760920987896,27.459862504831754
2014-11-28,25.365267074859297,23.151647734800925,27.35220704850209
2014-11-29,25.364012544441316,23.23763042876652,27.63573659010075
2014-11-30,25.35925107671563,23.1813687902023,27.54200501649901
2014-12-01,25.321228989329025,23.12863632432663,27.469289601076433
2014-12-02,25.305742600818245,23.1263273767517,27.24111708672221
2014-12-03,25.301321117537405,23.168894274329144,27.423246008559346
2014-12-04,25.28343211136304,22.994496036195113,27.448621248608653
2014-12-05,25.28069656264327,23.2539130470502,27.499490463871588
2014-12-06,25.277515157096733,23.103747154696336,27.474598977094395
2014-12-07,25.271385395962263,23.068857815196573,27.502184921186213
2014-12-08,25.232518218154937,22.993685176271697,27.52152070712221
2014-12-09,25.21667020281528,23.131230297533083,27.518732295907487
2014-12-10,25.212329049798996,22.85424701599519,27.28414870158396
2014-12-11,25.194921541683044,23.196998693727934,27.36117604202865
2014-12-12,25.193030874836044,23.041795753316073,27.229344395374543
2014-12-13,25.191024969663033,22.94728671070393,27.39512367023099
2014-12-14,25.18637525149063,22.76267320929948,27.346782973909708
2014-12-15,25.149274545867428,22.894148305062743,27.445062656703893
2014-12-16,25.135470116204097,22.9419573627213,27.091048245219476
2014-12-17,25.13344951656111,22.6588017843317,27.274177970234597
2014-12-18,25.118648454839317,22.82463255993377,27.318403552286245
2014-12-19,25.119667562192237,22.97067428095642,27.240729601382906
2014-12-20,25.1208997032808,22.943387802866436,27.238701196366012
2014-12-21,25.119847358716623,23.09380102244588,27.3120676822637
2014-12-22,25.08673877735854,23.136797899482225,27.20336759935135
2014-12-23,25.0773589924893,22.840354857016557,27.163735352303824
2014-12-24,25.08023345080067,22.815078943707665,27.09782822594511
2014-12-25,25.070833533069393,22.88175350739973,27.24164391613832
2014-12-26,25.07779095073126,22.93057619820094,27.21527456123971
2014-12-27,25.085522743203796,23.047295483880717,27.38639385167173
2014-12-28,25.09154649641041,22.824846156015646,27.25478845746504
2014-12-29,25.06609456519993,22.697714873316976,27.298472980787
2014-12-30,25.064943471813276,22.881380276362282,27.34857062787884
2014-12-31,25.076596297922837,23.02842269334199,27.30167274223413
2015-01-01,25.07648740586611,22.924985404594704,27.27711001438177
2015-01-02,25.093196516187387,22.824745017931974,27.17110667068851
2015-01-03,25.11107389387426,22.9646911495906,27.386614392649722
2015-01-04,25.127556274832145,22.97317239523476,27.32018683482013
2015-01-05,25.112782309384748,22.749663685543066,27.121623462240066
2015-01-06,25.12242367201623,22.975083003324677,27.33207736931224
2015-01-07,25.144869615430114,23.105171160585332,27.353178751462046
2015-01-08,25.155434249603733,22.876601176695765,27.479104424552844
2015-01-09,25.182573504048197,23.171853633056788,27.402406804866462
2015-01-10,25.210513444765663,22.958023160699565,27.320518293707465
2015-01-11,25.236569486926378,23.179164162236805,27.471197209319744
2015-01-12,25.230765182599512,22.977392816786903,27.315443010645787
2015-01-13,25.2486666312927,23.145202232421944,27.46443668229266
2015-01-14,25.27857018899724,23.059284252399205,27.38887624905733
2015-01-15,25.29571265626639,23.172784409895645,27.637433766874558
2015-01-16,25.328490808728837,23.194026251664184,27.544905733030124
2015-01-17,25.361091855044798,23.216366525230146,27.610563041652874
2015-01-18,25.390814287938046,23.153651232604023,27.545989666540162
2015-01-19,25.387687745793798,23.047577496572874,27.55043092561135
2015-01-20,25.40730788636354,23.269147517589776,27.32426460583918
2015-01-21,25.438023919309163,23.25683916224048,27.6744952333706
2015-01-22,25.455147967533406,23.363181554344617,27.623443546138052
2015-01-23,25.487173129082223,23.315941228470557,27.719491763410826
2015-01-24,25.518401852004576,23.377952178575914,27.793830664166773
2015-01-25,25.54626413363489,23.349796162208424,27.745510181317254
2015-01-26,25.540934224973388,23.334253384426546,27.817758780032293
2015-01-27,25.558161920624094,23.573828827783725,27.85949954156643
2015-01-28,25.586456173568774,23.423630368730727,27.65087386846474
2015-01-29,25.60129030835918,23.512786880081126,27.87456242173293
2015-01-30,25.63131581636045,23.484265722246885,27.845951562439208
2015-01-31,25.660986462329145,23.455821930113796,27.816919724144313
2015-02-01,25.687872332406073,23.346187873423826,27.745779068366467
2015-02-02,25.682272621114805,23.49646243751678,27.684260956905863
2015-02-03,25.70004334964058,23.630751094646897,27.964178192508825
2015-02-04,25.72977785809876,23.45460084098298,27.816501601345117
2015-02-05,25.74700943735748,23.649132910433245,27.981821392880832
2015-02-06,25.780423161817513,23.70203086810644,28.218163154384598
2015-02-07,25.81447871362118,23.689496424053868,28.005468422802483
2015-02-08,25.846723871068402,23.62306802927938,28.019407920784857
2015-02-09,25.84740748164794,23.523329262392075,28.101677275413245
2015-02-10,25.872308114073963,23.69669215999624,27.94073773915497
2015-02-11,25.909916213217063,23.738666927403354,28.009021047257995
2015-02-12,25.93563908411445,23.597149620306983,27.93350550115328
2015-02-13,25.978015707486403,23.927444872895574,28.088381755095202
2015-02-14,26.02134310020306,23.78009701351965,28.23235404210059
2015-02-15,26.06299380046576,24.022068600036175,28.255487185155054
2015-02-16,26.073033191656645,23.741003013914195,28.308615330822185
2015-02-17,26.107052742294726,23.967306768928275,28.2531991149057
2015-02-18,26.15335686180163,23.964571508898157,28.363665823433223
2015-02-19,26.187172570331896,24.001052122621395,28.36744623920185
2015-02-20,26.2368688570323,24.16560044845601,28.259523456927983
2015-02-21,26.286587315621528,24.020410773401426,28.445252116360194
2015-02-22,26.333563519557348,24.212348430790495,28.587677198490937
2015-02-23,26.347747743675622,24.04296925278009,28.474902801763363
2015-02-24,26.38464101617643,24.219842835271496,28.497212009269266
2015-02-25,26.43248412331202,24.105272925530894,28.67002982775852
2015-02-26,26.466468706149065,24.220022185464234,28.709939564651364
2015-02-27,26.51495728508218,24.2408559595227,28.745908973368905
2015-02-28,26.562113783656898,24.3699072792795,28.873506308979483
2015-03-01,26.60522401853325,24.4533082522012,28.740282627779152
2015-03-02,26.61431478886071,24.400030993051516,28.75131224381574
2015-03-03,26.64498759643636,24.42517137414372,28.81317484192572
2015-03-04,26.68560468629733,24.591725947909268,28.746981760072153
2015-03-05,26.711496632321587,24.477088224950133,28.835079299334872
2015-03-06,26.751178404219267,24.46873771039209,28.872540962648657
2015-03-07,26.788975600816254,24.56862921666282,28.960473867064138
2015-03-08,26.82234043921528,24.575037038762897,29.0011206589344
2015-03-09,26.821466261758665,24.573384289595527,29.00755617511487
2015-03-10,26.842116723035133,24.609633154915645,29.081626640142524
2015-03-11,26.87280747590398,24.544161902403896,28.946045763216464
2015-03-12,26.889009705171503,24.569095664286333,29.058841524011026
2015-03-13,26.91936256051843,24.625129196180445,28.973692256476088
2015-03-14,26.94829627662551,24.71531955856652,29.15732879622813
2015-03-15,26.973345657975525,24.91900743191803,29.41812110700071
2015-03-16,26.96476276044122,24.960653368661905,29.09553629865968
2015-03-17,26.978344982337514,24.75571234469967,29.164863518145758
2015-03-18,27.00261641311949,24.972823720122214,29.156472575696984
2015-03-19,27.013031795474397,24.6705484363557,29.19431988823065
2015-03-20,27.03819013719998,24.9832814515167,29.249063881368507
2015-03-21,27.062459723699757,25.053355936946577,29.188113141471895
2015-03-22,27.083294150606687,24.758589260238114,29.248575650356383
2015-03-23,27.070848131479785,24.796498112976515,29.44473552117927
2015-03-24,27.080809199106252,24.882760441470946,29.159712246841217
2015-03-25,27.10158304017982,24.937721108396918,29.22195952928089
2015-03-26,27.108501699552566,24.797907376633994,29.085047959290723
2015-03-27,27.130041563230396,24.931198953404063,29.26951832153397
2015-03-28,27.15045273973002,24.960283270456962,29.410473207337922
2015-03-29,27.167079327924863,24.893847174797635,29.379903774857098
2015-03-30,27.149979198591947,24.880746022043727,29.274084936977257
2015-03-31,27.154759287841316,24.954845952286302,29.363336606533252
2015-04-01,27.16976403274934,24.932585893602766,29.29077060039168
2015-04-02,27.170286090066096,25.059912126738666,29.23439619841954
2015-04-03,27.184786168767108,25.009822724681793,29.447734074949608
2015-04-04,27.197523536933762,24.902409406642594,29.342355495505952
2015-04-05,27.20587665299265,25.09952225519703,29.464230159051354
2015-04-06,27.179962532644794,25.051809844682456,29.411850922957207
2015-04-07,27.17547085652871,25.010393305528908,29.273238607742467
2015-04-08,27.180850478427182,24.869661125997546,29.501094503513425
2015-04-09,27.171517526223226,24.965288999417602,29.360277784141886
2015-04-10,27.176071998145595,24.816136756563,29.347153173861052
2015-04-11,27.178924504993276,25.001501868490738,29.375276193174194
2015-04-12,27.17761271446357,24.839335967055632,29.455516715922382
2015-04-13,27.14241622789483,24.966902089286762,29.38026968081793
2015-04-14,27.12918602294629,24.98651555475789,29.42567279357666
2015-04-15,27.12652625633292,24.928819111192254,29.116974154439713
2015-04-16,27.109997755113685,25.048056078577044,29.297062946972165
2015-04-17,27.108330233433836,24.945007134260493,29.22941283856921
2015-04-18,27.10604501397186,25.003487962368627,29.25869426379793
2015-04-19,27.100767929265437,24.97600382108271,29.35839409350443
2015-04-20,27.062841239311155,24.826656389287034,29.04906786296642
2015-04-21,27.048150788995947,24.915027861638563,29.26077031979903
2015-04-22,27.045306270827506,24.85742502202643,29.18186540344934
2015-04-23,27.02984397201171,24.873399775569105,29.3109371967544
2015-04-24,27.03043907101978,24.884860662840087,29.375698756383834
2015-04-25,27.03152926793426,24.95558129071167,29.20368050315447
2015-04-26,27.030629405361587,24.88942990389545,29.357862294001933
2015-04-27,26.997945874936686,24.766619170372287,29.16695749610995
2015-04-28,26.989206969719245,24.78278038124827,29.04770034847161
2015-04-29,26.992846964524528,24.832613476756404,29.126852240586388
2015-04-30,26.984213201943447,24.72274221871549,29.307956637775206
2015-05-01,26.991783132841977,24.615901547123244,29.168193785649215
2015-05-02,26.9997929674556,24.798211365891188,29.219105593332962
2015-05-03,27.005557457455893,24.6950556846574,29.215769067938588
2015-05-04,26.97908946318241,24.874547664613253,29.09987998603181
2015-05-05,26.975935325034808,24.764328309679744,29.156824773587715
2015-05-06,26.984363683256063,24.83622410146812,29.15625334929823
2015-05-07,26.979576893412084,24.72457978713254,29.08706295619719
2015-05-08,26.989931866933507,24.79235799729208,29.162752797295035
2015-05-09,26.999571887794957,24.580106640416354,29.152637061831033
2015-05-10,27.00574883799833,24.98279267561931,29.087230833293415
2015-05-11,26.978444418138587,24.82812155445743,29.111430324009536
2015-05-12,26.97320633582974,24.810671868426155,29.09422667950357
2015-05-13,26.978337082999182,24.774239531301088,29.196837399585483
2015-05-14,26.96910444976863,24.800682698432794,29.100744818743916
2015-05-15,26.97396062832086,24.832894474689446,29.20970412914314
2015-05-16,26.977171504797727,24.840481626632965,29.316304198116917
2015-05-17,26.97613564047358,24.716169443006653,29.07592082558749
2015-05-18,26.941001616740042,24.80647183349529,29.29412961347546
2015-05-19,26.927499822135342,24.760713001840745,29.202604390357596
2015-05-20,26.924126422116174,24.830106465548774,29.26949222010916
2015-05-21,26.906348789870734,24.574944018893184,28.959814409403386
2015-05-22,26.904358681357575,24.67150074666301,29.04553314959391
2015-05-23,26.901078433957867,24.713872768853584,28.987988763957105
2015-05-24,26.894092750376924,24.579949478199445,29.152835724367147
2015-05-25,26.853721958834676,24.54025475021676,28.944364385874657
2015-05-26,26.835849415662327,24.664702464962627,29.15086936676027
2015-05-27,26.829101615325555,24.73098873700246,28.970777903594243
2015-05-28,26.809050387560998,24.471743665102867,29.10207704944693
2015-05-29,26.804424256564523,24.89579173381141,29.039929568066
2015-05-30,26.799730765309732,24.632148506423984,29.106648363119803
2015-05-31,26.792569449155383,24.678230751133018,29.093868896126004
2015-06-01,26.753244289113987,24.510060390540296,28.944617978198544
2015-06-02,26.737591847582294,24.689310118994683,28.927997886510788
2015-06-03,26.73416291723788,24.469757712214808,29.066134915405758
2015-06-04,26.718427014529887,24.47654839901111,28.8564925552784
2015-06-05,26.718986723959876,24.48543340426548,28.942304891452988
2015-06-06,26.720203609043352,24.56919626338306,28.736678232495898
2015-06-07,26.719515271040585,24.52159422066827,28.91095072337412
2015-06-08,26.687052269852103,24.394195623657748,28.92777777560238
2015-06-09,26.678470984330453,24.620548985557136,28.880853427622363
2015-06-10,26.682140111164028,24.453831507839446,29.008092795175607
2015-06-11,26.673349999935468,24.43775057861057,28.906066686292608
2015-06-12,26.680531698204973,24.29499018749226,28.83516453661488
2015-06-13,26.687887295332487,24.548264784088605,28.775221132254558
2015-06-14,26.692711027636367,24.408304083016695,28.87369382513749
2015-06-15,26.665009752719797,24.600165004107566,28.88393198568004
2015-06-16,26.660338778460858,24.54379076746809,28.85707328613388
2015-06-17,26.66699067130945,24.55851769908565,28.831324020751133
2015-06-18,26.660206186156415,24.62941991829703,28.848959163682483
2015-06-19,26.668394156826416,24.53151185428564,28.946829576757008
2015-06-20,26.675761922428045,24.548323596031207,28.9307589664434
2015-06-21,26.67963576015256,24.50498806455726,28.801480800604555
2015-06-22,26.650079961372228,24.345606632830734,28.73482380621234
2015-06-23,26.642730585535183,24.358654045187713,28.708923544756427
2015-06-24,26.645981583876893,24.38174839516746,28.94558044539554
2015-06-25,26.63519251885505,24.240170822349004,28.722123919836307
2015-06-26,26.638904815710173,24.50893783816464,28.85986872690299
2015-06-27,26.641468229520935,24.5532938079452,28.594358771484433
2015-06-28,26.640357114070007,24.475550713666305,28.680046799066897
2015-06-29,26.60578524929767,24.369642741171717,28.840147348571936
2015-06-30,26.593535382501113,24.423367920634746,28.600689701267616
2015-07-01,26.592141293243383,24.41582313009349,28.999603169732
2015-07-02,26.577091719770866,24.262685490389902,28.641556699836798
2015-07-03,26.577043186057196,24.460404390453938,28.73250877673603
2015-07-04,26.576443503559425,24.462074480350914,28.79942044716697
2015-07-05,26.57284561027485,24.30134665698391,28.735750805188445
2015-07-06,26.53652056370856,24.502038028434736,28.547971509806644
2015-07-07,26.523285884801616,24.42798562889503,28.786695318314305
2015-07-08,26.5216870857807,24.317846972902174,28.697259615013213
2015-07-09,26.507201723426753,24.32456709573199,28.747202869801995
2015-07-10,26.508453001451734,24.275214260071774,28.817329781753
2015-07-11,26.509834662239484,24.42940071092968,28.747987409269285
2015-07-12,26.508826779555044,24.2201696365187,28.727595149286376
2015-07-13,26.475611202439175,24.431961604758662,28.749513072085296
2015-07-14,26.46590276769774,24.13026570574842,28.659274098514253
2015-07-15,26.468134023591947,24.292422643142288,28.529675681226433
2015-07-16,26.457662707966392,24.168301987096577,28.52709696614562
2015-07-17,26.46298890134393,24.36641441821947,28.80395449478673
2015-07-18,26.468383490293988,24.212644982790415,28.53188028754948
2015-07-19,26.471207449064813,24.30344757562504,28.625189459435703
2015-07-20,26.441530590450387,24.335833681538,28.577411276081605
2015-07-21,26.434965811299158,24.3253080593802,28.417704822876477
2015-07-22,26.439856493116068,24.347683351951815,28.649543591491774
2015-07-23,26.431486230972652,24.286575148258294,28.602108538465092
2015-07-24,26.438297755249646,24.06904661655673,28.683060128317933
2015-07-25,26.44452264096697,24.196467843228646,28.534178179224835
2015-07-26,26.447501288546025,24.304429827940996,28.549733102693413
2015-07-27,26.417301819675924,24.357123491011162,28.62814163030572
2015-07-28,26.409553923165685,24.34779547336641,28.434344167394826
2015-07-29,26.41263533689825,24.189405592217355,28.721072759875756
2015-07-30,26.401880179882447,24.177262531975746,28.668793786428225
2015-07-31,26.40579605331865,24.291252322137236,28.648927365941393
2015-08-01,26.408691571511177,24.123901682986574,28.577480285503377
2015-08-02,26.407993881998227,24.240915591160366,28.58002221290878
2015-08-03,26.373864901038466,24.133018317501296,28.64657310966901
2015-08-04,26.362032386053144,24.06818110486959,28.416037005170462
2015-08-05,26.360973619327954,24.254478799597095,28.74316990364788
2015-08-06,26.346121003836878,24.18542662180534,28.54467789413949
2015-08-07,26.346076572930404,24.12550856875096,28.453043173608112
2015-08-08,26.345237150960777,24.238379404998994,28.64111712277795
2015-08-09,26.34110979155099,24.250937392945456,28.487587863545567
2015-08-10,26.303926276074986,24.033164778414093,28.50495863177138
2015-08-11,26.289472837838296,24.105591252442615,28.635147213583906
2015-08-12,26.28627291639746,24.138003948727125,28.51350760637713
2015-08-13,26.269792258496572,24.06105247486164,28.48759594490938
2015-08-14,26.268653368172874,24.158915945587896,28.370233312924103
2015-08-15,26.26726102929852,24.181804318923547,28.53600540934535
2015-08-16,26.263118499502134,24.1911790136707,28.362117252109307
2015-08-17,26.226443117429092,24.139083340165502,28.58706760977995
2015-08-18,26.21299743688756,24.189949306625163,28.305507139749352
2015-08-19,26.211273630917617,24.12553154334587,28.374756955463898
2015-08-20,26.19670041357401,24.10028907607669,28.523556586198158
2015-08-21,26.19785940839505,24.087127902916933,28.340902261499757
2015-08-22,26.199112610898222,23.988411674602993,28.346348044066414
2015-08-23,26.197920468386773,24.06544267629353,28.522223377625117
2015-08-24,26.164459246225334,23.93359586745117,28.31954123033765
2015-08-25,26.154453726683176,23.901203953813585,28.22486339715754
2015-08-26,26.156362923599403,23.90013569379041,28.348424480810266
2015-08-27,26.145588010599802,23.914729894163102,28.19548115016916
2015-08-28,26.150689353232238,23.98445741238498,28.380800122282327
2015-08-29,26.156014266571443,23.901463722402696,28.26856587694724
2015-08-30,26.15901500953558,23.862593051793006,28.34868557244005
2015-08-31,26.129865687262487,24.05580394333076,28.318605500961336
2015-09-01,26.12429412407483,23.958035354224222,28.311509520891914
2015-09-02,26.130766420501242,23.95947746733396,28.17895881917676
2015-09-03,26.12469343515559,23.909872353714853,28.294637333752345
2015-09-04,26.134646136420805,24.049182096348865,28.36057926245239
2015-09-05,26.144981509830966,23.984472099281803,28.247232193542573
2015-09-06,26.15315860441655,23.922591074867274,28.314476711136162
2015-09-07,26.129353466707308,24.07307180433565,28.42833169102519
2015-09-08,26.129289105036904,23.842355457602945,28.42392062468312
2015-09-09,26.14141827782026,23.900006912096035,28.191590740567797
2015-09-10,26.14112842418639,23.898279181608125,28.272788919345928
2015-09-11,26.156955754206106,24.008640541039103,28.449869883690077
2015-09-12,26.1732102490799,23.985611107550383,28.318032082861315
2015-09-13,26.18729120889178,23.950148966471176,28.406726463491538
2015-09-14,26.169302138800166,24.038067109557886,28.31887673189038
2015-09-15,26.174881144663008,23.82076109571551,28.124399754404713
2015-09-16,26.192384645034945,23.992365680971236,28.31839494704754
2015-09-17,26.197093715308068,24.040712317175398,28.363540204469217
2015-09-18,26.217430062429276,24.024670145267606,28.35639975757724
2015-09-19,26.237583345756903,24.023413066120966,28.451129327078988
2015-09-20,26.254829431549805,24.06077933486906,28.61367767789433
2015-09-21,26.23914830772718,24.112816395854313,28.4480876720925
2015-09-22,26.246057753175247,24.201321192256476,28.46536904994599
2015-09-23,26.263800481387854,24.01172745931176,28.3605774265933
2015-09-24,26.267553979034954,24.12547006767757,28.52809837235166
2015-09-25,26.285649937385706,23.999742867618227,28.565543142616146
2015-09-26,26.302204889215588,24.282595841160052,28.712492056457954
2015-09-27,26.314441536360103,24.178631413774397,28.524648256336746
2015-09-28,26.29230939588799,24.01637263776057,28.538561984178354
2015-09-29,26.291320767176618,24.25098007176099,28.559493810222836
2015-09-30,26.299739657214655,24.177435833768474,28.623018888701473
2015-10-01,26.292792814421404,24.01976956666034,28.40070676502108
2015-10-02,26.29888971307589,24.15652309279076,28.55944232249533
2015-10-03,26.30225306154521,24.077607945696087,28.413611242933413
2015-10-04,26.300239297909524,24.178034236899997,28.68220414088191
2015-10-05,26.26295769824496,24.069645128615804,28.439110111615328
2015-10-06,26.246104116444727,24.093888413244237,28.350537047461476
2015-10-07,26.238147028708177,24.156138528208327,28.236577366789593
2015-10-08,26.214535087354182,24.198105394409062,28.490567162395866
2015-10-09,26.20391309778759,24.101520652813583,28.406727167825068
2015-10-10,26.190748079218665,24.06056920603675,28.392307965972595
2015-10-11,26.172644973647703,23.880764886390565,28.352195978883792
2015-10-12,26.119960740230457,23.984451707664714,28.27163307464136
2015-10-13,26.088632973779166,24.075468662607594,28.41692493559152
2015-10-14,26.067360845264822,23.898700652460416,28.21521531980193
2015-10-15,26.031807695233407,23.757257030844645,28.385048056000166
2015-10-16,26.01081231833332,23.84220221995175,28.151284301372932
2015-10-17,25.989010718644238,23.76491073462403,28.2745380254889
2015-10-18,25.96414801086445,23.841715825637518,28.203467522379253
2015-10-19,25.906689303410843,23.68444451464949,28.09614676641939
2015-10-20,25.872645786759833,23.775947017742592,27.931323067126453
2015-10-21,25.850753892728015,23.701534131241925,28.127734193359153
2015-10-22,25.816676904763863,23.7547349681532,27.889608518661465
2015-10-23,25.79921608650847,23.50955095485659,27.96195656176508
2015-10-24,25.782933116401487,23.7349460084968,28.003532196012678
2015-10-25,25.765463490196865,23.615032008694534,27.930984477721964
2015-10-26,25.71712969324893,23.661111699527083,28.01425591755117
2015-10-27,25.693770311569228,23.503338268006697,27.888348975549413
2015-10-28,25.683922874296982,23.441628220097144,27.843514354574918
2015-10-29,25.663029717803624,23.54872044143832,27.93062524652176
2015-10-30,25.65965383444104,23.6615875314037,27.84254937294192
2015-10-31,25.65810637784543,23.539587423185246,27.826287454022477
2015-11-01,25.655765362293053,23.448345009705687,27.852457565645228
2015-11-02,25.62269422843163,23.613043447581262,27.779160787314783
2015-11-03,25.61447631315403,23.468128156927502,27.80295914245881
2015-11-04,25.619402886837165,23.59477379324202,27.82926491932372
2015-11-05,25.612683924014355,23.44027023767473,27.777059640696486
2015-11-06,25.62266845489399,23.515456214417167,27.766800462669078
2015-11-07,25.63347606564161,23.561345291901596,27.916489721232367
2015-11-08,25.642318995234838,23.414248979972477,27.69703616150946
2015-11-09,25.619123428131477,23.539729601442907,27.95020567475771
2015-11-10,25.619365965862062,23.428282382505998,27.941332693673743
2015-11-11,25.631262905839343,23.51672316842276,27.82341043544781
2015-11-12,25.62998147898709,23.545161723535724,27.942892293436326
2015-11-13,25.643859899764248,23.583542931132868,27.75403728887329
2015-11-14,25.657037822878387,23.500542086202053,27.91424582037247
2015-11-15,25.66677670010617,23.48756535484195,27.84915211297057
2015-11-16,25.64307869979497,23.494105011180977,27.727141316611622
2015-11-17,25.641520251212086,23.675680643123854,27.89418566986733
2015-11-18,25.650437934394485,23.516983605444572,27.806549647298134
2015-11-19,25.645135969982984,23.400845946219746,27.8461952107076
2015-11-20,25.65410227298098,23.364206792452173,27.79179764902938
2015-11-21,25.66163477934048,23.463432240524146,27.758146211760796
2015-11-22,25.66515765434155,23.538282560238958,27.77907870272394
2015-11-23,25.634836158514542,23.307439203628956,27.941495537400478
2015-11-24,25.626406340884138,23.475298789140215,27.85683359889131
2015-11-25,25.62835737923083,23.32312948794652,27.956439614230142
2015-11-26,25.616135909622866,23.406505364577402,27.82204841486709
2015-11-27,25.61835938329229,23.52614618518473,27.84719435752665
2015-11-28,25.619440218343563,23.535326302322044,27.713924637207885
2015-11-29,25.61690039684846,23.465609135273176,27.631798105465595
2015-11-30,25.580985306755046,23.530540036474854,27.84399355295221
2015-12-01,25.567493003772718,23.543435064997723,27.665073466471878
2015-12-02,25.56495670020063,23.343092077988196,27.670461928078844
2015-12-03,25.548849792818444,23.483648826196077,27.597186433628707
2015-12-04,25.547800421610578,23.295693124020854,27.79340644481618
2015-12-05,25.54621726604382,23.472478319663335,27.67509126633481
2015-12-06,25.541606156341018,23.253281581269054,27.539869397022184
2015-12-07,25.5041862162051,23.29339969619724,27.616457394700486
2015-12-08,25.489721622070117,23.15870262501726,27.591465591651644
2015-12-09,25.48670669159233,23.29023668070515,27.598125521071157
2015-12-10,25.470573518118734,23.310206393307862,27.67951862624882
2015-12-11,25.469909049443505,23.257197406765183,27.699282938883112
2015-12-12,25.469083228989362,23.41501784074892,27.656956245842384
2015-12-13,25.4655676959394,23.346156901882082,27.591791237876414
2015-12-14,25.429553690037515,23.100456941209107,27.560146742779583
2015-12-15,25.41678518776669,23.240575769102332,27.684615893679748
2015-12-16,25.41574493839322,23.270633116233807,27.507382203323324
2015-12-17,25.401862587860624,23.2100982955375,27.58120303233835
2015-12-18,25.403731776379082,23.316564417984427,27.638930111444957
2015-12-19,25.40573783198497,23.35688944015886,27.487135862342257
2015-12-20,25.40537557710793,23.298465958360406,27.56918562696655
2015-12-21,25.372865930009525,23.193944498949516,27.563356102858425
2015-12-22,25.36398737834368,23.355904576323557,27.675805656548082
2015-12-23,25.36726005656704,23.04690997972999,27.61243029539823
2015-12-24,25.358151689021867,23.067249542977127,27.49725342946149
2015-12-25,25.36529236654063,23.23741748750075,27.53224056821285
2015-12-26,25.373099866309733,23.244788499693374,27.453500071793723
2015-12-27,25.379095122079757,23.227602440431227,27.508322665148743
2015-12-28,25.353516616251433,23.083334018259432,27.497444727989404
2015-12-29,25.352149857407888,23.280234854761527,27.44843633510301
2015-12-30,25.363509755127414,23.258809352190248,27.520222127138766
2015-12-31,25.36304522511107,23.23447474985416,27.65262754737618
2016-01-01,25.379353052375517,23.111577013049537,27.578344256646968
2016-01-02,25.396802768778663,23.19917006552454,27.493327115068137
2016-01-03,25.41285218346082,23.345985282441248,27.500900377064955
2016-01-04,25.397662353007863,23.229323704231255,27.529571157292587
2016-01-05,25.40692815327059,23.335223968219395,27.670529180020303
2016-01-06,25.429062245971977,23.398887753293806,27.472139603142846
2016-01-07,25.4394017377361,23.20180865426196,27.622570101128677
2016-01-08,25.466424508096228,23.39188763786168,27.638188908422524
2016-01-09,25.49437689716779,23.31248185608018,27.725608125114938
2016-01-10,25.52059231346385,23.165785275245728,27.843260510448058
2016-01-11,25.5151094603036,23.26829954216542,27.648002856772564
2016-01-12,25.533506246763174,23.290979600324587,27.81032915215295
2016-01-13,25.564087075554042,23.29915735838534,27.763417912014646
2016-01-14,25.582092703020834,23.54663895297487,27.72188677297169
2016-01-15,25.615919546813725,23.502058036767917,27.826896232318372
2016-01-16,25.649750035488733,23.461563820813012,27.866167141559956
2016-01-17,25.680873471682634,23.583137115219685,27.87299949352391
2016-01-18,25.679306028902374,23.45717335483424,27.90626007764775
2016-01-19,25.700625882439798,23.427264857605483,27.831575301131
2016-01-20,25.73316111650318,23.61893758039811,27.9522513580596
2016-01-21,25.752199569354698,23.560963263805856,27.85590718735771
2016-01-22,25.786207476756665,23.49256325199496,28.092600680230422
2016-01-23,25.81945851159651,23.71429593017622,28.10208473284152
2016-01-24,25.849352713996744,23.67492759050601,27.95785900003122
2016-01-25,25.846033973248353,23.694560144128957,28.00499530680264
2016-01-26,25.86522212105793,23.740874255991624,28.104677157311283
2016-01-27,25.895397353366594,23.8727444030401,28.076257376531647
2016-01-28,25.91200623188778,23.743322015363873,28.157521953302222
2016-01-29,25.9436762267903,23.971781317757,28.19392482223422
2016-01-30,25.97484050847741,23.755298989808068,28.19995325624173
2016-01-31,26.003052598708717,23.981114168443117,28.110125510860552
2016-02-01,25.998599660910283,23.890432449781425,28.173337506701493
2016-02-02,26.01733060682416,23.76677518684912,27.921039251526206
2016-02-03,26.047836850158344,23.87679959529734,28.18003284049718
2016-02-04,26.06565506421082,23.884697987914564,28.320831928610986
2016-02-05,26.099479000008646,23.93081488752797,28.30389814368042
2016-02-06,26.13378215447717,24.06727236239416,28.399255277987464
2016-02-07,26.166130964415046,23.953810884764792,28.554492312552753
2016-02-08,26.16679735359616,24.06488187507616,28.401477474665903
2016-02-09,26.191586838033555,24.08160979486582,28.29802257109213
2016-02-10,26.229020027404097,24.133668408998773,28.408513992095816
2016-02-11,26.25453686600954,24.155026402933487,28.484044448898047
2016-02-12,26.29671063550802,24.17740843543608,28.549016336853803
2016-02-13,26.33987345472959,24.1766938367475,28.495723346400673
2016-02-14,26.381432879664718,24.14693444120737,28.595556805432768
2016-02-15,26.391488341707294,24.19282354620572,28.555822666962506
2016-02-16,26.425663525831315,24.43642633194732,28.62303740393574
2016-02-17,26.47229241207812,24.128619442147432,28.775233831257633
2016-02-18,26.50662820103138,24.373964875785845,28.720362646900295
2016-02-19,26.557062018185434,24.420738465976072,28.65410445195317
2016-02-20,26.607753004148943,24.583751084636177,28.686648192056705
2016-02-21,26.655949268003877,24.53977485042954,28.99255149254969
2016-02-22,26.671608322316267,24.3263075599937,28.771941763630007
2016-02-23,26.710232991500465,24.43746511429215,28.982568518728183
2016-02-24,26.760060419702068,24.43804312458379,28.796835155810435
2016-02-25,26.796273317249256,24.620498939948106,29.117835596376736
2016-02-26,26.847220276889217,24.65416869563612,29.081645178106545
2016-02-27,26.897046722889737,24.85775581320897,29.01744842231113
2016-02-28,26.943015947574416,24.55494721472808,29.061470264330282
2016-02-29,26.95512885286344,24.854071823987024,29.24915234761435
2016-03-01,26.98895840949257,24.70228977377593,29.25352840725589
2016-03-02,27.032836502395746,24.99960057402021,29.35747728765506
2016-03-03,27.06206236380178,24.84752115909124,29.31236472930275
2016-03-04,27.105119506195276,24.87102745750486,29.37739609714444
2016-03-05,27.146302815300093,24.929834835934486,29.211373205382216
2016-03-06,27.183035368132156,24.937635298771326,29.470710625013613
2016-03-07,27.185483714409752,25.076799186777652,29.53223169272278
2016-03-08,27.20938776151619,25.066168281827448,29.383957339720663
2016-03-09,27.243243062167785,24.952675116606077,29.53974244964026
2016-03-10,27.262504836396985,24.993108394510127,29.453616161685144
2016-03-11,27.295800765722355,25.19405408393015,29.36068500151748
2016-03-12,27.32755433741237,25.141528529968625,29.619343169298915
2016-03-13,27.355298410275356,25.050887420670513,29.534348455143405
2016-03-14,27.34928783220016,25.2915526653925,29.53623678200397
2016-03-15,27.3653273244681,25.245169091097768,29.487024883548926
2016-03-16,27.39195248752439,25.398141628981175,29.587772074389314
2016-03-17,27.40463329443893,25.235385388831464,29.58580868473627
2016-03-18,27.43198712261264,25.231062108351317,29.483124224042022
2016-03-19,27.458403091995134,25.373740165411107,29.815341029227486
2016-03-20,27.48135734953331,25.25967518129925,29.631145633528412
2016-03-21,27.47102807718887,25.296017353721343,29.62170714679122
2016-03-22,27.483126365992682,25.449493771230443,29.770648418982503
2016-03-23,27.506080720688068,25.217013003016987,29.643258855026033
2016-03-24,27.515244456068444,25.204466474800554,29.618462529917135
2016-03-25,27.539112918488037,25.56043110790188,29.822973415932022
2016-03-26,27.5619521751676,25.453393177186932,29.773512515466923
2016-03-27,27.581118680444092,25.491660305097867,29.667477350391426
2016-03-28,27.56667856460301,25.52171579138772,29.68850470336437
2016-03-29,27.574242558759924,25.639490687486386,29.83790723783223
2016-03-30,27.592154197805126,25.37516030321412,29.811974756854664
2016-03-31,27.59570045003062,25.21986359668218,29.587319692746004
2016-04-01,27.61333160777522,25.46138795798764,29.730054666003245
2016-04-02,27.629291998842923,25.468742433107863,29.863589681437094
2016-04-03,27.640940963702512,25.408253630172922,29.85482185097203
2016-04-04,27.618372700616774,25.26863485542237,29.619460847335827
2016-04-05,27.617250970656738,25.507364487369607,29.87447821696645
2016-04-06,27.625996305778433,25.428717224220343,29.851015296291227
2016-04-07,27.619994892459655,25.477609659631987,29.831781847398467
2016-04-08,27.627816011214904,25.38466709493434,29.90183566370681
2016-04-09,27.633839658570018,25.406243677631632,29.8483745547532
2016-04-10,27.635573882319523,25.603489530018397,29.77136506924583
2016-04-11,27.603270534602032,25.570901440902176,29.740118978158378
2016-04-12,27.592755550812388,25.409960805771657,29.891653308246244
2016-04-13,27.592611523965527,25.381068726362376,29.84232495982925
2016-04-14,27.57838188021705,25.384673840877486,29.793406964355768
2016-04-15,27.578783672020947,25.51034335082203,29.823922693763755
2016-04-16,27.57833075071536,25.299767041693247,29.76786359272974
2016-04-17,27.574646979727362,25.446672655615373,29.828949042499886
2016-04-18,27.538078314694516,25.265320622125216,29.61748884096508
2016-04-19,27.524519968152823,25.15662903469871,29.607084041528292
2016-04-20,27.522596522719443,25.36417599427118,29.74366521387163
2016-04-21,27.50786437471528,25.285825343864797,29.795371779063576
2016-04-22,27.50902358062423,25.427672140712005,29.732103375891505
2016-04-23,27.510540902107675,25.28994924070437,29.779422385648882
2016-04-24,27.509963721650383,25.359049686406482,29.62520201924915
2016-04-25,27.477533642591364,25.365418669652357,29.790819457126357
2016-04-26,27.469015955487173,25.22972035574509,29.678449993150288
2016-04-27,27.47288277681307,25.328789074178037,29.671614968463317
2016-04-28,27.464519163369474,25.322507406075797,29.771776989404604
2016-04-29,27.472439177720524,25.388789171805453,29.682541530140934
2016-04-30,27.48091358750677,25.239439735589176,29.818213412641043
2016-05-01,27.48728874516626,25.369033614621095,29.60447430668142
2016-05-02,27.46160532711493,25.369913143749336,29.762667601884818
2016-05-03,27.459432974240926,25.43709956237408,29.690949066228697
2016-05-04,27.469058498158034,25.397892086819677,29.79730583255216
2016-05-05,27.465696817532066,25.20695485406377,29.668798940179528
2016-05-06,27.4777114671642,25.305602001468262,29.68043547914827
2016-05-07,27.489246240163265,25.24898914069634,29.594652156583603
2016-05-08,27.497547400812408,25.434638678748613,29.65260812846651
2016-05-09,27.472585054885098,25.376254425430577,29.54692640754277
2016-05-10,27.469889646201587,25.274997168536725,29.631345239855634
2016-05-11,27.477741192082732,25.42152045431335,29.87277913439241
2016-05-12,27.471380392957734,25.31196874545085,29.579369976364063
2016-05-13,27.47922845328859,25.375571350660163,29.553607901086057
2016-05-14,27.485517192311903,25.30823365921441,29.66584921750694
2016-05-15,27.487608923536413,25.444735277980666,29.71545574276025
2016-05-16,27.455614753088106,25.1972512417201,29.480246824996055
2016-05-17,27.44522734924157,25.336258037620787,29.57084018252808
2016-05-18,27.444905897211164,25.06418123519469,29.562940737789365
2016-05-19,27.430082490890893,25.114969697251304,29.497405113530238
2016-05-20,27.429376926895884,25.066555715244558,29.678298255075628
2016-05-21,27.427221615764115,25.34181747374058,29.639060220021342
2016-05-22,27.421176229981583,25.205291260587657,29.69054795407093
2016-05-23,27.38154088009326,25.300691976589842,29.456076020969533
2016-05-24,27.364184008935425,25.20391928940389,29.35339137123604
2016-05-25,27.357722848478918,25.19399660569415,29.506312703156265
2016-05-26,27.337725810511458,25.214854805527736,29.574723027698887
2016-05-27,27.3329238819024,25.12843887919069,29.612255242571898
2016-05-28,27.327832827682673,25.186972939409102,29.39103472177571
2016-05-29,27.320065890585596,25.144249017804793,29.333856960921906
2016-05-30,27.27994582607706,25.017422478442448,29.581855724704692
2016-05-31,27.26333248824527,25.224578114403602,29.625480876134958
2016-06-01,27.258803813353133,25.113358156969507,29.51936173376266
2016-06-02,27.241859551646115,24.9968010100323,29.327545272061656
2016-06-03,27.24113477527588,25.201525221188795,29.385623473101138
2016-06-04,27.24102490178182,25.205617277422416,29.274164811141958
2016-06-05,27.239001838977547,24.86459371670765,29.491402890548933
2016-06-06,27.205229990908087,24.949289880583393,29.327415215109134
2016-06-07,27.19539822719559,24.90588663593372,29.304930392550848
2016-06-08,27.19790553909654,25.09840830017256,29.42444542980134
2016-06-09,27.188069602466076,25.12273215834611,29.520340296453025
2016-06-10,27.194345141884057,25.098712647521484,29.512746782883852
2016-06-11,27.20095370231629,24.95966054610371,29.305645457946643
2016-06-12,27.20520430535306,25.10056521279716,29.360714159903726
2016-06-13,27.177113608710787,25.016603276792555,29.402401278296253
2016-06-14,27.172241561484004,24.916228923314232,29.25581864262362
2016-06-15,27.17888018276502,24.900722473445825,29.422794757816412
2016-06-16,27.172264604802557,24.986845978277607,29.29114435819774
2016-06-17,27.180793214671414,24.833077295841502,29.234608578902982
2016-06-18,27.18605496833545,25.013121398199747,29.374442889198555
2016-06-19,27.1879607976078,25.050468345171744,29.33886616237345
2016-06-20,27.15655280671493,24.74889903642764,29.204903430816294
2016-06-21,27.147442199413227,24.96005931477174,29.322483666313758
2016-06-22,27.148996146099183,25.076619565394502,29.353383608991958
2016-06-23,27.13654628750838,24.992320062681234,29.302363588224488
2016-06-24,27.138605788774964,24.770396983639753,29.28597542864676
2016-06-25,27.139496604379424,25.06509742821734,29.337797890079646
2016-06-26,27.136666517908495,24.898480235042513,29.165808272954422
2016-06-27,27.100304692094813,25.030521687789204,29.361629149499635
2016-06-28,27.08617186466176,24.833706853639743,29.194782612469258
2016-06-29,27.08278298252888,24.914828395975057,29.22902242054596
2016-06-30,27.06561159745387,24.80578758205659,29.19154636152789
2016-07-01,27.06330305058908,24.891863840761513,29.22931625741708
2016-07-02,27.060298211769474,24.839106125091682,29.19014342622418
2016-07-03,27.054147431416165,24.857596741922762,29.24772831581351
2016-07-04,27.015123520613297,24.89427453727877,29.448187038218947
2016-07-05,26.999049958987573,24.734665154689733,29.166161864605176
2016-07-06,26.994482169433386,24.717152147101306,29.308597119385826
2016-07-07,26.97691121054077,24.7588044739251,29.23907251149066
2016-07-08,26.974976922732363,24.80868737239591,29.254905625133638
2016-07-09,26.973092283234646,24.73979763445993,29.040439561324114
2016-07-10,26.968758598438573,24.902043837248552,29.119502818243053
2016-07-11,26.93218030236865,24.822692782795777,29.22469168955792
2016-07-12,26.919095498160207,24.859371335513007,29.187562354529884
2016-07-13,26.917960005035663,24.681417884935613,29.0150888490879
2016-07-14,26.904154173706374,24.703352558829067,29.018995982995893
2016-07-15,26.906199409647304,24.56423488382648,29.035623157008548
2016-07-16,26.90838605714342,24.62583523209302,29.03291276430112
2016-07-17,26.90809216787049,24.87804979176314,29.15477381387214
2016-07-18,26.875401818487877,24.810843900869546,29.113815485883606
2016-07-19,26.865939013531552,24.61395494724714,28.98303871698648
2016-07-20,26.868054842025877,24.737533141207773,29.186710108847983
2016-07-21,26.857037065898396,24.624413548575344,28.927548057834535
2016-07-22,26.861329006394957,24.58075211498306,29.0216577704195
2016-07-23,26.86515932173333,24.5190169476869,28.93519588860025
2016-07-24,26.86586215523256,24.567537684451587,29.157527015581262
2016-07-25,26.83349629008933,24.771269460287055,28.838019008602885
2016-07-26,26.823679335563337,24.725433565646515,29.124865308502528
2016-07-27,26.824774618308915,24.68453357608145,28.966471914177827
2016-07-28,26.8120999786335,24.694912165817833,29.142604295671735
2016-07-29,26.814145375010188,24.604961014989676,28.915731121131188
2016-07-30,26.815200941234867,24.778631621001903,29.05273162396626
2016-07-31,26.812675038820107,24.670341266201422,29.09526509639074
2016-08-01,26.776711014188443,24.8673079513403,28.94590217229233
2016-08-02,26.763018766403487,24.54245013592015,28.900105786507275
2016-08-03,26.760058885091357,24.5230659825908,28.841975500627175
2016-08-04,26.743248646414692,24.640964071276027,28.898093419953245
2016-08-05,26.741176857883282,24.387925244315216,28.97252702575153
2016-08-06,26.73822928047423,24.545353735035455,28.87222995836577
2016-08-07,26.731904248769624,24.5231822809515,28.935763626853074
2016-08-08,26.692427268434123,24.492423832068074,28.759288863019414
2016-08-09,26.67558075609835,24.57679044928619,28.97124598928109
2016-08-10,26.669886728452465,24.475283913105994,28.668739775739397
2016-08-11,26.650811762079577,24.586975853481835,28.94985338047932
2016-08-12,26.64698123409938,24.68020469699626,28.78652285231085
2016-08-13,26.642804576611674,24.30456934504346,28.788653447447302
2016-08-14,26.635791155447983,24.4857074409704,28.824715637031854
2016-08-15,26.596165528196476,24.493013406320696,28.78398326213469
2016-08-16,26.579698209039687,24.48579862916998,28.790157567490855
2016-08-17,26.57488969793945,24.573352765062545,28.626792411391346
2016-08-18,26.55717703646733,24.382685310406433,28.76119962021737
2016-08-19,26.555149833271148,24.287058343886827,28.714330199281623
2016-08-20,26.553177419572535,24.470043612000282,28.51946528388027
2016-08-21,26.54872666962322,24.334299907073135,28.67031074211521
2016-08-22,26.51197916511297,24.305039802849315,28.553829035837907
2016-08-23,26.49866375731303,24.168211233329018,28.469121183975904
2016-08-24,26.49724221547964,24.383338043022494,28.71413262921156
2016-08-25,26.483117161911238,24.21202097708951,28.83590124595797
2016-08-26,26.484849183982245,24.229498562292807,28.765003720714855
2016-08-27,26.486784741936834,24.25067733293905,28.506311872265314
2016-08-28,26.486374378271844,24.389831634293067,28.61589898416601
2016-08-29,26.4537898921586,24.153504586846655,28.697418676055463
2016-08-30,26.44475653130121,24.23064355574268,28.468276041339344
2016-08-31,26.447737902650015,24.361489178729666,28.724095481514812
2016-09-01,26.43814282920077,24.28047553175,28.516947647092664
2016-09-02,26.444541083169913,24.19492880082495,28.602871061609235
2016-09-03,26.45128966618147,24.51083994773732,28.577719658616008
2016-09-04,26.455849204379177,24.320032256343953,28.738235178904397
2016-09-05,26.428399192228564,24.35185139798439,28.46714883455456
2016-09-06,26.424668213654808,24.325400905445992,28.65505671699
2016-09-07,26.43311692160522,24.274468543619776,28.585425050563313
2016-09-08,26.429143083703746,24.33222840454983,28.742211312754545
2016-09-09,26.44129570277682,24.249690020656807,28.61722297096051
2016-09-10,26.453899956745065,24.173128752918647,28.678388262506356
2016-09-11,26.46437259244894,24.250073673257408,28.539964452798852
2016-09-12,26.442836564247685,24.181719032606622,28.473540165775493
2016-09-13,26.444951091427424,24.28440423656272,28.562373317158954
2016-09-14,26.45909494745092,24.292094991532704,28.566590447189466
2016-09-15,26.46057230584733,24.299388732879986,28.799408533314644
2016-09-16,26.477828152928627,24.365985952057546,28.700394587074374
2016-09-17,26.495074997071814,24.112791302559604,28.587020143280252
2016-09-18,26.50961047828479,24.126571268035924,28.720675254877587
2016-09-19,26.491434622519193,24.179834341115704,28.64389827930035
2016-09-20,26.4960828539251,24.333327305953805,28.67522961399993
2016-09-21,26.511812504306725,24.38625085654994,28.735443100483646
2016-09-22,26.5138120598179,24.34915044959221,28.80693873918676
2016-09-23,26.530420061673194,24.370490609156462,28.652709557184753
2016-09-24,26.545755291172398,24.388566161959748,28.618910063820664
2016-09-25,26.557037740150363,24.379130852128412,28.700777842423076
2016-09-26,26.53420900854569,24.323314581926763,28.71443906916977
2016-09-27,26.532768142417627,24.313965270461154,28.71910626714633
2016-09-28,26.540960557731115,24.429032292078126,28.757260827956003
2016-09-29,26.53398920484957,24.214645103021166,28.77979972162739
2016-09-30,26.540234816935072,24.4563073002521,28.578462094358397
2016-10-01,26.543886812907207,24.484603204597605,28.77440318244751
2016-10-02,26.54226431237583,24.414859597766203,28.746023801017515
2016-10-03,26.50543587809612,24.256861024100363,28.771568675834718
2016-10-04,26.48905399178642,24.345194013129383,28.964168358238933
2016-10-05,26.48154192038661,24.402923510235958,28.626562769514642
2016-10-06,26.45830215873939,24.20094576514819,28.601425754044406
2016-10-07,26.447933341710055,24.302351482036,28.65706481649293
2016-10-08,26.434857263931583,24.41953949754355,28.63233121410059
2016-10-09,26.41663554826478,24.06437443455786,28.374069403637915
2016-10-10,26.36358467629047,24.243802228076756,28.47764396417198
2016-10-11,26.33160549605081,24.131163010094667,28.526298072280028
2016-10-12,26.309364982278872,24.103345145324976,28.42012743397773
2016-10-13,26.272499558923833,24.072184740049416,28.508683729706814
2016-10-14,26.2498270031853,24.124938797311803,28.424989319929015
2016-10-15,26.225968694401132,23.889976373591033,28.420681477100253
2016-10-16,26.198661869603836,24.21679817721858,28.43245302732655
2016-10-17,26.13837071203785,23.91048215966462,28.235519757499063
2016-10-18,26.10111248996981,23.871362831990304,28.23152711173377
2016-10-19,26.075636609430454,23.78201757425639,28.256940308197265
2016-10-20,26.037625962918142,23.82491881117913,28.08189164314784
2016-10-21,26.015907647255105,23.845979694169657,28.239806670690992
2016-10-22,25.995074848131775,23.68080252512224,28.166774199594972
2016-10-23,25.972799566535876,23.815169196696733,28.19390071458219
2016-10-24,25.91944500548034,23.62163147432867,27.922172593487655
2016-10-25,25.89089380536205,23.866691153447032,28.097146503646243
2016-10-26,25.87572994218435,23.71560350801985,27.945343837443207
2016-10-27,25.849443602135903,23.803903770841117,28.177894583714266
2016-10-28,25.840646019860976,23.609815972759467,28.064543615067375
2016-10-29,25.833695977056216,23.60480910796611,28.0429791998665
2016-10-30,25.826017523353176,23.70979451905579,28.147339093442596
2016-10-31,25.787717615351717,23.70777920734876,27.989379808214704
2016-11-01,25.77441973356969,23.478812451099124,28.00337248514894
2016-11-02,25.774451160402634,23.499429053345935,27.98520160543607
2016-11-03,25.763053102386966,23.62702876378964,28.02830908030659
2016-11-04,25.76860051831301,23.640866695719307,27.964227794722785
2016-11-05,25.775233231793806,23.430141680413506,28.044512161844576
2016-11-06,25.78017778308354,23.517019295736812,28.117335505686967
2016-11-07,25.753368622515044,23.64843159149029,27.965417904446433
2016-11-08,25.750284627896892,23.57074116823537,28.004245777387673
2016-11-09,25.75913856955879,23.546701876392518,28.02188727866449
2016-11-10,25.7550886663852,23.679673068870542,27.897778815297716
2016-11-11,25.766459074763382,23.559137184637954,28.07062824249905
2016-11-12,25.777370890075343,23.540052609814982,27.873960093533825
2016-11-13,25.785063136919366,23.616278734451473,27.81076057257475
2016-11-14,25.75951239135373,23.47559405097734,27.77763386966872
2016-11-15,25.756267076574584,23.577940553141996,27.847416818082657
2016-11-16,25.763634131053696,23.59751143323514,27.93027115072214
2016-11-17,25.75688728175611,23.46982440401927,27.825304131933397
2016-11-18,25.764483864894714,23.689919239766205,27.933056683803883
2016-11-19,25.770691882638765,23.614853069623845,28.009248895705326
2016-11-20,25.77290688582082,23.73511159569885,28.057940949244735
2016-11-21,25.741267441559195,23.43430581765267,27.849869946530315
2016-11-22,25.73148534128225,23.51293329699609,28.000212809885106
2016-11-23,25.732028357472736,23.684819326511374,27.844393726035282
2016-11-24,25.718324883207025,23.529373065574156,27.894005459810273
2016-11-25,25.718977487766153,23.607305516160952,27.980997993263916
2016-11-26,25.718387154478922,23.4894782827836,27.7364515310029
2016-11-27,25.714067853467146,23.696472762261944,27.76251118516626
2016-11-28,25.676260254155775,23.428206445747946,27.817159505654896
2016-11-29,25.660760761244696,23.642880214315788,27.842041025066763
2016-11-30,25.656103692425404,23.529112680375004,28.094612110732506
2016-12-01,25.637765923667246,23.400894585430233,27.897478919750863
2016-12-02,25.634381009474556,23.428137355775995,27.770660978824967
2016-12-03,25.630364501871032,23.35443676105076,27.765351033222323
2016-12-04,25.623230063445526,23.489251711836555,27.691751330386566
2016-12-05,25.58320510907706,23.44347870035914,27.819653440940215
2016-12-06,25.566062079279995,23.359989107280274,27.88007329069573
2016-12-07,25.56030307487332,23.367859652864638,27.701403857300896
2016-12-08,25.541367085306025,23.307422973882744,27.777248680449894
2016-12-09,25.53784672265228,23.41302950405984,27.68053067408559
2016-12-10,25.534116090807906,23.407756289103368,27.705276874029078
2016-12-11,25.527649295153395,23.286882601461233,27.57807843892293
2016-12-12,25.48863824421784,23.512285177251506,27.710958976557556
2016-12-13,25.472825772784656,23.087821404989803,27.728891343516377
2016-12-14,25.468691754499922,23.179882207692916,27.602133497273343
2016-12-15,25.45166138841308,23.22861665137968,27.679447499423013
2016-12-16,25.45032253874292,23.2420863615099,27.451329625016335
2016-12-17,25.449053740816517,23.140670666077853,27.717726729586758
2016-12-18,25.44534237843176,23.201012179834876,27.837699479120186
2016-12-19,25.409401700646743,23.218123465064277,27.576348836358907
2016-12-20,25.397002739771626,23.24427920380589,27.66806270867679
2016-12-21,25.396658845707524,23.19290676782581,27.680088494120188
2016-12-22,25.38383208130934,23.30131869769143,27.54561931496038
2016-12-23,25.387148429471953,23.15006090253062,27.415488144981776
2016-12-24,25.391023505093234,23.36811701230309,27.66472359841213
2016-12-25,25.392978363526964,23.208822637132823,27.487616766451573
2016-12-26,25.3632541632088,23.254447718401146,27.595217904861574
2016-12-27,25.357641834270428,23.20528057574952,27.458168465103334
2016-12-28,25.364664555719973,23.12335046475081,27.468515516704304
2016-12-29,25.359782367781612,23.325139874205405,27.382692643994723
2016-12-30,25.371605943770223,23.18160614574141,27.511682132770282
2016-12-31,25.384521277591034,23.308736559771962,27.553976467601643
2017-01-01,25.396004928521506,23.251511663331982,27.61443199752944
2017-01-02,25.376238616344722,23.308084025129496,27.684068449512587
2017-01-03,25.380939338064852,23.213882752313495,27.712102731411896
2017-01-04,25.39854281141115,23.195915954039336,27.628166418020747
2017-01-05,25.404409557273592,23.306629929126643,27.616948725685855
2017-01-06,25.427040614154354,23.14723278485331,27.76173599855131
2017-01-07,25.45070459336919,23.26616831187146,27.69694630423499
2017-01-08,25.472755654512845,23.40580508640024,27.739686043324838
2017-01-09,25.463251119084692,23.264836627426536,27.451116230125976
2017-01-10,25.477784807480813,23.352010356980514,27.743427069390645
2017-01-11,25.504673810217326,23.388714362701883,27.641059617170377
2017-01-12,25.519167905693244,23.415948107209548,27.803843221198278
2017-01-13,25.549668515266287,23.296271087810624,27.788377216700702
2017-01-14,25.58035880271547,23.186251013466194,27.898264478397227
2017-01-15,25.608524399744198,23.585775552726634,27.81853222877841
2017-01-16,25.60417338441075,23.46591612536702,27.729492832231017
2017-01-17,25.62287151642764,23.53124136306349,27.946619517586612
2017-01-18,25.652930371293508,23.60083798579511,27.882626232323375
2017-01-19,25.669617531303228,23.433962260169935,27.851302360340796
2017-01-20,25.701375686447506,23.446333750774734,27.932726371086854
2017-01-21,25.732452232395705,23.5634021013368,28.153304125352935
2017-01-22,25.760218846078224,23.63200856278838,27.911398952397057
2017-01-23,25.75478968366835,23.387901610356305,27.906237243426226
2017-01-24,25.771854241613386,23.59992787205697,27.874790319754812
2017-01-25,25.79986257735692,23.659624358017638,27.93490347046689
2017-01-26,25.81423211908606,23.698174924366224,27.946969928498444
2017-01-27,25.84356300353693,23.617780768591086,28.102010490153777
2017-01-28,25.872263627484745,23.76240293092913,28.08238756864963
2017-01-29,25.89786600155436,23.675319077415622,28.199231881754127
2017-01-30,25.890639665932493,23.65769629149643,27.92988950852726
2017-01-31,25.906420326812327,23.757204401980218,28.216010250810736
2017-02-01,25.93379102840525,23.875063961390556,28.081135022475344
2017-02-02,25.94828520464033,23.726111061844858,28.05614614214846
2017-02-03,25.9785986576053,23.934634610360554,28.021704547456366
2017-02-04,26.00921224642878,23.697670069610027,28.09239904228877
2017-02-05,26.037704960439118,23.876559852951885,28.170985911818637
2017-02-06,26.03436620592869,23.829944806892204,28.065751386313554
2017-02-07,26.055023517504228,23.896334142466586,28.269257664038836
2017-02-08,26.08822354175636,23.875606763293092,28.18239793056566
2017-02-09,26.10943564989984,23.965039308525284,28.464283660417564
2017-02-10,26.147265218077234,23.853672194326634,28.179527523776855
2017-02-11,26.18607832984406,23.828768017296248,28.44542414939796
2017-02-12,26.22331752533179,24.08415463653758,28.4742460957464
2017-02-13,26.229117358191505,24.064713324373695,28.28808250954405
2017-02-14,26.259135885987273,23.87961042534761,28.456722725428452
2017-02-15,26.301739841693628,24.16564387796636,28.498043845518826
2017-02-16,26.332212730855254,24.004715763972932,28.452745043392706
2017-02-17,26.378972772109154,24.04697174796532,28.43084564238335
2017-02-18,26.426202309081773,24.23336016071782,28.519560065654858
2017-02-19,26.471168189706916,24.211818849079318,28.738975646483087
2017-02-20,26.483841747307082,24.42364798382772,28.545652872444727
2017-02-21,26.519734387647595,24.277234191427567,28.6288632583451
2017-02-22,26.567086416929175,24.37711720164872,28.77557251099564
2017-02-23,26.601078254598225,24.52940811445562,28.721628128488057
2017-02-24,26.650050862906124,24.59796864454602,28.871276132385372
2017-02-25,26.69813695286583,24.332214700264036,28.816417661040408
2017-02-26,26.742582413684445,24.612565019062973,28.813307153111047
2017-02-27,26.753366571896375,24.63702137922407,29.01728095930446
2017-02-28,26.786037277994026,24.61971549362416,29.059444636048465
2017-03-01,26.828898471044823,24.54209385356245,28.954911570847035
2017-03-02,26.85721940224338,24.86072756891085,29.16638847957766
2017-03-03,26.899452406927125,24.731495149431687,29.24739936889278
2017-03-04,26.93986086122322,24.75629453449502,29.06570582200306
2017-03-05,26.975836863689267,24.77906263202019,28.99268384211363
2017-03-06,26.977517355580428,24.82033619956422,29.159960940846478
2017-03-07,27.000614796010925,24.93053682382744,28.98709964812849
2017-03-08,27.03360016865659,24.817236735211818,29.162501906997335
2017-03-09,27.051907631173684,24.94356673209561,29.185885291447
2017-03-10,27.084147827433455,24.77132910102586,29.10829108677726
2017-03-11,27.114731625885792,24.90931090814757,29.300344358545434
2017-03-12,27.141183944490358,24.75854132060593,29.203341724524805
2017-03-13,27.13375648537351,24.90580894789868,29.33502254120637
2017-03-14,27.148255591297655,24.90653783897588,29.05501941254266
2017-03-15,27.1732230799159,25.02787665816031,29.361793679629574
2017-03-16,27.18413942752133,24.96745599505445,29.312695800520775
2017-03-17,27.209636362357635,25.08043630370379,29.49649106376393
2017-03-18,27.23412064903589,24.986161343405616,29.343274401603413
2017-03-19,27.255088720436458,25.18075078080873,29.518712564319294
2017-03-20,27.242740954000496,25.12110149336688,29.395527590702283
2017-03-21,27.25281175678651,25.180990056156237,29.415328983647235
2017-03-22,27.273753247455417,25.07714081540957,29.551972146102955
2017-03-23,27.280941820927538,25.028033282145863,29.349395072294364
2017-03-24,27.302894554133797,25.174186451433542,29.378939802048137
2017-03-25,27.323897120010344,25.247652272996973,29.518500901024762
2017-03-26,27.341322742279115,24.99855462831311,29.52456534638579
2017-03-27,27.325250858231794,25.028096759656453,29.41999595773659
2017-03-28,27.331301522111517,25.099454927045183,29.43108962869713
2017-03-29,27.34782320722534,25.10631271943089,29.574739914837938
2017-03-30,27.350103168031797,25.037801583114828,29.47170059386447
2017-03-31,27.366587205302885,25.25403401230253,29.650815773497087
2017-04-01,27.381510398742574,25.145758188386726,29.549728155576137
2017-04-02,27.392218252417592,25.19162536767314,29.4961282049558
2017-04-03,27.368786851192393,25.27672555162745,29.440826957735627
2017-04-04,27.3668580119641,25.239458885593095,29.587549673885118
2017-04-05,27.374827060730464,25.2598774535068,29.509850153028506
2017-04-06,27.368052392203353,25.116689349119614,29.374775142791133
2017-04-07,27.375073673296868,25.14938063820868,29.594042970300535
2017-04-08,27.38024029542259,25.188202410335684,29.5779416349213
2017-04-09,27.38102958271432,25.188922151498016,29.471294050738184
2017-04-10,27.34766343564841,25.268343054724966,29.692632300714955
2017-04-11,27.33593949235184,25.122077214139814,29.53000006772456
2017-04-12,27.33441455157258,25.207694435311296,29.40722877238201
2017-04-13,27.318609538194902,25.188424971170328,29.452749008292805
2017-04-14,27.317223004496604,25.191779558747374,29.463927896700064
2017-04-15,27.314754907866355,25.11230196694972,29.627294233334112
2017-04-16,27.308820307920865,24.98200623239289,29.400429173600276
2017-04-17,27.26976179442519,24.85383959116605,29.458317150214288
2017-04-18,27.253476852562493,24.987680849254403,29.29747492999365
2017-04-19,27.248598022507366,25.119054689883725,29.486833289414836
2017-04-20,27.230695232603036,25.1104872277047,29.38343744523759
2017-04-21,27.22848738033012,25.00185971234792,29.46065624279163
2017-04-22,27.226464962963835,25.059041886178345,29.492971670814253
2017-04-23,27.22220344040522,25.028956404464644,29.581051984852905
2017-04-24,27.18597615829989,25.153823106020294,29.302964814039502
2017-04-25,27.173583031303707,25.01530001950557,29.43805809749165
2017-04-26,27.17353281347414,25.0129550936792,29.36668120231582
2017-04-27,27.16124828259747,25.026412157716056,29.384872188067096
2017-04-28,27.165281339045066,25.053126266877,29.50344506790191
2017-04-29,27.16993972837654,25.03151953261248,29.364854174171757
2017-04-30,27.172604960971498,24.933977839349517,29.30442274134758
2017-05-01,27.143350134112417,24.949548797792378,29.470922364622876
2017-05-02,27.137773723621002,24.969161901371322,29.384705162266908
2017-05-03,27.14418703291668,25.05273303798914,29.278833686110158
2017-05-04,27.13782448474273,24.91312604702797,29.275596621258973
2017-05-05,27.147063616102102,24.925044921227315,29.354069487159993
2017-05-06,27.15605635101583,24.994421876165102,29.337576494636238
2017-05-07,27.162050999009555,25.049115608210514,29.307029493948633
2017-05-08,27.135013572120588,24.99116749923323,29.18078315218077
2017-05-09,27.130464390813263,24.980913912596144,29.29488744006878
2017-05-10,27.136667588583222,25.08939685105902,29.39388727091032
2017-05-11,27.12884264323075,24.893594983611926,29.304922378812297
2017-05-12,27.135384760501935,25.044254273916334,29.321058690918132
2017-05-13,27.140495673266912,24.968244265135244,29.416946513668783
2017-05-14,27.141504316408497,24.919302944831966,29.388881804865566
2017-05-15,27.108486005840604,24.970656906758546,29.317933283598094
2017-05-16,27.09709615002389,24.938243136322857,29.233051372970955
2017-05-17,27.095756182453815,24.71327131903702,29.147094339760397
2017-05-18,27.079860940298637,24.946279498524284,29.39869029925686
2017-05-19,27.077994427856495,24.668604268039797,29.425959409098272
2017-05-20,27.074555653576127,24.990654943781568,29.298035651578022
2017-05-21,27.06707413548089,25.016847692788314,29.341884499429217
2017-05-22,27.0258238434131,24.76594383396477,28.96603763642724
2017-05-23,27.006651747895173,24.70756392999135,29.055700455772346
2017-05-24,26.99815880301013,24.79586654040324,29.314408917278946
2017-05-25,26.975902721063566,24.849157509152146,29.09290082039386
2017-05-26,26.968609600275407,24.8612766239029,28.973260324934046
2017-05-27,26.960796203459097,24.84387131922704,29.159977215279596
2017-05-28,26.95008257539972,24.897180147630873,29.039083390675057
2017-05-29,26.906803841372508,24.716979320103547,29.100059347753756
2017-05-30,26.886837409805704,24.798229998712994,29.032694041428165
2017-05-31,26.878783437514034,24.750906911638676,29.182716978929413
2017-06-01,26.858167923352493,24.68380806303024,29.11362235025916
2017-06-02,26.853655476598192,24.761233380353545,28.89926003074183
2017-06-03,26.84967352059774,24.605616504344184,28.952307798284714
2017-06-04,26.843727560668547,24.580077582853114,28.866914074814257
2017-06-05,26.806016280441916,24.616728314600756,29.12621317364142
2017-06-06,26.792262594173433,24.579473461149522,28.994915114841472
2017-06-07,26.790898403529006,24.646476841124002,29.027337959423466
2017-06-08,26.77727230349652,24.968916348090136,28.812017515502266
2017-06-09,26.779867154726873,24.678856961439934,29.06725703589094
2017-06-10,26.782929149681518,24.570614069105407,28.90168386355024
2017-06-11,26.78378786802489,24.694750903264147,29.08673117947594
2017-06-12,26.752475955231468,24.526225177591975,28.82957661897093
2017-06-13,26.744564428680082,24.59594602650313,29.014920200547145
2017-06-14,26.74835124682577,24.627161005228885,28.699737711846325
2017-06-15,26.739072286610217,24.59333220633973,29.066425976536458
2017-06-16,26.745121563002225,24.596440552824923,28.99064221781799
2017-06-17,26.75068225291645,24.517372586372307,28.92299842439135
2017-06-18,26.753047973743683,24.40187916009208,28.8454656503985
2017-06-19,26.722242926267135,24.672369480662994,28.90954313577891
2017-06-20,26.713856903508834,24.629523603372558,28.9863343275086
2017-06-21,26.71623281970058,24.445680191070533,28.821785893347275
2017-06-22,26.70467594371487,24.434769051485095,28.825743414994808
2017-06-23,26.70767172927134,24.563841401674743,28.923642432683906
2017-06-24,26.709513879969464,24.482872886335038,28.944618451431108
2017-06-25,26.707622190220157,24.475692307026033,28.950182578957826
2017-06-26,26.672158874979655,24.522076361804224,28.87154821614821
2017-06-27,26.65885950217324,24.541326555649167,28.835240784136726
2017-06-28,26.656216300258976,24.52447685818342,28.822823924613456
2017-06-29,26.639683145995768,24.521655231795446,28.759447492717733
2017-06-30,26.63788924446,24.425879900469315,28.79009591058258
2017-07-01,26.635263254684713,24.551229936960755,28.8741346969536
2017-07-02,26.62934750967314,24.50041430568725,28.691035270437006
2017-07-03,26.590411140734993,24.50445090210768,28.720892545952168
2017-07-04,26.57427830380878,24.372511222892633,28.765352855999765
2017-07-05,26.56950934849068,24.4401685390129,28.852548707260485
2017-07-06,26.551604285853056,24.305943972571892,28.704065601575447
2017-07-07,26.54921559962435,24.299455454980755,28.574095814701714
2017-07-08,26.5467721674682,24.261545136115444,28.754402457141023
2017-07-09,26.54179393519059,24.43504931700484,28.66083806445047
2017-07-10,26.504506129071384,24.323900309534064,28.7182920408152
2017-07-11,26.49066916138714,24.33460838328491,28.658038140489108
2017-07-12,26.488762010912684,24.3058335972407,28.62457201472067
2017-07-13,26.474188361170665,24.37520210188562,28.726655611969928
2017-07-14,26.475492455670054,24.209661711848277,28.71688099112783
2017-07-15,26.476986342196053,24.436106534587772,28.78462986984638
2017-07-16,26.476781564316408,24.330224124909215,28.81023616256892
2017-07-17,26.444266398702634,24.378416704439932,28.594393943376907
2017-07-18,26.435079852967483,24.436804989908055,28.67037203563581
2017-07-19,26.437584939701626,24.3099707223097,28.65219843127863
2017-07-20,26.427077995661463,24.13641238797846,28.652070033092357
2017-07-21,26.432007401533173,24.256819337974857,28.60086019164825
2017-07-22,26.43660329798545,24.430287394098666,28.67218923997232
2017-07-23,26.438197776523275,24.127108204424214,28.72969097228911
2017-07-24,26.40684417746546,24.572117425300377,28.463247632634843
2017-07-25,26.39815151300533,24.25893066742504,28.475655248753608
2017-07-26,26.400471679599665,24.2655894447218,28.50811532636302
2017-07-27,26.389108647611994,24.280733226882855,28.627503600486158
2017-07-28,26.392536517740545,24.248299379450955,28.521133161469226
2017-07-29,26.395028073329435,24.36506825070609,28.664973412354293
2017-07-30,26.393973354876863,24.25589352480496,28.62620245959374
2017-07-31,26.359496949558277,24.174155028455722,28.588669184147296
2017-08-01,26.347290084827076,24.11396624797602,28.596563604606953
2017-08-02,26.345795269658513,24.231344025610817,28.43248802099883
2017-08-03,26.330412756300696,24.22830426724138,28.526251326685347
2017-08-04,26.32971579986602,24.21932554407548,28.611625270043508
2017-08-05,26.328076432733877,24.24474132990154,28.457361536022557
2017-08-06,26.322981365257146,24.100131638416443,28.438774854581997
2017-08-07,26.28464678542898,24.21357332396238,28.47385739669736
2017-08-08,26.268848218631106,23.937184333709517,28.207473850295806
2017-08-09,26.264103253140124,24.161054632578082,28.405962147643233
2017-08-10,26.245876454595503,24.08152096945415,28.450277824858485
2017-08-11,26.242793483896715,24.215106523779628,28.543285341244115
2017-08-12,26.23926615844368,24.06016841467354,28.421259230896958
2017-08-13,26.232808076430356,24.084718499703197,28.47404012970077
2017-08-14,26.19364957029757,23.997283605840533,28.286692525978587
2017-08-15,26.17756812956958,24.065341285461184,28.441210572572235
2017-08-16,26.173072064402003,24.040859225544814,28.396599600229532
2017-08-17,26.15560668655333,24.05663948659061,28.41470542702241
2017-08-18,26.153769965324596,23.93739122843571,28.28916141918497
2017-08-19,26.15193933304747,23.89660999446733,28.341336659316568
2017-08-20,26.147589188387837,23.983958758056943,28.29279309100905
2017-08-21,26.11090778849225,24.037562853347374,28.290630780429098
2017-08-22,26.097629594083628,24.042316977362518,28.262947298462688
2017-08-23,26.096220764280623,23.898510210816692,28.29543360597687
2017-08-24,26.082087007429525,24.063556623872543,28.358412312431422
2017-08-25,26.083790681600323,23.98222424446041,28.238660441561606
2017-08-26,26.08567876416827,23.970224067071708,28.067578196882174
2017-08-27,26.085201194219184,23.91277560471147,28.163404980711984
2017-08-28,26.05252824646518,23.788211133515997,28.145123129937488
2017-08-29,26.043382981771433,23.880261306303304,28.263073488607127
2017-08-30,26.046226466111655,23.89697973376455,28.165404911045258
2017-08-31,26.036464973580067,24.09517980408477,28.19601138523107
2017-09-01,26.042666090518935,23.722455604947474,28.1362218884849
2017-09-02,26.04918537696964,24.1102154306636,28.262176154399164
2017-09-03,26.053483138205593,23.758496660387078,28.15157397040193
2017-09-04,26.025740024735793,23.819029626496413,28.191982011087223
2017-09-05,26.021687574340945,23.879760876800127,28.264122622529552
2017-09-06,26.029791462953497,24.036230445961664,28.205292746773928
2017-09-07,26.025456759069005,23.847876187962225,28.299316653177975
2017-09-08,26.037242179247016,23.853677784711703,28.19461091231911
2017-09-09,26.049485080138147,24.001054876441113,28.168957858374966
2017-09-10,26.05961681506093,23.820183910313933,28.384135930863867
2017-09-11,26.03777724220327,23.693344973013684,28.1982862330331
2017-09-12,26.039644557689787,24.008114969658088,28.286357069724726
2017-09-13,26.053618268817452,23.871337748645914,28.281158298996758
2017-09-14,26.05502463759601,23.752005401306956,28.104258352885477
2017-09-15,26.072331613089535,23.776519159387032,28.281673998125967
2017-09-16,26.08977499339473,23.921299761824297,28.248333399912106
2017-09-17,26.104675434577707,23.962911819331108,28.428757758437097
2017-09-18,26.08705506678366,23.92013269824057,28.34865084246455
2017-09-19,26.092469848186106,23.891143818704034,28.310168105579066
2017-09-20,26.109195414727914,23.94426798665844,28.240482341862737
2017-09-21,26.112435685081277,23.829795658191273,28.37244782990428
2017-09-22,26.130541157107608,24.006786313659173,28.235148668621267
2017-09-23,26.14763854516774,24.019150716532017,28.36583276227683
2017-09-24,26.16095127741021,24.02706955514541,28.31171470733774
2017-09-25,26.14041951115979,24.07681215769687,28.322214138677843
2017-09-26,26.14153569405841,23.990574726532017,28.24435124615178
2017-09-27,26.152533328030106,23.917538025345593,28.41515401630755
2017-09-28,26.14859809980079,23.942807047765942,28.274597124375955
2017-09-29,26.15808822667922,23.977630612889065,28.2983725043359
2017-09-30,26.165165590257345,24.151639093214307,28.467574542357724
2017-10-01,26.16711711382179,23.772100662683986,28.326734725202105
2017-10-02,26.133974993748197,23.9227935455218,28.24558902547507
2017-10-03,26.12135178187199,23.901004686592316,28.350666319467788
2017-10-04,26.117627963680903,24.01957233496248,28.450993786066892
2017-10-05,26.09816120297779,24.085592488434816,28.351521772773427
2017-10-06,26.091504127970705,23.835507603991406,28.260051822102028
2017-10-07,26.082032276648036,23.914967660583457,28.109626535899753
2017-10-08,26.067261720463474,23.838107497430496,28.232900026712265
2017-10-09,26.017465056418175,23.722927828542087,28.337635489517034
2017-10-10,25.988501858994667,23.691665928120297,27.956693065430414
2017-10-11,25.96900134351553,23.880381198480862,28.09771244969154
2017-10-12,25.9345665278223,23.852101068172907,28.157096034025912
2017-10-13,25.913986889946187,23.75607516631422,28.132905708989313
2017-10-14,25.8918612655467,23.897861531905324,28.05404495454179
2017-10-15,25.865910629883683,23.587996266016393,28.121804410957953
2017-10-16,25.806589576558054,23.657222018464523,27.9997629778945
2017-10-17,25.769912699690945,23.52492173135535,28.039038149693887
2017-10-18,25.744633736219974,23.425269545760838,27.984364497198495
2017-10-19,25.70644684728999,23.524132988337787,27.810060727801897
2017-10-20,25.684197112881044,23.52271125633151,27.810574707343072
2017-10-21,25.662502042157914,23.320291949039262,27.695225499969048
2017-10-22,25.639063783561472,23.366220972948764,27.762914796966815
2017-10-23,25.58428086552326,23.423818688690773,27.685373908431245
2017-10-24,25.55407567192191,23.386576383611985,27.77519704493609
2017-10-25,25.537075485196624,23.253583578164474,27.851165684445892
2017-10-26,25.50881643168998,23.234336833343207,27.722016700900603
2017-10-27,25.49795733946073,23.39397921134923,27.608370523461577
2017-10-28,25.48890522932758,23.338265723673416,27.742985277921342
2017-10-29,25.47913202578692,23.306547630999233,27.629512490306233
2017-10-30,25.438791208260618,23.0434085294553,27.51620484127923
2017-10-31,25.423550486270663,23.125285783746946,27.780846259950593
2017-11-01,25.421778204076396,23.320078116198015,27.68106748469835
2017-11-02,25.408752678520354,23.124988126015634,27.574020646904735
2017-11-03,25.412881349562234,23.11022339173174,27.51170976916787
2017-11-04,25.418331337049462,23.307696765681392,27.601869499883595
2017-11-05,25.422350870096263,23.258432157255317,27.521499002307255
2017-11-06,25.39489019937004,23.17615277611783,27.668492084313716
2017-11-07,25.39143797872633,23.323246759178467,27.580174946040216
2017-11-08,25.400210740084244,23.39813966987844,27.74183812488374
2017-11-09,25.396364601223656,23.24002079345666,27.4314612390769
2017-11-10,25.408216041061372,23.333803866517652,27.538888444301136
2017-11-11,25.41987331120133,23.176329184278146,27.65368931356508
2017-11-12,25.42855794599437,23.29706020472487,27.660093424921072
2017-11-13,25.4042249977648,23.34901773585231,27.626927603192417
2017-11-14,25.40239801979311,23.202303651169768,27.564883364375813
2017-11-15,25.41135647563998,23.177192114542382,27.50164071349201
2017-11-16,25.40634478596338,23.234136465909966,27.640212460376336
2017-11-17,25.415789933422143,23.391867386382106,27.614420970390814
2017-11-18,25.423929292447045,23.184083021697937,27.436666925162715
2017-11-19,25.428128253132662,23.268615421156696,27.613218366904743
2017-11-20,25.398496378804733,23.33747948035587,27.700746279130414
2017-11-21,25.390718235346313,23.129062584540556,27.749809986979884
2017-11-22,25.39323668563994,23.33244259332924,27.438467273466475
2017-11-23,25.38145797105878,23.145802652839826,27.604853538038522
2017-11-24,25.383965604288004,23.322077301378048,27.64750546032604
2017-11-25,25.385144833981478,23.248452041461107,27.625941570373676
2017-11-26,25.382497331726743,23.10444417658313,27.642142745208652
2017-11-27,25.346254907442894,23.06860152509109,27.412540631706936
2017-11-28,25.332208441532472,23.15154285446201,27.441041758964435
2017-11-29,25.328889859855117,23.03560791132814,27.528604846088257
2017-11-30,25.311776488002685,23.15723116540897,27.57714990418476
2017-12-01,25.309504805426236,23.105937184635362,27.557632345300576
2017-12-02,25.306495338367533,23.04871844392389,27.402727112443845
2017-12-03,25.300268303664705,23.133825953654956,27.60614440608107
2017-12-04,25.26105875578043,23.200240780594196,27.486211391036747
2017-12-05,25.244647358145023,23.16061265240045,27.365408042365665
2017-12-06,25.239544526509647,23.09054166291451,27.49232044770661
2017-12-07,25.22119719390442,23.132241431961454,27.40551327318096
2017-12-08,25.218205125203443,23.118901512755553,27.56800879531478
2017-12-09,25.21494842505027,23.117093353732855,27.46695884953126
2017-12-10,25.208905756413632,23.01405499702143,27.38649393043773
2017-12-11,25.170271930740224,22.872065861493983,27.38705770676989
2017-12-12,25.154790905712254,22.89207987767219,27.30408545644076
2017-12-13,25.15094186218412,22.910823697017367,27.439166819751705
2017-12-14,25.134147545090045,22.806584535521438,27.334436482722413
2017-12-15,25.132991744836975,22.90948294613416,27.287105066181876
2017-12-16,25.13184752630768,22.961150315068576,27.149997863667007
2017-12-17,25.128195702067593,23.10916071341896,27.151623911823478
2017-12-18,25.092242206571324,22.999580947961455,27.356008420134724
2017-12-19,25.079750419762163,22.93749589035039,27.416800524454544
2017-12-20,25.079226140092974,23.014515632215154,27.351055159979502
2017-12-21,25.066124435288238,23.050948555378447,27.258092329625995
2017-12-22,25.06906530448954,22.956097032255315,27.195642804951117
2017-12-23,25.072459827736232,22.802364988444946,27.2469511120193
2017-12-24,25.073826377616378,22.875267818656642,27.205938959799777
2017-12-25,25.04340563496959,22.82558158691017,27.354527484485697
2017-12-26,25.03699054615827,22.804491810707074,27.24073006446865
2017-12-27,25.043109012165413,22.834533133858912,27.038701148659232
2017-12-28,25.0372286261997,22.78890448671326,27.258612033436936
2017-12-29,25.04797047701023,22.756594570866106,27.22750082371271
2017-12-30,25.05973376984322,22.96259672586658,27.24178504583975
2017-12-31,25.07001090571409,22.9440699267664,27.184785497656595
2018-01-01,25.049001814324704,22.776042890504314,27.215146315375915
2018-01-02,25.05244371733586,22.818550113700056,27.308097246942136
2018-01-03,25.068794135756303,22.87858257809089,27.04307073008076
2018-01-04,25.07343646500376,23.01070579034227,27.279111460396997
2018-01-05,25.094895124657203,22.903088333482252,27.307618172166556
2018-01-06,25.117462007700336,22.94202385293316,27.33755676365354
2018-01-07,25.138513826489323,22.913291220239216,27.262268184659572
2018-01-08,25.128129092180327,22.978448364792403,27.301238446304634
2018-01-09,25.141920832224027,23.040834199092842,27.413039056249673
2018-01-10,25.16822277615128,22.987114932871247,27.304864898143038
2018-01-11,25.182298240687732,22.94655900640416,27.359190876222073
2018-01-12,25.212558622479623,23.05432914898168,27.458143227515503
2018-01-13,25.24319312124687,23.116279967320256,27.38940461424037
2018-01-14,25.27148918847939,23.032093215011233,27.54461532905243
2018-01-15,25.26745233930853,23.143688525855058,27.306183594827022
2018-01-16,25.28664133916117,23.12478540873802,27.398368364609837
2018-01-17,25.317356411461486,23.058504777362337,27.4473172558953
2018-01-18,25.334849625197464,23.047051965474054,27.41764802732095
2018-01-19,25.367544312521932,23.2521501737026,27.717930550420228
2018-01-20,25.39966509716644,23.06560949151221,27.45066819769117
2018-01-21,25.428558004331826,23.218405329056278,27.456855917453687
2018-01-22,25.42430928381418,23.232096175979226,27.518180972555033
2018-01-23,25.4425789711251,23.304411546850837,27.62757655635739
2018-01-24,25.4717868649368,23.272430572019477,27.630818419354544
2018-01-25,25.48732012996204,23.335162658030356,27.564481470227417
2018-01-26,25.51774944272938,23.481778587237844,27.81439409531608
2018-01-27,25.54745534357477,23.3955513778081,27.690338426977586
2018-01-28,25.573944361080272,23.546868401597056,27.735949452103753
2018-01-29,25.567463646694318,23.35172730179324,27.699223100039777
2018-01-30,25.58383025770236,23.3276221607616,27.871492966395735
2018-01-31,25.61161288452598,23.627593222037326,27.841080470258305
2018-02-01,25.626335349970876,23.447745430979467,27.742344349470777
2018-02-02,25.65668891384163,23.4154935937104,27.80537960697591
2018-02-03,25.68715515626185,23.54297056039213,27.901144853365558
2018-02-04,25.715319106779692,23.55315583803328,27.882015159401487
2018-02-05,25.711481445663736,23.421818286289515,27.894684991142746
2018-02-06,25.731485989391647,23.5543895736371,27.815542514676967
2018-02-07,25.763900313031556,23.643521657016976,27.95219027845186
2018-02-08,25.784218874976393,23.652764627377874,27.90333864272639
2018-02-09,25.821075695142007,23.879876326180042,28.181865884704983
2018-02-10,25.8588683568504,23.89927939104747,27.983978545141014
2018-02-11,25.895072975456845,23.585449999099193,28.105016767337414
2018-02-12,25.899858915735866,23.721371247433765,28.145845323050274
2018-02-13,25.928919406371005,23.535810063122405,28.191436975359537
2018-02-14,25.97065582301399,23.634634815742885,28.12896292048361
2018-02-15,26.000384908739807,24.001631927933055,28.070344071484026
2018-02-16,26.046555873643552,23.895385470597212,28.2323708468675
2018-02-17,26.093379024721827,23.764307598532856,28.206112201698915
2018-02-18,26.138145443641488,24.064777051635296,28.382986975146213
2018-02-19,26.15084636610709,23.990803764160876,28.377617671955413
2018-02-20,26.18700828364714,23.852242802046746,28.287503451103795
2018-02-21,26.23488141616795,24.188140985167486,28.260538599093437
2018-02-22,26.26965070890556,24.028095228991074,28.550089365232797
2018-02-23,26.319656191553555,24.121305835010432,28.54478255518868
2018-02-24,26.369024260961908,24.0526419001986,28.582836129954845
2018-02-25,26.414989332087696,24.31787436263035,28.693066609895343
2018-02-26,26.427514456932325,24.34808689473646,28.62182202698071
2018-02-27,26.462126898854347,24.428923979697004,28.466570239990116
2018-02-28,26.50710629871714,24.328423492867167,28.655014580643275
2018-03-01,26.537694596557955,24.482645661281342,28.658742487704448
2018-03-02,26.582314578307127,24.428153154844015,28.691090962747037
2018-03-03,26.625198661546865,24.476815452546578,28.661450236751076
2018-03-04,26.66370743696199,24.58736870594041,28.825782365785685
2018-03-05,26.66794665453883,24.604293673667815,28.950933409068345
2018-03-06,26.693598746050032,24.479152236034235,28.89980505653545
2018-03-07,26.7291066362971,24.562675525367627,28.974599886841
2018-03-08,26.74987913136203,24.650895187106737,29.066901072739878
2018-03-09,26.78450488295764,24.555705791937676,28.81720925401231
2018-03-10,26.817376673698416,24.546118953306653,29.065040114175538
2018-03-11,26.846005668299856,24.527555625839568,29.06605445084252
2018-03-12,26.840634441937194,24.624698467415076,28.96095494944856
2018-03-13,26.857064989776134,24.671995386333755,28.938704387677408
2018-03-14,26.88383956966908,24.608291557195297,29.078328553850994
2018-03-15,26.896443749954628,24.66309853734176,29.062251182683507
2018-03-16,26.92351872686796,24.73314070601617,29.006323598225297
2018-03-17,26.94948470162933,24.761167986915133,29.004227607243504
2018-03-18,26.97185498595863,24.802242756415335,29.182363304738594
2018-03-19,26.960849648777334,24.89789916804158,29.16496802751687
2018-03-20,26.972224887361044,24.793103810494802,29.107177650381562
2018-03-21,26.994455932486176,24.910818525883613,29.142322791919277
2018-03-22,27.00294279656227,24.62461735138904,29.16079700404137
2018-03-23,27.026225847619216,24.802138385851613,29.255563757541456
2018-03-24,27.048612901233803,24.834644502064098,29.245080561368727
2018-03-25,27.067497387637925,24.820477050084712,29.136763000598048
2018-03-26,27.052976284967347,24.737159735014956,29.163807481619337
2018-03-27,27.060683873341098,25.060348007122645,29.312960962742967
2018-03-28,27.07897898769913,24.977049860221264,29.33299694860023
2018-03-29,27.083154947563635,24.993698033489306,29.351019422280206
2018-03-30,27.101659020360454,24.890335336314983,29.245262910501552
2018-03-31,27.118722992441665,24.9970819884283,29.260398793952362
2018-04-01,27.13168429884412,24.91260117904555,29.385159304410767
2018-04-02,27.110606311401956,24.9355854099641,29.348356344775258
2018-04-03,27.111113766122195,24.87555119385927,29.331418966723636
2018-04-04,27.121580953732035,24.93008767467932,29.35295492654321
2018-04-05,27.117341818935937,24.740082500219287,29.29692477234546
2018-04-06,27.126908814797208,24.87324778557016,29.19891599051489
2018-04-07,27.134602098943347,25.149843018162837,29.446892528318074
2018-04-08,27.137868557677145,24.993970077600117,29.32822981733452
2018-04-09,27.106899314211688,24.915517628847127,29.319361711600333
2018-04-10,27.09746177852748,24.964740042372465,29.17967459816465
2018-04-11,27.098083957196447,24.995108118129487,29.22771227419875
2018-04-12,27.084260278321878,24.891708993130997,29.105924902177296
2018-04-13,27.08466589969854,24.669429531713007,29.336913994805027
2018-04-14,27.08378121717613,24.976199891926456,29.381551129765665
2018-04-15,27.079206194481447,24.916667975915512,29.33685835213333
2018-04-16,27.041273306890858,24.898132519161905,29.144234013109926
2018-04-17,27.025875289523523,24.879446302259115,29.153762085687816
2018-04-18,27.021645535120182,24.837869992528145,29.274186359265215
2018-04-19,27.004160512578043,24.718626334348805,29.126191705408054
2018-04-20,27.002151276689307,24.69697924870601,29.06969141502694
2018-04-21,27.00012587165935,24.77385131285478,29.095022366936966
2018-04-22,26.99568231598299,24.81007637336454,29.160734217869138
2018-04-23,26.95912100616475,24.759835337822064,29.02223550887021
2018-04-24,26.946272752548957,24.769482346400668,29.210650807156448
2018-04-25,26.945680291303542,24.811227728711355,29.108893410857934
2018-04-26,26.93280261962838,24.54679507755907,29.056298302287225
2018-04-27,26.93622917766584,24.643831339603224,29.116622658106984
2018-04-28,26.940305611205194,24.697567993298247,29.05671831706401
2018-04-29,26.94245071463098,24.960708128769472,29.184660041078732
2018-04-30,26.91277328626158,24.63570296385552,29.11542814491075
2018-05-01,26.906904989716875,24.640664174234555,29.148149839205928
2018-05-02,26.913186934779734,24.662474642288608,29.151552440019824
2018-05-03,26.906879186941303,24.866807664551466,28.940125609920848
2018-05-04,26.916380087784344,24.772559419614417,29.20511919392961
2018-05-05,26.925856979494572,24.71441256784971,29.08468429792839
2018-05-06,26.93256779662316,24.60627742944961,29.075635558538146
2018-05-07,26.906482129218748,24.776039929060957,29.049878866266265
2018-05-08,26.903117734841157,24.579409793484967,29.164200720672685
2018-05-09,26.910730111952933,24.756532461046856,29.008217164514694
2018-05-10,26.904524260908357,24.71440868880431,28.958393630998582
2018-05-11,26.91287545204692,24.48969280756066,29.12787590942793
2018-05-12,26.91996055361872,24.55755638320835,29.01102567300392
2018-05-13,26.923079365312574,24.6651732904844,28.996185696840858
2018-05-14,26.89227456785542,24.683772184819535,29.042468227658883
2018-05-15,26.88316629604889,24.79415056785378,29.04950856186368
2018-05-16,26.884139000262305,24.710769830365454,29.127062734844223
2018-05-17,26.870549796301507,24.757308270988982,28.969994961274335
2018-05-18,26.87094521597172,24.65081668112954,29.04771050812541
2018-05-19,26.869688020367406,24.806491421260557,28.97160154492487
2018-05-20,26.864273644403973,24.598001245755093,28.831741063924245
2018-05-21,26.824945015796434,24.62273249896181,29.048342255396612
2018-05-22,26.80752189487949,24.702720543604606,28.975560567613105
2018-05-23,26.80058254172631,24.51446930877009,29.03609462478276
2018-05-24,26.77966705040729,24.57562588225506,29.02971805395512
2018-05-25,26.773489397225546,24.70456982709689,28.942940649198974
2018-05-26,26.76655999037372,24.546687808623183,29.05098966650671
2018-05-27,26.75649840237665,24.612723096755133,28.992134939450644
2018-05-28,26.713645125736704,24.58872738061687,28.77250529961271
2018-05-29,26.693888577117164,24.565424288287062,28.92698953083192
2018-05-30,26.685845215089948,24.55194095912729,28.840376321454475
2018-05-31,26.66506214794724,24.490568242910204,28.86068482119549
2018-06-01,26.66022929227504,24.429096767787275,28.989699753969543
2018-06-02,26.65580286052134,24.458821350119116,28.848007302057848
2018-06-03,26.64931982703635,24.50801390041989,28.816572524566002
2018-06-04,26.611012159460635,24.406312278935573,28.8716990515636
2018-06-05,26.59663696723068,24.48370062037593,28.765742903409443
2018-06-06,26.594660340810567,24.26741602061846,28.754821570088495
2018-06-07,26.58046415155858,24.4209408309716,28.744581731059768
2018-06-08,26.582562754233706,24.52863071691821,28.925143840260677
2018-06-09,26.585231242982132,24.352818856768458,28.635034024611492
2018-06-10,26.585824777812288,24.393173174764563,28.639552821150794
2018-06-11,26.55439763462721,24.08466675794588,28.775122865997776
2018-06-12,26.546537999188782,24.393841510943812,28.690738434153683
2018-06-13,26.55055615329707,24.435754645950002,28.738131042886923
2018-06-14,26.541695207294158,24.46537955371814,28.774573197102512
2018-06-15,26.548351217779427,24.11075630281401,28.634079515583938
2018-06-16,26.554704253723674,24.33634498965136,28.711873769971216
2018-06-17,26.558039858111027,24.3260863922623,28.59862222514645
2018-06-18,26.528369507869982,24.360088461508685,28.745020392377207
2018-06-19,26.5212660629494,24.372495227233763,28.74648473759845
2018-06-20,26.52505184472146,24.49761623242842,28.66302085552371
2018-06-21,26.515008511134468,24.158404851856375,28.681765649492352
2018-06-22,26.519595601640244,24.29331590479186,28.654118790280418
2018-06-23,26.52307936884884,24.391922658012167,28.750294691186575
2018-06-24,26.522851415699215,24.306792647769075,28.781806990672724
2018-06-25,26.48904582823099,24.296375914082248,28.580107964023952
2018-06-26,26.477370895147317,24.274053910736676,28.597940002429446
2018-06-27,26.476293164690876,24.382686622887594,28.684183851466216
2018-06-28,26.461243123354993,24.347662161104886,28.573891572424973
2018-06-29,26.460829489889136,24.299978159576717,28.393577406051616
2018-06-30,26.459463861854715,24.306364900281974,28.56429945538149
2018-07-01,26.454675350256935,24.249078011969637,28.660290571517006
2018-07-02,26.416724002217602,24.268874793453996,28.57794114188701
2018-07-03,26.401429202846867,24.272312615808676,28.561703586483922
2018-07-04,26.39735089415365,24.06495339297338,28.445448270865867
2018-07-05,26.379992967848338,23.985621565764696,28.46158273846134
2018-07-06,26.378015880964657,24.300224281204716,28.522631283387025
2018-07-07,26.375860268792817,24.087259940205115,28.494922594805285
2018-07-08,26.37106120883715,24.358027563657465,28.49296879194828
2018-07-09,26.333861934642208,24.084836093836323,28.44214432749926
2018-07-10,26.32004317052771,24.24159425923962,28.4861660021917
2018-07-11,26.318105886815125,24.248492361799443,28.570771114482213
2018-07-12,26.303476777383317,24.03489438154583,28.35598070478507
2018-07-13,26.304723438556756,24.22950054002276,28.56536756757795
2018-07-14,26.306180941249007,24.18102639415042,28.58424020672082
2018-07-15,26.30526935747157,24.069950216892362,28.31913352341132
2018-07-16,26.27211094027862,24.226791324766154,28.382457477055976
2018-07-17,26.262363024287332,24.03780118501565,28.468411468823085
2018-07-18,26.26440434144991,24.15407991659964,28.49556377469836
2018-07-19,26.25354395111324,24.23511191463964,28.43967449302792
2018-07-20,26.258239665674186,24.135795671966648,28.549571589548332
2018-07-21,26.26272757397957,24.034756659511775,28.476012903360523
2018-07-22,26.264342144260386,23.97984872222986,28.388518496270596
2018-07-23,26.23313553899281,24.18043578591134,28.358263430957688
2018-07-24,26.224712156567975,24.01765590784442,28.21821627633333
2018-07-25,26.22741605792686,24.15616795428493,28.484789187948344
2018-07-26,26.21654045724121,23.91392665834868,28.326919900328395
2018-07-27,26.22054615486972,23.93112185473035,28.21176819080328
2018-07-28,26.223690528335272,24.102970255916418,28.335645566237076
2018-07-29,26.223346592674,24.056329297062216,28.442922624319646
2018-07-30,26.189620806893185,24.03938640439358,28.342152612272177
2018-07-31,26.178185698923805,23.97744937397265,28.380869299354053
2018-08-01,26.17746503588779,24.044733075956152,28.260703987152162
2018-08-02,26.16284079626605,24.081074532626353,28.327435244899196
2018-08-03,26.16286890598175,23.92303465251219,28.15860528159056
2018-08-04,26.16190544149383,23.916953407743733,28.287103290442023
2018-08-05,26.157422899368452,24.138912411638948,28.393842909120725
2018-08-06,26.119625295171744,23.896881529736653,28.17426776451965
2018-08-07,26.104278245480177,23.76676609193848,28.223675987861423
2018-08-08,26.099891834049778,23.885100031790106,28.363815735653112
2018-08-09,26.081925583510515,23.947979531028633,28.039610426926274
2018-08-10,26.079002548035497,23.788709714397008,28.293474606284267
2018-08-11,26.075534270624875,23.762050068066458,28.307062592811523
2018-08-12,26.069036231032136,24.031406769473175,28.32886856540218
2018-08-13,26.02974255909725,23.7634664397277,28.2937112256817
2018-08-14,26.015795108784584,23.734834089668162,28.05360180671585
2018-08-15,26.013349954687193,23.714696140125035,28.063575009041553
2018-08-16,25.99786004507653,23.84624549969501,28.107436121256175
2018-08-17,25.997931539540595,24.018704750735722,28.175072388149765
2018-08-18,25.99795024225968,23.739784261197087,28.10263841405933
2018-08-19,25.995398749129354,23.72598986226771,28.18996784758268
2018-08-20,25.960473013353162,23.760326953912184,28.164413211462996
2018-08-21,25.94891440601342,23.725427052888275,28.064248876690833
2018-08-22,25.949194979178895,23.616628066980972,27.898165512654398
2018-08-23,25.936725146638224,23.814474575636762,28.190806006178022
2018-08-24,25.940070682415843,23.6610952888854,28.12244242869746
2018-08-25,25.94358066047752,23.834985481374805,27.992204826915938
2018-08-26,25.944705840681802,23.784041068062763,28.23228479714668
2018-08-27,25.913616158253365,23.827954721589133,28.058637982669445
2018-08-28,25.90603335777438,23.697536129897934,28.081931326713256
2018-08-29,25.91041645682917,23.64505410706805,27.89083463710443
2018-08-30,25.902169245880508,23.549879283291148,28.05721857847329
2018-08-31,25.909856730300934,23.73195041485447,28.020245829583367
2018-09-01,25.91783215790496,23.65138339590257,27.932081921446485
2018-09-02,25.92355417056902,23.843996956944096,27.998135310630765
2018-09-03,25.897202783308227,23.727311998361614,28.14947089393136
2018-09-04,25.894510289002802,23.690803334418188,27.90763225794
2018-09-05,25.90394484038176,23.894447074556652,28.138651257088913
2018-09-06,25.90091598942164,23.61462225076259,27.99666607719382
2018-09-07,25.913989168373227,23.73150683887595,27.98172560504432
2018-09-08,25.927510836149064,23.62554833949212,28.15745244096412
2018-09-09,25.938923908462424,23.83958189587684,28.01538433180041
2018-09-10,25.918382251591524,23.762173229781805,28.133631444483143
2018-09-11,25.921580408529284,23.834192190489404,28.057985208040535
2018-09-12,25.93693637127197,23.743594551037205,28.095681761716534
2018-09-13,25.939796730881923,23.674802610923596,28.06206914396124
2018-09-14,25.958651228398516,23.86904133510866,27.953939876425114
2018-09-15,25.97775845501245,23.890348344625686,28.115652409341575
2018-09-16,25.994462329247654,23.752929894382625,28.069849506244168
2018-09-17,25.97880812437362,23.682908496879847,28.144000002304303
2018-09-18,25.98637419196651,23.72901015017045,28.17014209576897
2018-09-19,26.005457156656227,24.044248782476078,28.380358704584722
2018-09-20,26.011279859924368,23.77325297853567,28.123364710720537
2018-09-21,26.0322090084997,23.898808585211032,28.2932459886357
2018-09-22,26.05238419623234,23.80664560145029,28.215210434274628
2018-09-23,26.069037837794173,24.035760230605067,28.292490405476443
2018-09-24,26.052114690656726,23.823780937702406,28.344663685300223
2018-09-25,26.057107009872475,23.914084530247887,28.26881789987083
2018-09-26,26.072243007629123,23.938688110707318,28.31764537965794
2018-09-27,26.072697793738556,23.94330724342849,28.214114793649546
2018-09-28,26.08681365533479,23.910101157374903,28.26805952502338
2018-09-29,26.098731254787943,24.116496494743824,28.413033452383065
2018-09-30,26.10571120452714,23.970806103577132,28.18718849920143
2018-10-01,26.077754628331267,23.958545198322064,28.33555332191767
2018-10-02,26.07043870171642,24.002204913476184,28.12917647739457
2018-10-03,26.072104808296423,23.997025723596927,28.16008726642171
2018-10-04,26.058068471356766,23.80030664952483,28.30846601411736
2018-10-05,26.05683792100844,24.024310800647,28.35324353366518
2018-10-06,26.05274289736116,23.903764457953372,28.315774228480983
2018-10-07,26.043253188934564,23.815225732239497,28.23558900724216
2018-10-08,25.99859557470856,23.83490145728994,28.353865969653466
2018-10-09,25.97458523827421,23.739149955609683,27.985919313034298
2018-10-10,25.959809381967165,23.796184800345674,28.09755213842486
2018-10-11,25.9298323041309,23.837839177785874,28.192370453793323
2018-10-12,25.91340891401763,23.59339907719142,27.935271325392822
2018-10-13,25.895108406164383,23.717613101372937,28.1281735976415
2018-10-14,25.872627718893128,23.802332532928688,28.177015651787695
2018-10-15,25.816403571442876,23.70022252516258,28.096031330853883
2018-10-16,25.782439271557966,23.78944884211047,27.960310336395814
2018-10-17,25.759484138669272,23.67684522838571,27.912354984091596
2018-10-18,25.723234913733734,23.66587647630838,27.913419879966604
2018-10-19,25.702546225834226,23.564302257123153,27.80593985862643
2018-10-20,25.682051917970885,23.584282245046467,27.972415832998806
2018-10-21,25.659476920020076,23.588874140215793,27.911393574868793
2018-10-22,25.605248507615574,23.461605174145397,27.505783962441427
2018-10-23,25.575323162653923,23.401130261722525,27.867737650737013
2018-10-24,25.558366883331463,23.394267943024165,27.73963776946453
2018-10-25,25.52995829628806,23.419968645266916,27.766104450454304
2018-10-26,25.518801601628844,23.304610377153004,27.595195010560374
2018-10-27,25.509351094091645,23.339968829282885,27.761164992244222
2018-10-28,25.499126870881312,23.271940594652868,27.598590020580666
2018-10-29,25.45833047123545,23.264420547938002,27.672511874662835
2018-10-30,25.442676555993867,23.158802224531897,27.54891086156471
2018-10-31,25.440578356789285,23.09716185403164,27.51609604636077
2018-11-01,25.427356121452615,23.20869048091844,27.457244289401277
2018-11-02,25.43145545611543,23.260922162001524,27.57425549780763
2018-11-03,25.437077176166785,23.145798584326,27.598423001637677
2018-11-04,25.44149814816645,23.237449718023534,27.739099125617926
2018-11-05,25.414691745462296,23.314908967422603,27.528580202168936
2018-11-06,25.41216391281633,23.155028139474776,27.64071818763136
2018-11-07,25.422142468999,23.23908554665958,27.587505640780066
2018-11-08,25.41978878821223,23.500630862132372,27.676319044522046
2018-11-09,25.433418692195414,23.304637163645594,27.679193620491176
2018-11-10,25.44713411534785,23.09451668216075,27.461508740490494
2018-11-11,25.45814499510735,23.30865966332157,27.552231398554834
2018-11-12,25.436390001032716,23.293685710911216,27.666756725036365
2018-11-13,25.43737210917157,23.194165634178518,27.59814609487139
2018-11-14,25.44934668197155,23.440475217356255,27.78654264876185
2018-11-15,25.447531244796906,23.44639348041387,27.6738458395111
2018-11-16,25.460323858372767,23.179164949642505,27.727035378621085
2018-11-17,25.47193173211601,23.30074897521972,27.669128309393795
2018-11-18,25.479689625853766,23.242928469914915,27.48060289002155
2018-11-19,25.453676758425306,23.187017713166284,27.761683365522707
2018-11-20,25.449548341480373,23.433291381651127,27.664887696202968
2018-11-21,25.455719513889203,23.229783995168166,27.67357975560261
2018-11-22,25.447570983086415,23.34525144041924,27.533402364125774
2018-11-23,25.453663384751902,23.26172399724081,27.60072333838536
2018-11-24,25.45836211152647,23.333908957688706,27.875409944032622
2018-11-25,25.459152254731247,23.35758274776336,27.786231808843233
2018-11-26,25.426252462149833,23.209866715906852,27.572671485189378
2018-11-27,25.41544390059654,23.276589668221185,27.499053237835984
2018-11-28,25.4152521531356,23.450108793041526,27.56148165930692
2018-11-29,25.401151394451947,23.148911414921663,27.690495361797417
2018-11-30,25.401777874891582,23.306995173187453,27.664813772598873
2018-12-01,25.40155446468976,23.265090936081755,27.776890977773004
2018-12-02,25.39800588518638,23.23492484685943,27.663698280873536
2018-12-03,25.36137339577816,23.155101460815494,27.645757533551542
2018-12-04,25.34744507523331,23.19069708644867,27.561659927816326
2018-12-05,25.34473946316704,23.22553913243608,27.336326866963528
2018-12-06,25.32871182935477,23.092891757314355,27.604492074834894
2018-12-07,25.327970016385645,23.140882241371262,27.592360409481152
2018-12-08,25.326901515763044,23.219409931982735,27.51492268542386
2018-12-09,25.322991309430833,23.103631114847456,27.400258817566115
2018-12-10,25.28643915028716,23.029825720453175,27.238110108737462
2018-12-11,25.272992327800708,23.126198593552367,27.344333357875367
2018-12-12,25.271131597607173,23.072832924970857,27.39363368455555
2018-12-13,25.256279464168458,23.193124361754155,27.36715995555228
2018-12-14,25.257017694161394,22.975145952724787,27.33568406638478
2018-12-15,25.25771566572306,23.036791932978677,27.526273005468056
2018-12-16,25.25584904506706,23.02069032265756,27.5376426935528
2018-12-17,25.221617439296743,23.07929937701793,27.427687415039824
2018-12-18,25.21077706320437,23.053544982974103,27.409420041899025
2018-12-19,25.211826107210715,23.13492290568506,27.34658013694132
2018-12-20,25.20021202003363,22.99545586652194,27.288166298629864
2018-12-21,25.20454762363476,23.001683544661315,27.505538061187472
2018-12-22,25.20923771946146,22.981819256900852,27.39720309751252
2018-12-23,25.211795743599637,23.056875004838073,27.35459052346999
2018-12-24,25.182459195783657,23.099480370779816,27.300781466270717
2018-12-25,25.17701996368188,22.982696060938295,27.21201100431159
2018-12-26,25.18400731799724,22.93163324070274,27.287031893790633
2018-12-27,25.178892882204064,22.983059340602527,27.45641703976307
2018-12-28,25.190304583575983,23.066133354660735,27.275792972684236
2018-12-29,25.202651329550275,23.124444247220474,27.454797036604617
2018-12-30,25.213438045171046,23.02385911715621,27.268376230602247
2018-12-31,25.192879865153202,23.007750841028404,27.441727061871088
2019-01-01,25.196731658726023,23.075761971113057,27.360996701415814
2019-01-02,25.213470705700765,23.074630988966952,27.37168205102163
2019-01-03,25.218501855121893,23.082709250682555,27.248509917480824
2019-01-04,25.240372184245132,23.071499540147435,27.484466899569302
2019-01-05,25.263396895982453,23.13929442508136,27.184104814354473
2019-01-06,25.28497606762137,23.00782424415154,27.440066157411305
2019-01-07,25.2752110049079,23.066065623350738,27.52534537643364
2019-01-08,25.289736324710972,23.186778411371392,27.482921177088322
2019-01-09,25.316905515808983,22.956514912334768,27.509421993963286
2019-01-10,25.33199922826068,23.10236443374751,27.580458335870887
2019-01-11,25.363443218586767,23.28505049241673,27.384131538035426
2019-01-12,25.395437591444637,23.264881024483632,27.649800025884765
2019-01-13,25.425276849145277,23.28055382014977,27.520444686708338
2019-01-14,25.422969400722387,23.420281098265676,27.637445452487974
2019-01-15,25.444072553621073,23.28849736806654,27.755212994160672
2019-01-16,25.476880642737008,23.25692119856061,27.7667130823573
2019-01-17,25.49663546078723,23.3639047767836,27.60965208478055
2019-01-18,25.531745841845805,23.287025716931815,27.658186305291853
2019-01-19,25.566417976886314,23.29543019429465,27.74122210342678
2019-01-20,25.597975926463466,23.508524631202985,27.817826457316492
2019-01-21,25.59648095328173,23.589842895041553,27.874201267929784
2019-01-22,25.61756568713558,23.49171918391472,27.929610191477554
2019-01-23,25.649620785337795,23.491759010224484,27.79316146623326
2019-01-24,25.668003279994416,23.391992801221253,27.717653708243475
2019-01-25,25.701253509790092,23.450660548810415,27.88245618513366
2019-01-26,25.73372227831334,23.391884936865488,27.993147679540304
2019-01-27,25.762887782971465,23.452513547105962,27.810393244422013
2019-01-28,25.758971029788764,23.42554109752966,27.840251514634833
2019-01-29,25.777765850208727,23.57935562366692,27.94695585570086
2019-01-30,25.807821294863388,23.817324060152075,28.080779567684647
2019-01-31,25.824645712566355,23.753524015745448,28.040494948226947
2019-02-01,25.856919530808625,23.59969453870755,28.15823397257954
2019-02-02,25.889118496702167,23.531877784705298,28.0112318621663
2019-02-03,25.918827034235328,23.855922387883734,28.22924155277166
2019-02-04,25.916350536566107,23.616236097503602,28.140683407035834
2019-02-05,25.93754280145444,23.661367531608665,28.01403667965202
2019-02-06,25.970986462567847,23.84292937203459,28.258420890854833
2019-02-07,25.992195786105793,23.793154083224003,28.021176033295042
2019-02-08,26.02982889171845,23.85839724565952,28.276614706621608
2019-02-09,26.068311179482766,23.87392759487525,28.122391057438435
2019-02-10,26.10514962091611,23.78737119388756,28.304954898929758
2019-02-11,26.110546713931875,23.831096571641655,28.31335428571745
2019-02-12,26.140230270458826,23.936696820585897,28.225379758167996
2019-02-13,26.18263683048412,23.915063575552992,28.392625837589637
2019-02-14,26.213117994935086,24.07300537855364,28.458192616000755
2019-02-15,26.26015664336323,24.10672152486911,28.398367783733992
2019-02-16,26.307994711738726,24.238351299512782,28.328977861552662
2019-02-17,26.353952071384274,24.25502582206921,28.4479333179033
2019-02-18,26.36804518476388,24.084855628670194,28.662400044440513
2019-02-19,26.405821578923717,24.157958733852333,28.566009283643986
2019-02-20,26.455547802277398,24.275474107849355,28.67656218759192
2019-02-21,26.492420032601032,24.23579523628571,28.61704590846927
2019-02-22,26.54478418470222,24.455305136347707,28.609801165079872
2019-02-23,26.596767086005144,24.42999810967026,28.76780129276954
2019-02-24,26.645598167513402,24.45970335725256,28.745883643493368
2019-02-25,26.661230268521713,24.462084882470556,28.75699749804912
2019-02-26,26.699175536988296,24.458370739680586,28.783894293335454
2019-02-27,26.747694052574698,24.47616045635451,28.854200305906556
2019-02-28,26.782004322883797,24.613844368409957,28.963486329602294
2019-03-01,26.830502505925548,24.442713964152702,29.06896680603615
2019-03-02,26.8773919534376,24.71584838454509,29.041082947592805
2019-03-03,26.92000257002072,24.732788096461082,28.967500631798156
2019-03-04,26.928408653754367,24.67577727026429,28.95360747997828
2019-03-05,26.958261285408,24.762404902503715,29.17982369523664
2019-03-06,26.997972993959266,24.890936748370596,29.041347408851244
2019-03-07,27.022923962290616,24.857062434974345,29.12731968769289
2019-03-08,27.06167674885498,24.772354827209643,29.046990704953785
2019-03-09,27.09860124858302,24.973031280868163,29.215288238772406
2019-03-10,27.131189518866943,25.056238929877185,29.25811611651368
2019-03-11,27.12966926560845,24.923273176783884,29.345172456135142
2019-03-12,27.1498321805054,24.898380814209027,29.312088471512602
2019-03-13,27.180214972505894,25.192517280247287,29.159875949785174
2019-03-14,27.196302460347287,25.07474997525014,29.44000270246771
2019-03-15,27.226739789862524,25.017129743201973,29.38256756094
2019-03-16,27.25595556951298,25.133724220632036,29.336796811231448
2019-03-17,27.281475600416787,25.109040464171326,29.523711358069452
2019-03-18,27.27353602507133,25.286437301500232,29.473598005901664
2019-03-19,27.287912093055777,25.02614838709004,29.382843725057754
2019-03-20,27.313100371434807,25.202413619763313,29.44466757932796
2019-03-21,27.324523729668908,25.27538021208761,29.616086111111777
2019-03-22,27.350746104741106,25.294639121915417,29.563279614370597
2019-03-23,27.37609876279892,25.09185091226677,29.38723128247103
2019-03-24,27.397997639432955,25.22525979342614,29.60289108535422
2019-03-25,27.38656047437903,25.079907334890436,29.566411887569927
2019-03-26,27.39743981938137,25.117469859903665,29.49982389926546
2019-03-27,27.41900961971265,25.267744133837937,29.674062599220754
2019-03-28,27.426574567946584,25.283213584764866,29.484374222541383
2019-03-29,27.448589104306695,25.343616340532137,29.618762784753322
2019-03-30,27.469287652158577,25.25578496332482,29.59634048782387
2019-03-31,27.486005550415374,25.396972964997953,29.760453938216305
2019-04-01,27.46879928919603,25.390886966037886,29.53923054731069
2019-04-02,27.473282032142254,25.21473700995175,29.659488580751496
2019-04-03,27.48781204749677,25.374861542036662,29.686280639125073
2019-04-04,27.487703187397663,25.204719629099696,29.594342744369946
2019-04-05,27.501444251621894,25.386511443934694,29.72853710908148
2019-04-06,27.513328808458812,25.41645399844563,29.604949341126748
2019-04-07,27.520774941350197,25.300466676112368,29.871365156289013
2019-04-08,27.49394355712134,25.39860322545158,29.602346713183316
2019-04-09,27.488571290546798,25.285429700991056,29.598515124276403
2019-04-10,27.493155699122653,25.432327616445356,29.78771264378317
2019-04-11,27.483161977704597,25.397757016503682,29.740091995320206
2019-04-12,27.487238135340245,25.2469353262629,29.588881087392632
2019-04-13,27.48984032595631,25.390756667779627,29.688706675935364
2019-04-14,27.488547930015166,25.33752673673509,29.591281453830184
2019-04-15,27.453677157274385,25.452957878869736,29.710747122920427
2019-04-16,27.441109341684637,25.18059556148827,29.505630322865287
2019-04-17,27.43947175665819,25.20556533481276,29.621665066968035
2019-04-18,27.42434030893058,25.32141336427522,29.617581208847685
2019-04-19,27.424451172389542,25.32507199869856,29.706975125011255
2019-04-20,27.424323159619952,25.28522955242568,29.70318965542246
2019-04-21,27.42157051831215,25.394422402447283,29.647878012678834
2019-04-22,27.38651499401639,25.004217074291233,29.5494282245322
2019-04-23,27.375013380830094,25.11442203652705,29.37570285460581
2019-04-24,27.37563841649161,25.132693129139604,29.547636795365985
2019-04-25,27.36388238514043,25.09918689143708,29.470722260446433
2019-04-26,27.368370470733105,25.072461804712905,29.50479256347737
2019-04-27,27.373485617492893,25.159405883276715,29.630757817174246
2019-04-28,27.376684521282936,25.22858181142705,29.704458617926544
2019-04-29,27.348113509960793,25.17606016964195,29.579121848463345
2019-04-30,27.34344043300921,25.186633957024938,29.63232675696996
2019-05-01,27.35104030056122,25.13351390205855,29.45170482355114
2019-05-02,27.346203906909132,25.245894063558346,29.676232977306345
2019-05-03,27.35735634507478,25.059399380420157,29.588006812675058
2019-05-04,27.368687027986038,25.079959814882752,29.494783120571554
2019-05-05,27.377470698845883,25.23738412516431,29.629001509604038
2019-05-06,27.353688050939727,25.26066942257544,29.62705150267199
2019-05-07,27.35286194672528,25.19634358368317,29.56984297883369
2019-05-08,27.36324685690017,25.112078934687325,29.707905036941444
2019-05-09,27.36004064949591,25.142464482215267,29.353820300399214
2019-05-10,27.371605547864675,25.13664954590958,29.593072349554866
2019-05-11,27.382099805189604,25.262935544253487,29.489235805176904
2019-05-12,27.388799531888203,25.130668420794404,29.82466141374327
2019-05-13,27.36171927293028,25.118657549102345,29.443963047758597
2019-05-14,27.356447325329235,25.282249239022324,29.500021813008455
2019-05-15,27.361333440534928,25.163984391813766,29.51360215140279
2019-05-16,27.35169808874609,25.044830667346346,29.559008939686954
2019-05-17,27.356050172587263,25.027314875285345,29.49989589357061
2019-05-18,27.35871482603846,25.18343114499207,29.395407906649535
2019-05-19,27.35715084044124,25.08418069146874,29.562949253569137
2019-05-20,27.321566434294677,25.182683233211353,29.45311724856044
2019-05-21,27.30774948767876,25.105363180963575,29.564510066008367
2019-05-22,27.30425002384678,25.09205699495515,29.402948659245194
2019-05-23,27.286584256208965,25.16190293613995,29.437942037093322
2019-05-24,27.28344722882103,25.254369537849332,29.487731038440568
2019-05-25,27.27933582249118,25.00003734540598,29.381360840573723
2019-05-26,27.271861796353985,24.993790897336833,29.265503347881975
2019-05-27,27.231363697917512,25.049885220532925,29.30334416420147
2019-05-28,27.21373386381012,25.025262881637328,29.187177293385655
2019-05-29,27.20759837749478,25.094333416901886,29.370720101939884
2019-05-30,27.18851936600195,25.197147055973165,29.331423957844457
2019-05-31,27.185206706040585,25.001275698296777,29.331878776896932
2019-06-01,27.182140931211546,24.88220074395803,29.458312326977047
2019-06-02,27.176887006715,25.029061357506063,29.287320476315738
2019-06-03,27.13970777827086,25.118547507481956,29.308374215711467
2019-06-04,27.126393269220085,24.911004598269756,29.403748574271837
2019-06-05,27.12544362333123,25.01859628503744,29.353957865599725
2019-06-06,27.112274988176647,25.005014381061777,29.400135364213416
2019-06-07,27.115435306366876,25.00709250944009,29.3632669492787
2019-06-08,27.119231690390812,24.739622361531808,29.271465911249987
2019-06-09,27.12104892190431,24.924960505390217,29.244246632351995
2019-06-10,27.090967750638193,24.817106895241302,29.395399821591344
2019-06-11,27.08459903306678,24.84375532729407,29.148914856299083
2019-06-12,27.090271376017416,25.01186758128802,29.21317619643808
2019-06-13,27.083241452906883,24.84358801379685,29.315885388534966
2019-06-14,27.091913841403798,24.871362985403263,29.201384443810582
2019-06-15,27.10047195169959,24.848468501477083,29.39000206365712
2019-06-16,27.106199494475774,24.797154499357184,29.20971199704781
2019-06-17,27.079101089224665,24.638834603050842,29.234066186834404
2019-06-18,27.074737997728825,24.94486545269028,29.348664421025486
2019-06-19,27.08141661307993,24.847823299543116,29.310518593170343
2019-06-20,27.074398858443562,24.88700070288465,29.357847390208057
2019-06-21,27.082121352361067,25.07258955053562,29.29346898333285
2019-06-22,27.08882493879317,25.02154480885076,29.218909417081235
2019-06-23,27.091874079991243,24.999086386302174,29.260889952424943
2019-06-24,27.06137478023318,24.785670686423543,29.178694528059637
2019-06-25,27.053007108868574,24.99591255125994,29.357341928578787
2019-06-26,27.055210050404806,24.922815514498744,29.2925910144166
2019-06-27,27.043387943977514,24.86106112820217,29.35202059925339
2019-06-28,27.04612548471956,24.996139161198805,29.18582382237762
2019-06-29,27.04781300515971,24.78795425575038,29.289592376901744
2019-06-30,27.045961655398262,24.925007140372912,29.22658914836518
2019-07-01,27.01081726804073,24.960325065275097,29.310575759022854
2019-07-02,26.99818908822546,24.82015824534388,29.166222708093834
2019-07-03,26.99663119919291,24.814287793554012,29.059958637031475
2019-07-04,26.98164599645712,24.733131657371985,29.204522187238773
2019-07-05,26.981896759365586,24.899278922673602,29.203842497689497
2019-07-06,26.981831098011746,24.801770548819682,29.08381351480402
2019-07-07,26.978994936139863,24.823756021562247,29.145492757289563
2019-07-08,26.943645839019215,24.769438451743216,29.321251364141915
2019-07-09,26.931581870322425,24.800013636625952,29.155844616722373
2019-07-10,26.931323793028564,24.81529856921387,29.118349112329785
2019-07-11,26.918319933578296,24.788484695454947,29.088034484064828
2019-07-12,26.92116070708686,24.781354734697555,29.056880923081046
2019-07-13,26.92420451518347,24.668424286304436,29.12812211658648
2019-07-14,26.92489459747706,24.84621461026447,29.06883445021058
2019-07-15,26.89337555527159,24.767636852090757,29.031612315687166
2019-07-16,26.885325633303204,24.781195093743445,28.979550181108756
2019-07-17,26.889142471361836,24.604614393625436,29.13566364874826
2019-07-18,26.8801515400739,24.67418590935042,29.086327968934572
2019-07-19,26.886824155037736,24.563164722868887,29.199943321916294
2019-07-20,26.89340668163573,24.523002115388365,28.92069829110729
2019-07-21,26.89724041951958,24.828666174869603,29.161969055679403
2019-07-22,26.868380803236818,24.755068187951682,28.96427839921991
2019-07-23,26.862431934750575,24.61673698715571,28.989587819164914
2019-07-24,26.86773410370864,24.88535485567123,29.1893017021832
2019-07-25,26.859573469188014,24.650952539735155,29.099402494680678
2019-07-26,26.86640077296005,24.551957824548012,29.04129353678824
2019-07-27,26.872460689302297,24.6820250379418,28.96582494350067
2019-07-28,26.8751113098272,24.679647885208567,28.83975782328716
2019-07-29,26.844442425460088,24.645629375748037,29.05071208131281
2019-07-30,26.836108662101406,24.855521038067888,29.165787831722902
2019-07-31,26.83851518021879,24.736552629717114,29.173922961131833
2019-08-01,26.827025178173297,24.700043487434804,29.02979505612354
2019-08-02,26.830176144853368,24.747972929262094,28.961379609097083
2019-08-03,26.832306549105947,24.804484402277065,28.980148412620807
2019-08-04,26.83087255115576,24.75600627472474,28.928634547567732
2019-08-05,26.796063486330887,24.58267923229594,28.916241837583495
2019-08-06,26.783632264496994,24.720753166052674,28.953151209267975
2019-08-07,26.78207847827159,24.671052749224923,29.004786793817036
2019-08-08,26.766853536063977,24.612994001809156,28.833526892310953
2019-08-09,26.76657483284719,24.544219711192177,29.009623785943894
2019-08-10,26.765650702583578,24.60485605349024,28.991711409712526
2019-08-11,26.761595781382052,24.645336567796445,28.850779237243852
2019-08-12,26.724645561841527,24.410761505868663,28.85879478316586
2019-08-13,26.710586297597715,24.5488942499023,28.90420572403136
2019-08-14,26.707938051955107,24.745741234956345,28.861422465532584
2019-08-15,26.692160192842803,24.640931455322853,28.91544457530991
2019-08-16,26.691866319239395,24.572866191649332,28.750980133686
2019-08-17,26.691450322378785,24.40989104321797,28.72452512171679
2019-08-18,26.688403158872386,24.57104813073295,28.80773010039218
2019-08-19,26.652929054802744,24.251022159699847,28.691339774414764
2019-08-20,26.640777231116292,24.330313838180118,28.854586177916378
2019-08-21,26.640426870618487,24.503502274065845,28.78638161976622
2019-08-22,26.627294552883633,24.572541678753634,28.864340477216654
2019-08-23,26.62995106656522,24.498813252282474,28.821635844814413
2019-08-24,26.632749229616188,24.608025968760085,28.8931431077308
2019-08-25,26.633142227109133,24.48539519253587,28.918231766255058
2019-08-26,26.60130112592562,24.66737619755354,28.929660967050843
2019-08-27,26.592947606583213,24.245693675958744,28.844399677677153
2019-08-28,26.59653959389674,24.44393183716603,28.70448645808003
2019-08-29,26.587478986997894,24.337559717543392,28.642056608725962
2019-08-30,26.594328386155063,24.412205759211478,28.651054357014637
2019-08-31,26.601438449094406,24.38480492750569,28.705479366860054
2019-09-01,26.60626540294187,24.289851155348323,28.697770198495512
2019-09-02,26.578987401268577,24.43597673103579,28.796180684487577
2019-09-03,26.575335809580075,24.367617357248545,28.68916146989152
2019-09-04,26.58377915552644,24.419785766529326,28.752140973903117
2019-09-05,26.579729008698546,24.43483447105105,28.86299307864524
2019-09-06,26.59175475947714,24.511065101664627,28.77724399510199
2019-09-07,26.6042090069803,24.46345583909536,28.83637639506103
2019-09-08,26.61454316234503,24.539812763887557,28.899015384563256
2019-09-09,26.59292203702864,24.480484982108546,28.72365393311146
2019-09-10,26.595053577052028,24.31894522809696,28.760785321564455
2019-09-11,26.606461501402844,24.327195584755625,28.740995274492544
2019-09-12,26.605420425688685,24.351781021376684,28.623162494058786
2019-09-13,26.620439991343616,24.342500274638812,28.850274465666605
2019-09-14,26.635800256114454,24.37968722144338,28.63832419691283
2019-09-15,26.648867728662445,24.371060019073514,28.945487259076017
2019-09-16,26.629710880584746,24.164880152463798,28.75357345898157
2019-09-17,26.63393129416517,24.51213370913049,28.70078674236591
2019-09-18,26.649848235617497,24.55697624172584,28.716709919151818
2019-09-19,26.652705948357152,24.516257368877653,28.523066478605507
2019-09-20,26.67089063999313,24.442476915932676,28.840716258128708
2019-09-21,26.68855885103294,24.38255458067149,28.806912049935292
2019-09-22,26.702956763166185,24.51593667847825,28.89233418594637
2019-09-23,26.684039142929098,24.392321101888548,28.807936389398343
2019-09-24,26.687303983883456,24.57087843288312,28.88883962244052
2019-09-25,26.70098053656538,24.456079423095026,28.757180652357615
2019-09-26,26.700239917807252,24.495202270964256,28.794932842426135
2019-09-27,26.713415170794857,24.456618169162176,28.721894194625015
2019-09-28,26.72463236518519,24.539038140168834,28.893460482191333
2019-09-29,26.731132203158964,24.49716100770689,28.977912101564343
2019-09-30,26.702890744747314,24.391465841643097,28.82947193655793
2019-10-01,26.69545524526137,24.485602604598686,28.972473234869167
2019-10-02,26.697132738247024,24.49702778571144,28.955151531330333
2019-10-03,26.68320051612838,24.486028119443276,28.823304375872482
2019-10-04,26.682125358335725,24.56631003170415,28.87808787071104
2019-10-05,26.678193093533668,24.40846734718126,28.85867350837414
2019-10-06,26.66882797841851,24.514550756083345,28.820925486665754
2019-10-07,26.624210542232344,24.569444377506233,28.853331340528413
2019-10-08,26.600109944185604,24.43829363295312,28.611808867939807
2019-10-09,26.585068548950204,24.49198860686402,28.75886657558391
2019-10-10,26.554607959793245,24.316904806715264,28.77689592511141
2019-10-11,26.53744346006539,24.411798724649813,28.766668152844826
2019-10-12,26.518108561510562,24.532741917467973,28.698326171840982
2019-10-13,26.494269261744396,24.26558302203797,28.81971984098462
2019-10-14,26.43633678478035,24.204747636273897,28.724534047465944
2019-10-15,26.400294978056312,24.134926832014134,28.596659689780328
2019-10-16,26.37488019548739,24.188467369942,28.439412124132897
2019-10-17,26.335783025210237,24.176539066500215,28.65219972563748
2019-10-18,26.31185892327362,24.23797704180058,28.425228195027497
2019-10-19,26.287749550682452,23.957346557417996,28.231813314294495
2019-10-20,26.261194500716535,24.114973894893605,28.407847099828302
2019-10-21,26.202642258235198,24.037995207249626,28.416726853640665
2019-10-22,26.1680766135782,24.008453505120155,28.366313236297557
2019-10-23,26.146196389653912,23.823897044235984,28.264132406241078
2019-10-24,26.112617848958944,23.927984079978888,28.304120158396916
2019-10-25,26.096086828597468,23.91884515728031,28.24383980610389
2019-10-26,26.08110236651194,23.860139469881066,28.291987773898843
2019-10-27,26.065231451517416,23.89133942822363,28.31117367439739
2019-10-28,26.018723665795576,23.916192670441443,28.220305333738946
2019-10-29,25.997341852609374,23.80046756359489,28.117444970912906
2019-10-30,25.989546563577974,23.830561757147446,28.07632515044589
2019-10-31,25.970703536394396,23.886352777693382,28.034478580584537
2019-11-01,25.969301126685057,23.807237608733438,28.05144110050327
2019-11-02,25.96957932768614,23.811727689499484,28.234363607040358
2019-11-03,25.968849879093717,23.835039114442566,28.042371574534243
2019-11-04,25.937116104327217,23.68570490181411,28.060575240956922
2019-11-05,25.92990848481161,23.78898803249263,28.00074833657675
2019-11-06,25.935473610022388,23.791499562986946,27.96380100438628
2019-11-07,25.92898565018204,23.76874941984381,28.137661612907625
2019-11-08,25.938767185618264,23.867301591815085,28.096948189793498
2019-11-09,25.948920953377392,23.7483522564994,28.140001031756377
2019-11-10,25.956651957793152,23.973542566618498,28.408766150422984
2019-11-11,25.931888549320817,23.535248677770582,27.879185405567647
2019-11-12,25.930118465775752,23.654976161614286,28.213719271486042
2019-11-13,25.939577480884097,23.73063646234414,28.107781677192023
2019-11-14,25.935459833410235,23.642928079827822,28.385356314728654
2019-11-15,25.946137316481117,23.73273401661393,28.140825576877415
2019-11-16,25.95578865103236,23.7995254857404,28.05273425635342
2019-11-17,25.961718669134672,23.732550960262056,28.099508022817325
2019-11-18,25.933976003867414,23.701205361110432,28.191766358110716
2019-11-19,25.92818538276314,23.830929449201143,28.205926164120587
2019-11-20,25.932732280092278,23.773599788939045,27.983233680907418
2019-11-21,25.92296921586378,23.63550609722066,28.02144580291654
2019-11-22,25.92743069670792,23.70346864929804,28.231883779025676
2019-11-23,25.930458535743416,23.62691524941608,28.16668600671753
2019-11-24,25.929517184798215,23.638796508618878,28.128077258569153
2019-11-25,25.89480787469521,23.682411137094036,28.177456687123843
2019-11-26,25.882097748394433,23.791557785315618,28.093026870521044
2019-11-27,25.87990181639505,23.64845200987391,27.963594764194625
2019-11-28,25.86368708085832,23.619003748168954,27.87869121534685
2019-11-29,25.86208586520633,23.782162659921685,28.17541082369015
2019-11-30,25.859520109975332,23.597255079126715,28.17774305450243
2019-12-01,25.853516273678235,23.593776230456882,27.936963630967018
2019-12-02,25.81431962165655,23.664512150807713,28.193450362036547
2019-12-03,25.79772405758148,23.593785069368984,27.924771229988902
2019-12-04,25.79225528070483,23.57722838101389,27.81699206998644
2019-12-05,25.773376554550055,23.679818391324932,27.91535614936192
2019-12-06,25.769704050690294,23.61415097733778,27.95033576993178
2019-12-07,25.76563344541682,23.393481448364817,27.986093819929028
2019-12-08,25.75865731796708,23.797389337581453,28.052457247166505
2019-12-09,25.718982039039588,23.367468450483646,27.820248639640997
2019-12-10,25.70236020887317,23.536737433635086,27.74544043110241
2019-12-11,25.697276334529153,23.402270891666586,27.931815072122138
2019-12-12,25.679154943487035,23.37338254023712,27.783497482858273
2019-12-13,25.67657801628016,23.56171447818439,27.891683805593367
2019-12-14,25.673913345240752,23.502006569755675,27.604636552122944
2019-12-15,25.66863330965507,23.395600671430184,27.945379831851188
2019-12-16,25.63093271183196,23.238503654028563,27.715505308122047
2019-12-17,25.616561704606568,23.351245814210476,27.700040575876436
2019-12-18,25.61401148745625,23.55044412459648,27.952605064452843
2019-12-19,25.598721972474156,23.431969330457346,27.666139299787318
2019-12-20,25.59929832344016,23.485593670636685,27.75654030455287
2019-12-21,25.60013801120418,23.337819686069945,27.639866023149356
2019-12-22,25.598747926223528,23.45330068157494,27.737055393282752
2019-12-23,25.56536025599718,23.464079492668994,27.798561675795554
2019-12-24,25.55576323175925,23.27215048998762,27.57810202389048
2019-12-25,25.558484503609243,23.421613317389838,27.703064691735452
2019-12-26,25.548996432790368,23.47333276638858,27.553722212628998
2019-12-27,25.55593029440345,23.348673024231147,27.78539799405929
2019-12-28,25.56370112343759,23.425694982632702,27.733700262594805
2019-12-29,25.56982283127918,23.549499070215404,27.79104337540199
2019-12-30,25.544522380549076,23.31347638184127,27.829774806517403
2019-12-31,25.54356919383995,23.4166289770226,27.716094874141948
2020-01-01,25.55545761543557,23.406808601346853,27.741974844101033
2020-01-02,25.555611761250717,23.31643403974057,27.738535665387282
2020-01-03,25.572599781775974,23.463523763523252,27.791745714170002
2020-01-04,25.590759286185406,23.417190400772654,27.838394179210223
2020-01-05,25.607513553133305,23.586789704057853,27.77496882438394
2020-01-06,25.592987297385108,23.434725829997475,27.766766022495297
2020-01-07,25.602838132456355,23.479648792486,27.83953433890288
2020-01-08,25.625441497147705,23.375296497843365,27.793863439332853
2020-01-09,25.636098315631358,23.473634364747852,27.909738931936147
2020-01-10,25.663252337770437,23.5124233470895,27.769028559669383
2020-01-11,25.691118819472614,23.50609924551411,27.897597992741286
2020-01-12,25.71700407261733,23.602599873960365,27.911380574035242
2020-01-13,25.710924552958588,23.460948737535894,27.776309743094906
2020-01-14,25.728441523732602,23.6985515805096,28.13583343113356
2020-01-15,25.75784896185664,23.470978755026564,27.83151961861648
2020-01-16,25.77438387994373,23.41799424609451,27.921095539115072
2020-01-17,25.80644592198064,23.62753050192891,27.9849598478737
2020-01-18,25.838227814062837,23.71034283113697,27.932128925308845
2020-01-19,25.86703613428548,23.796041149086275,28.057724611868757
2020-01-20,25.862911019899176,23.713644714291494,28.049048762481373
2020-01-21,25.881460816057935,23.86437552861567,28.00297975161403
2020-01-22,25.911049317790994,23.656780526555977,28.126975654549636
2020-01-23,25.927004782042957,23.535482294353976,28.136505051181683
2020-01-24,25.95783759028622,23.773667823265484,28.09723800930112
2020-01-25,25.987868184400252,23.68102437421392,28.065055202129514
2020-01-26,26.01454479889514,23.87662252123123,28.36078501847688
2020-01-27,26.00805968275404,23.94139298940599,28.232865081926178
2020-01-28,26.024179904582407,23.842240405778757,28.217971925126406
2020-01-29,26.051430493816106,23.758594472263773,28.033737823640266
2020-01-30,26.06529920491534,23.877301795301953,28.05613019214751
2020-01-31,26.09444990098959,23.87677851476655,28.13175858719847
2020-02-01,26.12334629805369,24.175045863766115,28.248669738999887
2020-02-02,26.1495657106528,23.87605230738119,28.26312062662533
2020-02-03,26.14341160553735,23.983830310360382,28.376814545909024
2020-02-04,26.160741162896908,24.041525883477068,28.284301707362673
2020-02-05,26.190145693026015,24.03173491839015,28.517326419676863
2020-02-06,26.207153276906563,24.17840526679515,28.332636000958455
2020-02-07,26.240440692687375,24.011290666962235,28.515917857316495
2020-02-08,26.274456416731017,23.910130228186738,28.458160936680898
2020-02-09,26.306734367853615,24.350426778017564,28.55740517152711
2020-02-10,26.307507208774453,24.05388926682883,28.439000596480046
2020-02-11,26.332535390687074,24.116989145608876,28.60074546252988
2020-02-12,26.370289754516826,24.087918904514208,28.55536988268456
2020-02-13,26.396157003150453,24.230013676420732,28.6636509650468
2020-02-14,26.43865503392849,24.250972617231017,28.600856236045807
2020-02-15,26.4820598308336,24.416034083428276,28.617896629781395
2020-02-16,26.52372348164287,24.31804679371048,28.691936256198513
2020-02-17,26.5336920194399,24.472458326834584,28.702804601635485
2020-02-18,26.567539151700373,24.312862243863,28.621006097660718
2020-02-19,26.61355356318572,24.51434618620652,28.84204205430045
2020-02-20,26.6469489785611,24.35599995583075,28.87647084019284
2020-02-21,26.696083848259082,24.646659772570782,28.76265048217365
2020-02-22,26.745092237434044,24.636926263761694,28.79857915953502
2020-02-23,26.79120537330338,24.732638243210086,28.96688178012671
2020-02-24,26.804372453055265,24.750481271623098,28.946590049372734
2020-02-25,26.840096693909675,24.68730543153857,29.00658058899308
2020-02-26,26.88662424788099,24.650005964267955,28.95551347351541
2020-02-27,26.919155123293393,24.779387148210464,29.087730560680413
2020-02-28,26.96606295382113,24.725407521573413,29.147517882689268
2020-02-29,27.011525193972673,24.831615451481838,29.235139423444565
2020-03-01,27.05284321728694,24.923467090759353,29.37059763111556
2020-03-02,27.060060961740433,25.009955969501714,29.462568141143457
2020-03-03,27.088798166453778,24.825493121546085,29.304815447467533
2020-03-04,27.12743590317843,25.03833030241686,29.363379904213307
2020-03-05,27.151323641695196,25.181122655984733,29.412768923312683
2020-03-06,27.18899480037036,25.050963942987703,29.35122968484677
2020-03-07,27.224792481510388,25.107739079659662,29.33096484805569
2020-03-08,27.256184995302032,25.083839958483367,29.382902353697197
2020-03-09,27.25337994750397,24.98399898012874,29.30761575496053
2020-03-10,27.272153065040495,25.06157825480889,29.441846365353527
2020-03-11,27.301029588696952,24.870465344493425,29.507661090967293
2020-03-12,27.31548758979895,25.027669201787322,29.54325340882593
2020-03-13,27.344170268505025,25.240248492447357,29.56737960387038
2020-03-14,27.37150902529224,25.27972813655859,29.562198590994452
2020-03-15,27.395036984245376,25.266541348419278,29.579461696538946
2020-03-16,27.38500179885202,25.318046521634418,29.593714115515834
2020-03-17,27.39719394907386,25.38438451633581,29.61024378396691
2020-03-18,27.420128371578635,25.17549302083137,29.736551021145342
2020-03-19,27.429248770373196,25.17609378773617,29.47834139739814
2020-03-20,27.453141633754406,25.389603147065003,29.50236173040476
2020-03-21,27.476161696272413,25.281807942513563,29.653244458195346
2020-03-22,27.4957484517614,25.22146733837028,29.52358699304244
2020-03-23,27.482042458007143,25.28948532196656,29.714442067435847
2020-03-24,27.49071753669476,25.382423818800717,29.67061340629094
2020-03-25,27.510166593445533,25.4567949765297,29.783747682034324
2020-03-26,27.515710279537082,25.346107842536586,29.877194834803745
2020-03-27,27.53581539065662,25.25616961062045,29.691254831659887
2020-03-28,27.554724609678104,25.424652523338118,29.606350272981377
2020-03-29,27.56977707052008,25.33889782298734,29.742272337218747
2020-03-30,27.551028361115648,25.275806748920697,29.7094508449701
2020-03-31,27.554085956648407,25.459028003261263,29.731417928620875
2020-04-01,27.567297708724144,25.32276069830496,29.578847029652035
2020-04-02,27.565962529203848,25.45440003553465,29.676085909094848
2020-04-03,27.578550099906508,25.42922169248874,29.703331671182827
2020-04-04,27.58933117168324,25.36598441986365,29.779761832648937
2020-04-05,27.595697908408432,25.46402526863791,29.87923050298753
2020-04-06,27.567782895080402,25.355969740265426,29.710892406974438
2020-04-07,27.561292825068882,25.240847333411914,29.863924724926036
2020-04-08,27.564694538155287,25.551613615271652,29.73537188870405
2020-04-09,27.553422614922408,25.260504186585354,29.773006527431964
2020-04-10,27.556095444514952,25.41010933976698,29.74695749544274
2020-04-11,27.557141431659993,25.260214108328803,29.617389507436418
2020-04-12,27.55411491455555,25.284137117093064,29.6067985458668
2020-04-13,27.517310539258904,25.55587551379235,29.771241658990125
2020-04-14,27.50259223881772,25.35796645139396,29.738006054769937
2020-04-15,27.49857462495282,25.29493568770142,29.701141837055335
2020-04-16,27.480826133059267,25.297975378360967,29.653663067381785
2020-04-17,27.478080967914327,25.28596501325537,29.688227162230998
2020-04-18,27.474861637744006,25.235046198384,29.59435693274444
2020-04-19,27.46879175788742,25.2655116320574,29.70614620923609
2020-04-20,27.430207964004264,25.17931584603751,29.661132864374643
2020-04-21,27.414987159307397,25.290456405850108,29.770117589974184
2020-04-22,27.411726959547543,25.290981474264303,29.510430324072132
2020-04-23,27.395948710443037,25.21512340057873,29.42695348064604
2020-04-24,27.396310135828806,25.425801012949332,29.689838406518472
2020-04-25,27.39722939163228,25.240639594398466,29.45740930895998
2020-04-26,27.39620017121319,25.17659025144867,29.594086000491757
2020-04-27,27.363406644089455,25.240264608112625,29.617493667489775
2020-04-28,27.354554373953032,25.270967285951368,29.644807427405592
2020-04-29,27.358054982635316,25.18733989387894,29.523893437016028
2020-04-30,27.34923382183358,25.07116160508537,29.595426792262124
2020-05-01,27.35654758533609,25.135813032082336,29.56525849030723
2020-05-02,27.364213502147255,25.30137144601551,29.54645809059048
2020-05-03,27.36952961595844,25.21620766086344,29.478647450407284
2020-05-04,27.34249479142585,25.15816885542792,29.57966927975146
2020-05-05,27.33864445410708,25.103870070732015,29.40563867207115
2020-05-06,27.34623969807043,25.130821940512174,29.567442571295608
2020-05-07,27.340478900481543,25.267147649370266,29.50264128422266
2020-05-08,27.349718666973693,25.02653169423306,29.44149193448391
2020-05-09,27.358105655908865,25.256890933885792,29.42855848771965
2020-05-10,27.362898713910496,25.15853781171922,29.602226073699523
2020-05-11,27.334089911341984,25.30506424753289,29.655991710616597
2020-05-12,27.327240455524255,25.095778680310573,29.408034984459725
2020-05-13,27.330669110186243,25.03886157078149,29.443615860803508
2020-05-14,27.31966227862163,25.198573363591358,29.51493029744173
2020-05-15,27.32269261568921,25.120258116927445,29.54838045915916
2020-05-16,27.32404778010339,25.12482458241108,29.487779390939842
2020-05-17,27.321148842941955,25.170237764791295,29.281763640320374
2020-05-18,27.284167042461952,25.162716454174724,29.47284611881702
2020-05-19,27.26885497944889,25.022796379845882,29.458868264743256
2020-05-20,27.26373000978501,25.32360801896776,29.59371310113052
2020-05-21,27.24427912806525,25.16667825048324,29.491870281303715
2020-05-22,27.23917234812584,25.020112886116806,29.543477356220098
2020-05-23,27.232886333099987,25.041174380724748,29.425743170110895
2020-05-24,27.223017928627307,25.049034623734435,29.477741438612476
2020-05-25,27.17989641972113,24.934965389591905,29.36438779569024
2020-05-26,27.159410725060862,24.961682680673995,29.32267402597284
2020-05-27,27.150189390782973,24.963563997520335,29.313543201088805
2020-05-28,27.12780276597532,24.964428830597214,29.37584438870599
2020-05-29,27.120974434721244,24.9096097323016,29.371393921695624
2020-05-30,27.11420370507527,24.84869131744126,29.448778266006954
2020-05-31,27.105078833928555,24.913424103066273,29.286890986679257
2020-06-01,27.06388981058686,25.030767846936083,29.206670555314773
2020-06-02,27.04645689218696,24.952648816271076,29.33506719098609
2020-06-03,27.0413127101479,24.732664786689234,29.04606657213154
2020-06-04,27.023907266065887,24.875398737512533,29.090561142344548
2020-06-05,27.02282280910467,24.720756830161594,29.305618833689795
2020-06-06,27.02240029589768,24.771144987180776,29.135420369931214
2020-06-07,27.02005699887032,24.90960486749539,29.172465173876652
2020-06-08,26.985903962321622,24.819236582225034,29.159780950896636
2020-06-09,26.975579368998357,24.767666505995603,29.10189667880131
2020-06-10,26.97743550274752,24.84501953569257,29.307145315436323
2020-06-11,26.966748492591826,24.545601872673032,29.21247202116233
2020-06-12,26.971937701471653,24.697810418429007,29.198043146111825
2020-06-13,26.977196339691837,24.789083052677988,29.038068345334743
2020-06-14,26.979812759150253,24.777949691128107,28.953846576044757
2020-06-15,26.949791031981555,24.90186184612339,29.117068298556312
2020-06-16,26.942686797326342,24.73611492668614,28.966254203379243
2020-06-17,26.946796001526327,24.817961470879712,29.1816012044936
2020-06-18,26.937365677064676,24.6534751569641,29.16237720126417
2020-06-19,26.94281360464236,24.787297496711407,29.18790506198472
2020-06-20,26.947358441074144,24.630321082046287,29.11245083497491
2020-06-21,26.94833979291994,24.76672649038332,29.118749793157953
2020-06-22,26.915836883618432,24.65256477163874,28.989537852233838
2020-06-23,26.90550186079715,24.605319215090503,28.929498981050152
2020-06-24,26.90574544885717,24.800244933581507,29.093986570300654
2020-06-25,26.891944186335937,24.634858570210515,28.937671171721682
2020-06-26,26.892656198170343,24.649135577021767,29.137735099527767
2020-06-27,26.892247199681325,24.848245169650273,28.940319774531154
2020-06-28,26.88820633139574,24.600052206345875,29.171158631539
2020-06-29,26.850760593275393,24.70815463027255,28.889937945080536
2020-06-30,26.835704043969884,24.64356900301994,28.971595490865685
2020-07-01,26.831579583898574,24.52267450441559,29.058119232280916
2020-07-02,26.81388266695325,24.703838008545414,29.132491161323692
2020-07-03,26.811273984905235,24.57742782580625,28.991089187303334
2020-07-04,26.808202901427073,24.66101025903806,29.02225520508458
2020-07-05,26.80222129894876,24.726732270762472,29.014420789931165
2020-07-06,26.76359665340723,24.662640078106264,28.969253892096706
2020-07-07,26.748140530284026,24.54105965740275,28.952653111252094
2020-07-08,26.744390329269123,24.328311064838744,29.13997700450118
2020-07-09,26.7278136116457,24.52922710152296,28.764969965093186
2020-07-10,26.72702202515491,24.55977921175512,28.993494038690365
2020-07-11,26.726396556409693,24.711898303882794,28.862425610667273
2020-07-12,26.723403711348674,24.43990646889501,28.901149108600308
2020-07-13,26.688211362236775,24.657236227415368,28.869241146310777
2020-07-14,26.676520366676996,24.527808318079565,28.92663081669169
2020-07-15,26.676749689411317,24.408140502936803,28.77796132890491
2020-07-16,26.664244258781707,24.448091286883212,28.869585353960364
2020-07-17,26.667492467814025,24.44347501143211,28.939460409486067
2020-07-18,26.670754945756162,24.531771676518193,28.791188790350233
2020-07-19,26.671384099947268,24.589479330421415,28.722706020344148
2020-07-20,26.63944307245419,24.501912709114485,28.853967603525426
2020-07-21,26.630540132096236,24.359117275993132,28.82927611409469
2020-07-22,26.633016159386216,24.43085352178261,28.844090546710973
2020-07-23,26.622154396598877,24.457855411849692,28.758250977820406
2020-07-24,26.626399328403412,24.358317519464435,28.824438584099497
2020-07-25,26.629986290584892,24.46635587585973,28.81059773043755
2020-07-26,26.630261295206303,24.495387092339858,28.978537370542682
2020-07-27,26.59729972196454,24.475197426277287,28.756935592019566
2020-07-28,26.58673991805859,24.404144850846432,28.656580264813027
2020-07-29,26.58696940122876,24.515868157822172,28.789649819465122
2020-07-30,26.573332889327673,24.26446351750007,28.89738611286445
2020-07-31,26.574349085218238,24.492614238308658,28.607334712916764
2020-08-01,26.574337887911245,24.39507040579068,28.702441495481438
2020-08-02,26.5707375992738,24.296283283507954,28.740350555417102
2020-08-03,26.5337208619742,24.335352855767418,28.779338421150214
2020-08-04,26.519025459067063,24.37639447729515,28.93207687922667
2020-08-05,26.51513775732905,24.379033493147166,28.697815359339163
2020-08-06,26.497498101794285,24.27725595337997,28.63188918569762
2020-08-07,26.494715168395008,24.491020595164198,28.60975306018966
2020-08-08,26.49119101538429,24.11308604011058,28.68457355757805
2020-08-09,26.48443646219587,24.429318283815842,28.639816495507016
2020-08-10,26.44468557856256,24.235743417660917,28.83026263326877
2020-08-11,26.427725447959222,24.356065013958933,28.583821194683345
2020-08-12,26.42207900677245,24.116661925632755,28.57070539105121
2020-08-13,26.40321027115903,24.395467681855564,28.62931388333761
2020-08-14,26.399738948300605,24.226987977922118,28.453548155296424
2020-08-15,26.396066148373908,24.220470294779112,28.82291709109137
2020-08-16,26.389690788364515,24.247905904392976,28.61085422309341
2020-08-17,26.35082542127674,24.159583857003273,28.681309594418572
2020-08-18,26.33522759557417,24.128186903734903,28.63306354121857
2020-08-19,26.3313844791715,24.157080928390588,28.525453610872223
2020-08-20,26.314719987347132,24.15844187792778,28.504356488857756
2020-08-21,26.31381133570316,24.09912620048136,28.409779366085655
2020-08-22,26.313016658517654,24.218467332101756,28.483246901871688
2020-08-23,26.309793209865116,24.160649047271843,28.455474109550757
2020-08-24,26.27431481204428,23.912893590302193,28.476022690477244
2020-08-25,26.262304594245382,23.97307094558471,28.442552483556728
2020-08-26,26.262220703109808,23.955161825216567,28.303587563960903
2020-08-27,26.24946418293869,24.030457111684676,28.28625638803362
2020-08-28,26.252595917579033,24.247720088950476,28.309511261681784
2020-08-29,26.255964258790506,24.088067171558848,28.395071038201507
2020-08-30,26.257022857080543,24.14154689659637,28.387170823728834
2020-08-31,26.225947372441958,24.067715093960217,28.437172683382354
2020-09-01,26.21846713476215,24.036660167727057,28.352650247244714
2020-09-02,26.223049475524775,24.00053918091928,28.2842168253757
2020-09-03,26.215105980410623,24.06947921541726,28.52914177531337
2020-09-04,26.223207616913612,24.115419690324035,28.506784217410853
2020-09-05,26.23171043208774,23.961974630889816,28.341306264113598
2020-09-06,26.238071412661355,24.12868742793734,28.587652447717247
2020-09-07,26.212463264624386,23.968817914488344,28.50108776390116
2020-09-08,26.210604262492428,24.0933124403347,28.410823181231773
2020-09-09,26.220940968358946,23.873175586470275,28.48504773263716
2020-09-10,26.218853144201468,23.94105080021357,28.448031847370164
2020-09-11,26.232867878210644,24.06871076256238,28.455052238267974
2020-09-12,26.247284677334118,24.049883419544596,28.585041851762135
2020-09-13,26.25949116366125,24.02768665460901,28.581037502876338
2020-09-14,26.239578163697406,24.105152330977898,28.351046337988162
2020-09-15,26.24317035786328,23.97105287619829,28.45242253840015
2020-09-16,26.258610291737977,24.12928434215881,28.443844827364973
2020-09-17,26.261165057755466,24.01949380646124,28.470110501059136
2020-09-18,26.27924263727382,24.266251902459256,28.470662121632834
2020-09-19,26.297019608832866,24.262625629703383,28.52242073698571
2020-09-20,26.311759799386266,24.220788208740274,28.40336199354217
2020-09-21,26.293432593780437,23.99303743851444,28.41963453538358
2020-09-22,26.297546985061075,24.20436783342714,28.647914878420462
2020-09-23,26.31233907370981,24.018010560479276,28.342419754004915
2020-09-24,26.31298222508331,24.16649445172467,28.452223273144153
2020-09-25,26.327806772366586,24.156699481816535,28.362186888372914
2020-09-26,26.340930868086673,24.25786500232577,28.525586501746233
2020-09-27,26.349581961106036,24.260941268594856,28.664749888369382
2020-09-28,26.323717520432155,24.22328515115835,28.50839909318908
2020-09-29,26.318861003320045,24.208700699203558,28.444108957057136
2020-09-30,26.323290702198964,24.116229676571642,28.42178436263908
2020-10-01,26.3122506200454,24.03461325447107,28.432538697193014
2020-10-02,26.31417021781934,24.27817634987072,28.49720838415562
2020-10-03,26.313294610864336,24.27561603025771,28.39826183313597
2020-10-04,26.307004683702043,24.188387130621972,28.388027319165033
2020-10-05,26.26543575631491,24.114878991563234,28.4316765437532
2020-10-06,26.244310830437083,24.09491207237022,28.384902369511202
2020-10-07,26.232126100201224,24.151746411175093,28.380212770092623
2020-10-08,26.204990780937862,24.143943350709637,28.474658300842467
2020-10-09,26.19094400021722,23.927570742028152,28.37817176362992
2020-10-10,26.174478792208372,23.99718426351626,28.45973855169616
2020-10-11,26.153224407757087,23.984303660105766,28.21905170147891
2020-10-12,26.097559874638474,23.90217548106525,28.201011269794325
2020-10-13,26.06344212369369,23.87502933599708,28.146889902303347
2020-10-14,26.039586491389446,23.929557237222028,28.15092134759624
2020-10-15,26.001668941120364,23.810525012057305,28.163064185007062
2020-10-16,25.97853705126914,23.784361821655878,28.09345761587835
2020-10-17,25.954831557668697,23.70495003766255,28.119675500366924
2020-10-18,25.928298131389017,23.910744668440028,28.04695723317505
2020-10-19,25.869398231503016,23.546732358192763,27.940954501776247
2020-10-20,25.834135257401027,23.58490798230099,27.876795621162017
2020-10-21,25.811233865172216,23.58932628979482,28.037771745369618
2020-10-22,25.776341824563982,23.600450476221972,27.887105771901858
2020-10-23,25.758241477914183,23.522264789897736,27.984898566387436
2020-10-24,25.741472580824226,23.48753349190158,27.9806608933198
2020-10-25,25.723646176494203,23.5387090082761,27.878092898268946
2020-10-26,25.675058293969805,23.450409488796524,27.741516652921156
2020-10-27,25.651519626331748,23.30906100904727,27.730633471119646
2020-10-28,25.64153896749105,23.54071572472594,27.83756954869982
2020-10-29,25.620529683201376,23.428661206165714,27.868911539767215
2020-10-30,25.617026164444457,23.366925494478252,27.96926387019132
2020-10-31,25.615311920408576,23.575835483497535,27.699335263619638
2020-11-01,25.612738834414767,23.460868704530654,27.91178063676927
2020-11-02,25.579346241901135,23.507925875607558,27.791738147929234
2020-11-03,25.570695856295753,23.360847037975965,27.835983245511517
2020-11-04,25.57506019565602,23.415498925315095,27.95101752258851
2020-11-05,25.567633667651904,23.24886904062619,27.980841188970295
2020-11-06,25.576753153887772,23.47659617569976,27.893329888982475
2020-11-07,25.586529657284782,23.48128007354356,27.82415903801332
2020-11-08,25.594170458454876,23.461035710436686,27.701342842938175
2020-11-09,25.569600380770275,23.48210950474269,27.57091368167888
2020-11-10,25.568298150006914,23.383403930980975,27.84552601807808
2020-11-11,25.57848548181935,23.49010067014294,27.80948472099242
2020-11-12,25.575338055646466,23.376843417646082,27.710058474570655
2020-11-13,25.587205237436553,23.492296602136115,27.76865287538678
2020-11-14,25.598240155836425,23.438991986364012,27.66976466354474
2020-11-15,25.605719636845564,23.43213079980142,27.79640459109392
2020-11-16,25.579662671978088,23.33791614922822,27.777615264341346
2020-11-17,25.575663495090776,23.507758871216062,27.815016551699305
2020-11-18,25.58207700166364,23.437152468877848,27.7078398564029
2020-11-19,25.574225777922774,23.37832294003142,28.01982210987749
2020-11-20,25.580615716050946,23.231822985800044,27.757283440078847
2020-11-21,25.585561935754903,23.471987471909554,27.752949820417612
2020-11-22,25.586504631266152,23.230600227380265,27.82684867135413
2020-11-23,25.553623628110024,23.358897702328626,27.701173257370694
2020-11-24,25.542667826254682,23.31170046038789,27.927122355807796
2020-11-25,25.542137354248037,23.41316030351664,27.60775333267633
2020-11-26,25.527487779475894,23.27276330652913,27.72383703834072
2020-11-27,25.527343413410307,23.256669731684276,27.746741047925187
2020-11-28,25.526121478064436,23.134718512145046,27.42273656146367
2020-11-29,25.52134678094164,23.312044822075027,27.807056081343195
2020-11-30,25.483265692775653,23.27398117377039,27.75335257417581
2020-12-01,25.46767559642784,23.288584373190506,27.630927742518402
2020-12-02,25.46310760566939,23.038150658186726,27.601484602919072
2020-12-03,25.44503185658096,23.45074379937491,27.48498119557303
2020-12-04,25.44207235310157,23.264814114590457,27.658914550605132
2020-12-05,25.438633062698706,23.172265829411412,27.5172034441095
2020-12-06,25.43221482868986,23.210809258784053,27.620548362241674
2020-12-07,25.39303180493663,23.321384412982393,27.379803081683065
2020-12-08,25.376843487779595,23.14273748682274,27.495934707898765
2020-12-09,25.37214004856009,22.938908130532955,27.595011124656875
2020-12-10,25.35435017523083,23.037538299826025,27.441568495752712
2020-12-11,25.3520583145225,23.246087909749566,27.538934455366302
2020-12-12,25.349632927552502,23.12302671632014,27.278160873181196
2020-12-13,25.34454525190749,23.26732233533333,27.532684586760492
2020-12-14,25.306987214276155,23.060721010994456,27.31428392433113
2020-12-15,25.292704520599578,23.05567657409757,27.3028293509591
2020-12-16,25.290182594363657,23.075231292975268,27.559695919218928
2020-12-17,25.274854554952395,23.030250636640787,27.37193202747791
2020-12-18,25.275318127513763,23.098500957615894,27.46802441240785
2020-12-19,25.27596311369436,23.105778089649213,27.388944781597463
2020-12-20,25.274288948607413,23.125200386664115,27.502926453344106
2020-12-21,25.240521035196718,23.142215021626036,27.46456025401745
2020-12-22,25.23044194320883,23.116318611256965,27.360729514191174
2020-12-23,25.232575214805728,23.087891350481378,27.46416377305583
2020-12-24,25.222391048942047,22.901582047110498,27.275330434888414
2020-12-25,25.228520842321913,23.05788336653712,27.186652046450217
2020-12-26,25.235382305969228,23.206699333979955,27.494106266901085
2020-12-27,25.240494772819176,23.069524579462215,27.541505475511105
2020-12-28,25.214093474922112,23.114371473345685,27.572567416661634
2020-12-29,25.211958959394032,23.08568671315128,27.282750454777283
2020-12-30,25.222599458816976,23.146884999652322,27.37847326159761
2020-12-31,25.22145555115283,23.000447201282032,27.177932368242164
2021-01-01,25.237114137029447,23.10053714848906,27.262739832180895
2021-01-02,25.253933488818134,22.94313403922709,27.446963438627066
2021-01-03,25.26935900632653,22.984993838560587,27.361514921198072
2021-01-04,25.25353846032621,23.027198231261067,27.415512946279232
2021-01-05,25.26215287859897,23.228313255860453,27.537999220369166
2021-01-06,25.283600858914014,23.157864484158,27.33598781879421
2021-01-07,25.293205596643936,22.94106789722403,27.361356427568847
2021-01-08,25.319431592733757,23.082528734538748,27.446992376162434
2021-01-09,25.34651272127115,23.175486764581212,27.23327656643436
2021-01-10,25.37177120545548,23.23379563996042,27.4870628896678
2021-01-11,25.365236188845405,23.30043711847342,27.58434975392568
2021-01-12,25.38247795673168,23.21649252847876,27.60942433372732
2021-01-13,25.41179548973892,23.263132195232608,27.619896887681744
2021-01-14,25.42842653570314,23.157532578980724,27.566038746252826
2021-01-15,25.460767067678066,23.456522695677762,27.789497146702924
2021-01-16,25.493001716310133,23.267982231565444,27.74671078755037
2021-01-17,25.52242464411522,23.348576923262875,27.66718109528246
2021-01-18,25.519059479634514,23.372421218219866,27.876256799765788
2021-01-19,25.53849431205463,23.403079228978232,27.69737419111589
2021-01-20,25.56906939063305,23.391032391428062,27.80180790535492
2021-01-21,25.586086695096398,23.368305722111486,27.827206520009074
2021-01-22,25.61802824372502,23.49590472422673,27.86702145422606
2021-01-23,25.64918474528073,23.449321674740336,27.80660777453657
2021-01-24,25.67697409901393,23.478810411578547,27.78876848542651
2021-01-25,25.671558415410914,23.56717114339304,27.74920763111158
2021-01-26,25.68867562955038,23.334712509516365,27.58355275167556
2021-01-27,25.716823437435494,23.570259602110077,28.00037308583814
2021-01-28,25.731464819898402,23.564862291296564,27.88374566400322
2021-01-29,25.761242128914123,23.603110139926866,27.96262416810938
2021-01-30,25.790601457257868,23.585571741375503,28.023521854268633
2021-01-31,25.817106913925763,23.682317947170965,27.95259139014128
2021-02-01,25.811053596172147,23.4989696178436,28.09881825294914
2021-02-02,25.828295444817638,23.598807164516522,27.93267149505311
2021-02-03,25.857425821216847,23.543655951781705,27.898964402793762
2021-02-04,25.873980168555413,23.69857647835741,28.042629635674523
2021-02-05,25.90664781751189,23.722601422982773,28.029320753851636
2021-02-06,25.939894726966884,23.749573846164296,28.00133465395814
2021-02-07,25.971276834330705,23.730606817735573,28.115100343650685
2021-02-08,25.97105283923633,23.857918555452006,28.213947741905866
2021-02-09,25.995012619790124,23.878820337810165,28.122576937571722
2021-02-10,26.031659111401712,23.768969928087166,28.11368253226627
2021-02-11,26.056412981683632,23.875343355692216,28.34123569670328
2021-02-12,26.097827112117514,23.94663966268391,28.378859271646252
2021-02-13,26.14021260894264,24.045830417277948,28.288415893310393
2021-02-14,26.18095593252668,23.988102092385038,28.31769432338741
2021-02-15,26.1901358688865,23.876607648712508,28.28836234342229
2021-02-16,26.22335643045848,24.199069113874135,28.362415544240136
2021-02-17,26.268933395146636,24.14212852339716,28.4932597473463
2021-02-18,26.302103690634315,24.276469081253616,28.513173792376513
2021-02-19,26.351244506205628,24.32160957880026,28.664891406638166
2021-02-20,26.400503727771202,24.304821206468862,28.53047697386128
2021-02-21,26.447121163899983,24.321831304295614,28.73938054710205
2021-02-22,26.46104917383504,24.204959410171814,28.640075643014356
2021-02-23,26.497788683914383,24.160861280623248,28.529050311085275
2021-02-24,26.54557821565653,24.277107674081932,28.65956133029813
2021-02-25,26.579605064131385,24.356846566228768,28.784541507034255
2021-02-26,26.628225459896118,24.65704979092869,29.045650122946316
2021-02-27,26.675595282073495,24.51317475174363,28.729597136999786
2021-02-28,26.718990783959306,24.517211161377787,28.969678407246068
2021-03-01,26.72842795766367,24.578417195885237,28.786847511458358
2021-03-02,26.759496561272417,24.653351499792542,28.793403632958448
2021-03-03,26.800546489390467,24.676488983302566,28.860992103250023
2021-03-04,26.826895702201703,24.693597724270898,29.054942900748586
2021-03-05,26.867046639613765,24.726388939560124,29.05762236395138
2021-03-06,26.905312795470465,24.85126522231215,29.08837566568787
2021-03-07,26.939135031689297,24.681090252815636,29.36841323941411
2021-03-08,26.93869638498841,24.726661145495456,29.110929522976164
2021-03-09,26.95975151991577,24.691182135574877,28.942325696499136
2021-03-10,26.990808639609757,24.802809998197603,29.022003036196065
2021-03-11,27.007333196577196,24.78629160813081,29.063826352133347
2021-03-12,27.03796045012783,24.747970192141402,29.16710682672427
2021-03-13,27.06711865497655,24.85302426705808,29.12447624962782
2021-03-14,27.09234255668897,24.901114035048725,29.334829019291558
2021-03-15,27.083886025960613,24.812566317349003,29.268255474226414
2021-03-16,27.097550045976327,24.940502350626538,29.20687225314785
2021-03-17,27.121863904246805,24.969925668317458,29.34393184085802
2021-03-18,27.13228894944025,24.99473959977375,29.385047634633906
2021-03-19,27.157431955786908,24.90990303308449,29.254785986297865
2021-03-20,27.181669853316503,25.01512599676185,29.374777061520803
2021-03-21,27.202465451890795,24.85874661408801,29.248169863512143
2021-03-22,27.189982923213197,25.006114546701493,29.160016323088144
2021-03-23,27.19991916909552,24.948104865137168,29.329076536514574
2021-03-24,27.22068882573605,25.30237921204931,29.512023722796258
2021-03-25,27.227632150127675,24.946444019128226,29.38112344126618
2021-03-26,27.249232707342593,25.095199157400856,29.30548797375582
2021-03-27,27.269746487260758,25.053646247035424,29.505381722123634
2021-03-28,27.286521946928783,25.066959957237405,29.38393642696415
2021-03-29,27.269619612696,25.092558682554145,29.4517012879996
2021-03-30,27.274647245912686,24.930458296865368,29.4543379407711
2021-03-31,27.28994820661801,25.11422219345032,29.64845732464665
2021-04-01,27.290812158572884,25.02767389845999,29.500206648650767
2021-04-02,27.305694947193953,25.10108839630623,29.415911150044188
2021-04-03,27.31884920993438,25.190345410251837,29.61134317715724
2021-04-04,27.3276451664943,25.24393114537086,29.607874979289907
2021-04-05,27.30219019591414,25.06402979628409,29.397409753702078
2021-04-06,27.298163199797248,25.094817319179178,29.57896442104967
2021-04-07,27.30400140432498,25.128297974129488,29.52453576753658
2021-04-08,27.29510878496582,25.139270697577775,29.46811137448305
2021-04-09,27.300073007203665,25.002640035821564,29.44801202512423
2021-04-10,27.30329252410335,25.057620371691034,29.498175788348725
2021-04-11,27.302293376594957,25.00703849152084,29.225674359854235
2021-04-12,27.267344416469108,24.920126623556335,29.24335982186558
2021-04-13,27.254287075501733,25.154046106440838,29.503787362489756
2021-04-14,27.251717465237718,24.899125764923767,29.303511281333353
2021-04-15,27.235190127122557,24.980839213164426,29.459229676855927
2021-04-16,27.233430462123227,24.89625491640617,29.401952987991887
2021-04-17,27.230957612593045,25.081600874423508,29.26571284709019
2021-04-18,27.225397466518654,25.10661553868427,29.36359141361108
2021-04-19,27.187094617116877,25.00250928620719,29.485805202141137
2021-04-20,27.171939499622834,25.00142134585565,29.31324025390553
2021-04-21,27.168548570784193,25.068632725331376,29.27194549525164
2021-04-22,27.152466911932997,24.945888438116242,29.410729564948042
2021-04-23,27.152380324320518,25.067143620467473,29.31337359950558
2021-04-24,27.15273870618063,25.04414772838977,29.38318051001241
2021-04-25,27.15107037497279,24.991639378122688,29.551148156319357
2021-04-26,27.117596137796625,24.969012313831264,29.370942196788054
2021-04-27,27.10805927933021,24.897352187231842,29.41635198631965
2021-04-28,27.110909259212104,25.047708598320863,29.17022215454082
2021-04-29,27.101508407058667,24.80735036618168,29.196846216192338
2021-04-30,27.10834857459977,24.8887682170399,29.196906614018346
2021-05-01,27.11567941170617,24.997346970702996,29.381273853641297
2021-05-02,27.120827797003024,25.123999084882893,29.31931740549827
2021-05-03,27.09381708695206,24.92258634125452,29.186299419774333
2021-05-04,27.090202211188483,24.733329832874404,29.18969676668566
2021-05-05,27.09825826598213,24.862668807852515,29.25181004009497
2021-05-06,27.09319175941092,24.909272865641384,29.17629761622503
2021-05-07,27.103361342350784,24.844545084296044,29.31577823788013
2021-05-08,27.11290957942734,24.69849550609466,29.26832343634264
2021-05-09,27.11908519390822,25.000287633571137,29.238399972671306
2021-05-10,27.091864372331642,24.92926361166742,29.373608130528716
2021-05-11,27.086787099389483,24.908614318244876,29.323079314577974
2021-05-12,27.09214614009487,24.99498088880176,29.22924856193396
2021-05-13,27.083197811374934,24.760640203904867,29.405628365157725
2021-05-14,27.088381389462633,24.929341868950633,29.27034640423465
2021-05-15,27.091948742860296,25.188172380315038,29.330323348162462
2021-05-16,27.09128368283184,24.997933131170765,29.46156359945859
2021-05-17,27.05651969591521,24.848323659400126,29.26236552774734
2021-05-18,27.043372126170272,25.01442220088938,29.248632858250154
2021-05-19,27.04032253716243,24.93621468397352,29.357870689256977
2021-05-20,27.02282452139714,24.949696680057144,29.172558926854215
2021-05-21,27.01951793824795,24.9462018332995,29.29466677255536
2021-05-22,27.01485331014576,24.994220642966727,29.319138865917854
2021-05-23,27.00640601041606,24.733522610982153,29.24781790156068
2021-05-24,26.964489046184397,24.85190428952023,29.19675108863928
2021-05-25,26.94498063664815,24.52509474573564,29.06075979546054
2021-05-26,26.93650443929431,24.626522754948823,29.081131636208678
2021-05-27,26.91463180099305,24.800952983460572,29.051045838701462
2021-05-28,26.9080931078798,24.701672182387785,29.073153992536277
2021-05-29,26.901400037818146,24.711267274685138,29.122391404693246
2021-05-30,26.89215840203952,24.690349808868202,29.033071601645215
2021-05-31,26.850680410401274,24.581646173612707,29.128892733896617
2021-06-01,26.832812568650056,24.669172709551734,29.05323423023689
2021-06-02,26.827117045330034,24.53549981442996,29.104776557680555
2021-06-03,26.809075847844632,24.597129270924626,29.062405569761356
2021-06-04,26.807304822861663,24.75808152737962,29.007778242225054
2021-06-05,26.80617920660051,24.464064710790126,28.866073672661138
2021-06-06,26.803150316120323,24.51073718326528,28.826519972902812
2021-06-07,26.768362106129175,24.693876680932277,28.872789237946446
2021-06-08,26.75748367850709,24.60070756935706,28.88313557354109
2021-06-09,26.75889545317162,24.586567791560622,29.009346557735714
2021-06-10,26.74789820664144,24.669538581615654,28.987279892976012
2021-06-11,26.752931859930897,24.602501760615805,29.0370284006291
2021-06-12,26.758205611103023,24.621491507560453,28.882783851361026
2021-06-13,26.76101888033985,24.639678205527044,29.03260306944646
2021-06-14,26.731381679138885,24.563747479175284,28.863128123737553
2021-06-15,26.72485039133372,24.459385320769606,28.79695125366861
2021-06-16,26.72971659115997,24.65803771187913,29.045322725009562
2021-06-17,26.721218039589345,24.633221223009716,28.891627701906632
2021-06-18,26.727758695362656,24.413068952606928,28.873897592305983
2021-06-19,26.733539311851683,24.646748431454903,28.88476341461708
2021-06-20,26.735878084881605,24.375584838404833,28.79419982521477
2021-06-21,26.704829981726693,24.31223215348282,28.647264299908812
2021-06-22,26.696020778151297,24.422009191106554,28.988512436283234
2021-06-23,26.697833487142056,24.59089948456176,28.862741092518025
2021-06-24,26.685616396355282,24.49121149391768,28.802756683103954
2021-06-25,26.687899641552097,24.514014054269524,28.86862965167916
2021-06-26,26.689021990277176,24.61853967976109,28.825132644818304
2021-06-27,26.68644741325895,24.381503149308408,28.85067019498359
2021-06-28,26.650380191998057,24.544982258874203,28.834795957531078
2021-06-29,26.636594710145186,24.380998044513422,28.68810698413992
2021-06-30,26.633617732043636,24.571918190949802,28.66226030825096
2021-07-01,26.616932500783463,24.517897296393926,28.76464781750486
2021-07-02,26.61519169071802,24.52689590366827,28.707350161034352
2021-07-03,26.61284098574542,24.48625089769261,28.71162991992898
2021-07-04,26.607432944607414,24.456134322174744,28.903229519037563
2021-07-05,26.5692399699428,24.41223531509447,28.80242081501556
2021-07-06,26.554082579715452,24.524990100408466,28.672517152708465
2021-07-07,26.55051081692103,24.422056956000446,28.61908787686509
2021-07-08,26.534008143279944,24.347036350765052,28.693030991209213
2021-07-09,26.533204845948454,24.244732816999345,28.73189653085085
2021-07-10,26.532502703794762,24.25882855699788,28.758088874686962
2021-07-11,26.529390531898763,24.326904752383125,28.905054201991035
2021-07-12,26.494059362077735,24.3566716999454,28.662129570437354
2021-07-13,26.482233384745996,24.29492182593283,28.493615832634763
2021-07-14,26.48235440267962,24.389801419900273,28.4835561293442
2021-07-15,26.46978904772072,24.40577727568757,28.672968854603
2021-07-16,26.473045688356713,24.36326834251135,28.612751657335895
2021-07-17,26.476402670277924,24.2944534924699,28.57489327671413
2021-07-18,26.477227403900503,24.235605934041132,28.749170389017866
2021-07-19,26.44559495485763,24.191604160322076,28.45937740623855
2021-07-20,26.437122166797195,24.064903676873513,28.515118417901167
2021-07-21,26.44015497967259,24.30627104182987,28.697000391017475
2021-07-22,26.429978118209444,24.11879850266139,28.54080199817262
2021-07-23,26.435034015262946,24.320322679924125,28.774927808511674
2021-07-24,26.43955256374003,24.368757020618464,28.771101047793078
2021-07-25,26.440871178637703,24.117743669432436,28.608601395228558
2021-07-26,26.409053809454974,24.242621325421634,28.625033643533015
2021-07-27,26.399724933446983,24.18077115985414,28.643515529593152
2021-07-28,26.401256210579263,24.218352126812924,28.608180128981175
2021-07-29,26.388975008252782,24.10410738996286,28.651709802735855
2021-07-30,26.391381708315773,24.360981655178175,28.688028628995756
2021-07-31,26.392777450532193,24.232859014327442,28.59071702007152
2021-08-01,26.390581865158783,24.101513996161337,28.59187786940696
2021-08-02,26.35494951421315,24.185590617172217,28.496645041170922
2021-08-03,26.34160115683504,24.164540745232422,28.654692093252695
2021-08-04,26.33900760740406,24.218420342399877,28.448830956326507
2021-08-05,26.32259548235653,24.274066022115065,28.489200263032448
2021-08-06,26.320961833395437,24.119159014333338,28.404248547279334
2021-08-07,26.318499401102326,24.190314585817234,28.53679591349377
2021-08-08,26.312712113662148,24.06791571286882,28.592560022839876
2021-08-09,26.27382961239405,24.21132273228156,28.429447652981082
2021-08-10,26.25763696982915,24.02975437143637,28.517275106130683
2021-08-11,26.252657406134084,24.057500563456635,28.345732858680346
2021-08-12,26.23435732276567,24.11266988032908,28.367018682350885
2021-08-13,26.231360659267985,23.98785209557265,28.462845144585508
2021-08-14,26.228074300670176,23.930567917804247,28.390871972616956
2021-08-15,26.22200413929999,23.94807721513671,28.494409173336386
2021-08-16,26.183370538355213,23.99008630834699,28.440962297916652
2021-08-17,26.167939316486354,24.02319946134664,28.371978080143982
2021-08-18,26.164206002261388,24.033036341685907,28.2701387138649
2021-08-19,26.147602612068802,23.985520927243048,28.268134697281766
2021-08-20,26.146713885924726,23.995778537869025,28.298310273511625
2021-08-21,26.14590463356416,23.912568458450696,28.32246872298052
2021-08-22,26.142637718513352,23.989333632077845,28.273476793878338
2021-08-23,26.10709135293314,24.04865251109129,28.399107206814552
2021-08-24,26.09499175206181,23.821193027566128,28.125482230174494
2021-08-25,26.094798833236393,23.845312558247567,28.37768935675992
2021-08-26,26.081914157888928,23.935622235755705,28.37121466719612
2021-08-27,26.084898006455443,23.790778270224358,28.37342895656966
2021-08-28,26.088097206236462,23.903820174417675,28.173753306645438
2021-08-29,26.088963220900435,23.846879936754473,28.307728461192923
2021-08-30,26.05766916946352,23.93850998674537,28.262178229624343
2021-08-31,26.049941832911752,23.72455114787113,28.167173992349632
2021-09-01,26.054246356854346,23.992417916596192,28.32423042763006
2021-09-02,26.04599288538962,23.891592887665475,28.335946649541544
2021-09-03,26.053752065141182,23.889421477514,28.246453460653598
2021-09-04,26.06188109920644,23.9550573961813,28.363968637183053
2021-09-05,26.067839928169285,23.887155214110027,28.348672501389157
2021-09-06,26.04180628100472,23.96089356730655,28.279341241138603
2021-09-07,26.03950573310005,23.87255254179394,28.21373061064767
2021-09-08,26.04939456028173,23.84975581370552,28.33018514363963
2021-09-09,26.046864703257395,23.860254519636065,28.15318603166261
2021-09-10,26.060457856695844,24.036156474244137,28.210562338608167
2021-09-11,26.074490431373146,23.86652752599745,28.29737834986571
2021-09-12,26.086369026217405,23.83399205973032,28.15953699868282
2021-09-13,26.06620520156801,23.935364617856646,28.158775386419414
2021-09-14,26.069645726326318,23.91558876317685,28.193612886542102
2021-09-15,26.08505610882359,23.849283527723873,28.2543024071127
2021-09-16,26.08772673121339,23.982403983963103,28.39707992339293
2021-09-17,26.106088590911977,24.011497747964597,28.344188227093774
2021-09-18,26.12434037065289,23.885692440329024,28.21696562320985
2021-09-19,26.139766431413047,23.89662663205669,28.37716583552726
2021-09-20,26.122354462177768,23.993288080187344,28.285116487725414
2021-09-21,26.127628888510845,24.129402498177477,28.416192487196923
2021-09-22,26.14383776754098,24.023308149699023,28.412077035102797
2021-09-23,26.14616239768572,23.727483398390543,28.309878756396028
2021-09-24,26.16293654844379,23.991134834768854,28.41489309183195
2021-09-25,26.178276929728383,23.883155190583548,28.35250333802033
2021-09-26,26.18940439198463,24.017210533118465,28.44755265012802
2021-09-27,26.166264490179287,23.889111161234858,28.338646622095744
2021-09-28,26.16436341792977,24.043065772108207,28.395568461058375
2021-09-29,26.17195695181196,23.934852976480585,28.22594002293885
2021-09-30,26.16426155747465,24.12847988709324,28.23054815676055
2021-10-01,26.1696744995547,23.877123621660306,28.379558989075793
2021-10-02,26.172404527016102,24.07048091753501,28.267020210608287
2021-10-03,26.169792594497643,23.919891698089096,28.346735495364307
2021-10-04,26.1319312405294,24.022375372298633,28.198170690214113
2021-10-05,26.114498635806125,23.96948602611443,28.270521903011584
2021-10-06,26.105944967802742,23.984058125039923,28.22364695840373
2021-10-07,26.08170035856464,23.895439656222663,28.40963698328459
2021-10-08,26.070391220895623,24.003649342788687,28.479559301317064
2021-10-09,26.056466704385397,23.996947328473503,28.26206687906294
2021-10-10,26.037514786319612,23.963093156158614,28.41683534960229
2021-10-11,25.983876735063447,23.73954824391552,28.00341631151736
2021-10-12,25.95147607535001,23.715576941442116,28.079261308195754
2021-10-13,25.92899984447764,23.837434916589498,28.09865852353007
2021-10-14,25.892101462162632,23.70610227905433,28.078460244683324
2021-10-15,25.869612245015187,23.572698408902045,28.009639108100185
2021-10-16,25.846163339224667,23.686523060853624,28.2450644911978
2021-10-17,25.81949774171521,23.511753527577113,27.83786650728638
2021-10-18,25.76008124246722,23.624655083410307,27.876715384628795
2021-10-19,25.72392850951701,23.597730692106566,27.822870092628698
2021-10-20,25.69978218211171,23.596369175950798,27.831068524408995
2021-10-21,25.66331435347316,23.476354736696226,27.9411755628989
2021-10-22,25.643337513392332,23.50392703264821,27.886717977103782
2021-10-23,25.624426742889213,23.530660514393276,27.87864361330582
2021-10-24,25.60423282864547,23.376086310514847,27.87423968751038
2021-10-25,25.553095106143207,23.486655272861956,27.76462561748394
2021-10-26,25.526870208616263,23.234638829891843,27.686696751339575
2021-10-27,25.51411452339072,23.264621019845062,27.680501468525176
2021-10-28,25.490289655342146,23.196673953317426,27.459688803143802
2021-10-29,25.483977870317094,23.263151238169367,27.77053115446485
2021-10-30,25.479509200325793,23.150667521806,27.503247126589436
2021-10-31,25.474279757693584,23.41586710205359,27.6912223429417
2021-11-01,25.438369939722264,23.39780586226032,27.65759854519796
2021-11-02,25.427378570146008,23.197915164580508,27.456163746648752
2021-11-03,25.42961064819161,23.371860348409356,27.567616678364555
2021-11-04,25.420287877763364,23.287058426261417,27.636229985229864
2021-11-05,25.42776882932577,23.286202205946125,27.731026980234393
2021-11-06,25.436180306134535,23.200309072149274,27.903533785877727
2021-11-07,25.442739364848563,23.281613418573823,27.720427314877814
2021-11-08,25.417374590429386,23.386923403271613,27.72410865563396
2021-11-09,25.415562607548612,23.32690510016659,27.525070268914508
2021-11-10,25.425517454390047,23.313740194529743,27.55520015963963
2021-11-11,25.422401966614594,23.10073946706448,27.474669765497907
2021-11-12,25.43454801992329,23.235308092711687,27.483790361050147
2021-11-13,25.446087219228694,23.168297996954692,27.562231580723235
2021-11-14,25.454271520614768,23.38779171106234,27.602330098199985
2021-11-15,25.429092440684542,23.398639723872268,27.57350201433918
2021-11-16,25.426114906987646,23.134238752654497,27.777665189779587
2021-11-17,25.433663461450145,23.07663988512415,27.612426678096256
2021-11-18,25.427030062559567,23.124853424742366,27.64714249920682
2021-11-19,25.43469044176093,23.336648329132654,27.70174628804436
2021-11-20,25.44093071496791,23.196949797373396,27.732755991414727
2021-11-21,25.443163850867275,23.23555167955487,27.734177044803108
2021-11-22,25.4115447653838,23.208205585493094,27.57351977133451
2021-11-23,25.401800206782376,23.04049995539895,27.648568211935643
2021-11-24,25.402411247015298,23.172562903864332,27.438647722124028
2021-11-25,25.388817718793415,23.3667411797968,27.522873473727536
2021-11-26,25.38963163505426,23.19350253357542,27.75030598735122
2021-11-27,25.38926135830544,23.114886640917852,27.547506785078877
2021-11-28,25.385226171752755,23.098923469418203,27.523275518317927
2021-11-29,25.347770054298348,23.03166871443345,27.421869246040583
2021-11-30,25.332690838425624,23.134209613413958,27.45502114180569
2021-12-01,25.32852256285288,23.039821440349446,27.430886560288307
2021-12-02,25.310740337878798,23.14160589683521,27.419732366628693
2021-12-03,25.307974721691508,23.024291890507175,27.453135607488814
2021-12-04,25.304637321342355,23.18807991107924,27.415863362132082
2021-12-05,25.29823720306459,23.201820300105556,27.63301926173534
2021-12-06,25.258996835652127,23.162436119474616,27.43534326600738
2021-12-07,25.242683659026667,23.17281618270258,27.398746713743403
2021-12-08,25.237794997329427,23.03620417262918,27.48900420807895
2021-12-09,25.219765539260866,23.123686854575638,27.34818821082127
2021-12-10,25.217184289139823,22.934019745859917,27.3998019824831
2021-12-11,25.214422611001446,23.09789736282002,27.363171666260616
2021-12-12,25.208952865331256,23.092143096746373,27.372469005487034
2021-12-13,25.170966286025852,22.897511096844703,27.38481213415935
2021-12-14,25.15620612491167,23.06252465998994,27.42319356207089
2021-12-15,25.15315373166228,22.965997090854135,27.38857873145201
2021-12-16,25.13723675521756,22.990631634218122,27.192970111192825
2021-12-17,25.137046349493087,22.842243188188046,27.23649568040536
2021-12-18,25.136965001531856,23.16960755999317,27.41422562628022
2021-12-19,25.134484494080446,22.853674431639448,27.181263267066793
2021-12-20,25.099822678634087,23.035584083053248,27.242436058872048
2021-12-21,25.088755129809144,22.921485536127072,27.158884184719174
2021-12-22,25.08979940601423,22.742160663641535,27.35568090163642
2021-12-23,25.07842117134545,22.811758428812833,27.31732887612802
2021-12-24,25.0832491397412,23.043339543288827,27.207795725938524
2021-12-25,25.088700544629475,22.835979845714682,27.270285870376735
2021-12-26,25.09229673517584,22.968815560014615,27.17285030851018
2021-12-27,25.064277665405843,22.9254454970083,27.38307648349461
2021-12-28,25.060431435419947,23.01376192922198,27.451004593916323
2021-12-29,25.069276693234222,22.93439406936389,27.229174986592856
2021-12-30,25.066267228151812,22.84794859080624,27.15322406314202
2021-12-31,25.08000578253829,22.840948099340086,27.30881798547498
2022-01-01,25.09486883868395,22.94172515159417,27.34236603275297
2022-01-02,25.10832202105275,22.968674187449682,27.321821298382154
2022-01-03,25.09053490369612,22.91278810761893,27.3618318096922
2022-01-04,25.097211388923295,22.953686057244138,27.056011483767787
2022-01-05,25.116773455580468,22.891481461827812,27.337085380755173
2022-01-06,25.124567580708266,22.902971817508156,27.367788521993376
2022-01-07,25.149080818012852,23.03343648121904,27.29506123931107
2022-01-08,25.17456823123878,22.976624743201494,27.414386353186217
2022-01-09,25.19837125064022,23.072191608480637,27.394000077619246
2022-01-10,25.190535658790385,23.022507314320936,27.25625276124857
2022-01-11,25.206645279306617,23.000637871999082,27.37304240080453
2022-01-12,25.235009068102237,23.03273580929721,27.455544726625142
2022-01-13,25.25087080895414,23.07643596305561,27.30466473550573
2022-01-14,25.282628294702167,22.991872560767117,27.537760610798962
2022-01-15,25.314463593066357,23.266185802008785,27.54835806953234
2022-01-16,25.343663872276757,23.31045756868682,27.52384679453714
2022-01-17,25.34024140879991,23.275868240044353,27.49988040103033
2022-01-18,25.359768778515672,23.33122938621693,27.441761644174772
2022-01-19,25.390566872843845,23.24993406537198,27.57572463262118
2022-01-20,25.40791489957301,23.26362545817145,27.652080494066386
2022-01-21,25.440269225253978,23.321527111887022,27.645272932604943
2022-01-22,25.471892652271354,23.18672277282512,27.61231773033321
2022-01-23,25.50017361893994,23.303783815804053,27.71645723670491
2022-01-24,25.495243976974635,23.2130262595803,27.56940968703336
2022-01-25,25.512811397979533,23.324919999359466,27.691030147125655
2022-01-26,25.541344117750725,23.438441504332456,27.951397599000384
2022-01-27,25.556277260680684,23.340622557081943,27.69459010799555
2022-01-28,25.586227696701773,23.4876646255528,27.806301841425594
2022-01-29,25.615619129850792,23.420780795831003,27.692495612798623
2022-01-30,25.641997020216564,23.493126762368462,27.646436195355125
2022-01-31,25.635642111263067,23.392916949869317,27.647439910373574
2022-02-01,25.65239873268777,23.515151314908334,27.86416824788152
2022-02-02,25.680855703562273,23.384057924924353,27.792046917714995
2022-02-03,25.6965491880671,23.675797455749354,27.911643803107097
2022-02-04,25.72817455710043,23.400670542412545,27.865621621981838
2022-02-05,25.760209043519588,23.67313085730112,28.04229878934411
2022-02-06,25.790224866605232,23.55245075782722,28.08227282241152
2022-02-07,25.788501654467982,23.594184619965894,28.056824145502592
2022-02-08,25.81085437239258,23.69480371514581,28.110817959863223
2022-02-09,25.845814599561987,23.756725111856507,28.017435223360522
2022-02-10,25.868834503354893,23.752549035825705,28.049777653752102
2022-02-11,25.908500540476943,23.75763046132211,28.18429480191826
2022-02-12,25.94915862829096,23.858165148605874,27.957369314018674
2022-02-13,25.98823039828396,23.79550495897264,28.189158096340435
2022-02-14,25.99582927914973,23.796014422231693,28.222207204502226
2022-02-15,26.02759252085527,23.712934634005276,28.1679000220956
2022-02-16,26.071866892762905,23.916708913718974,28.21156464157812
2022-02-17,26.103917285925604,23.794915279701737,28.38042969193624
2022-02-18,26.152145123360924,23.914336625886342,28.46469381693277
2022-02-19,26.200718193361627,24.01409678920367,28.42709876178073
2022-02-20,26.246891390259425,24.130835543763588,28.38009944138442
2022-02-21,26.260626987002976,24.151334366745175,28.304382049757216
2022-02-22,26.297430435720393,24.37646235218507,28.51848239852827
2022-02-23,26.345539325372197,24.155280716181455,28.72261040212734
2022-02-24,26.380134636865034,24.258832557467546,28.530140854507216
2022-02-25,26.429561126506442,24.307731089924907,28.571854035128197
2022-02-26,26.47795839888618,24.28960739628133,28.589529945236244
2022-02-27,26.522582120165847,24.253244468315682,28.725789840624042
2022-02-28,26.53342398425153,24.416062338947267,28.806747930970975
2022-03-01,26.566046438072217,24.296966495306517,28.834072806843615
2022-03-02,26.60876982682514,24.332193120797715,28.656213589033392
2022-03-03,26.63688115214934,24.55656344189731,28.811979493943905
2022-03-04,26.678851346080176,24.471150608865198,28.885978085272228
2022-03-05,26.71896271119201,24.42228924726304,28.88277039282186
2022-03-06,26.75462608206089,24.601259885843177,28.93936114730812
2022-03-07,26.755996436530783,24.503271991598748,28.945353830436098
2022-03-08,26.77880308757564,24.656952903278313,28.960158520727383
2022-03-09,26.811532246174874,24.624999510792854,28.820717926361002
2022-03-10,26.829631279000214,24.612100361271782,29.17523949091362
2022-03-11,26.86172169211737,24.64990232187675,28.877557173026048
2022-03-12,26.892222613289704,24.853230958373654,29.175070543806477
2022-03-13,26.918664440486317,24.819818764094965,29.17146936766793
2022-03-14,26.911301484602156,24.65560687645008,29.022972785556572
2022-03-15,26.925939820867555,24.789683974075047,29.112809023175423
2022-03-16,26.951118204784528,24.870232935431442,29.2939757299735
2022-03-17,26.962311421630528,24.84307121091351,29.13491953485699
2022-03-18,26.988143124475478,24.898792052714178,29.285441831224894
2022-03-19,27.01300993482914,24.895990745734352,28.963334391064592
2022-03-20,27.034396452770544,24.678802933284153,29.187374046557494
2022-03-21,27.02248996211859,24.948249840013013,29.17954777019373
2022-03-22,27.033010982174495,24.839246563840554,29.2537618838839
2022-03-23,27.054397440235118,24.80015142079413,29.224254396973237
2022-03-24,27.062011735934345,24.92230563411221,29.30779412972734
2022-03-25,27.084357640854044,24.96846064580106,29.170611523669276
2022-03-26,27.10570868571843,25.02132454681081,29.3478130989405
2022-03-27,27.1234275534499,24.987137148382022,29.319248086649605
2022-03-28,27.10758513203092,24.90278881508505,28.975978130166844
2022-03-29,27.113795247875196,25.045953431097697,29.362659078783874
2022-03-30,27.130402727675722,24.97384169910786,29.174940452702916
2022-03-31,27.132693941841527,25.06061825328325,29.32954312904632
2022-04-01,27.149116666759593,24.89675730599805,29.4038708582196
2022-04-02,27.163910826852433,25.12343036345922,29.34212500325706
2022-04-03,27.174429560930335,25.026066087207667,29.433084125433453
2022-04-04,27.150759212763123,24.749856979876185,29.3677786425998
2022-04-05,27.14855423394678,25.162581037888792,29.17929680579304
2022-04-06,27.15622463681177,24.949351355093835,29.263375964754367
2022-04-07,27.149145163042505,24.923060067535218,29.243022144027947
2022-04-08,27.155873040291947,24.93692656192381,29.256124462011297
2022-04-09,27.16077594436145,24.868578283744373,29.316031480366547
2022-04-10,27.16134968803502,24.999276340701034,29.223862516678484
2022-04-11,27.127834330926753,25.037129587389533,29.354090903264684
2022-04-12,27.11604480803207,24.88800648868494,29.051179569520077
2022-04-13,27.11455383641247,24.816827399374844,29.31502438547989
2022-04-14,27.098896395974634,24.930617179648145,29.239028426483113
2022-04-15,27.097782791795538,24.996512997068088,29.25281145654401
2022-04-16,27.09572205174,24.956687307644003,29.43155814619577
2022-04-17,27.090335313730364,24.951988865918185,29.316993292706474
2022-04-18,27.051968023549836,24.906734250363872,29.139968966259612
2022-04-19,27.036517156987532,24.950320397419,29.122939098943387
2022-04-20,27.032611328102554,24.87889942807278,29.286197134598485
2022-04-21,27.015813165157184,24.88699276060628,29.217090424757032
2022-04-22,27.014831027996415,24.71217403906126,29.020832098567652
2022-04-23,27.01414186571322,24.79805334204483,29.133400286856773
2022-04-24,27.011304891455165,24.73089283114644,29.235785513835257
2022-04-25,26.97657489443254,24.849905087200344,29.12936624727829
2022-04-26,26.96573137873719,24.75949603456513,29.190312391981923
2022-04-27,26.9672613437784,24.795642382130637,29.135514150663788
2022-04-28,26.956565019402355,24.7632476137865,29.127247584554805
2022-04-29,26.962171541343746,24.731263969880764,28.99652121009286
2022-04-30,26.968366260509445,24.66986921284828,29.19440108255179
2022-05-01,26.972509243322392,24.737320531431752,29.071568521644007
2022-05-02,26.944653652608107,24.639722103417544,29.12087297438339
2022-05-03,26.940380060749447,24.795105670568695,29.09026150211723
2022-05-04,26.947984368596195,24.75691559733877,29.09869662883415
2022-05-05,26.94268850239103,24.86656419969658,29.152451629046105
2022-05-06,26.952860738035227,25.09833924140624,29.15753078640202
2022-05-07,26.96264721816584,24.803639197442077,29.13396731472383
2022-05-08,26.969294103145955,24.71978199582995,29.285566290625145
2022-05-09,26.942768944480655,24.568311019459415,29.200482959845303
2022-05-10,26.938597249415835,24.643370982013938,29.065248104205466
2022-05-11,26.945051847558176,24.72991359515001,29.05208047955079
2022-05-12,26.937364191214513,24.648744854978148,29.09159046032797
2022-05-13,26.94394442142402,24.735497767931392,29.047429682929366
2022-05-14,26.949011771501866,24.728087819826236,29.072587783295106
2022-05-15,26.949914779053067,24.57936554834384,29.16063426247603
2022-05-16,26.916749947489315,24.8336757236558,29.188947787709395
2022-05-17,26.905194899508263,24.54818861717727,28.99827522921237
2022-05-18,26.903693726182254,24.719090568781134,29.19554713444274
2022-05-19,26.88766377266253,24.849211304313823,29.095076724166606
2022-05-20,26.88571081521476,24.86809551559106,28.96337992627905
2022-05-21,26.882254334142242,24.71908039938548,29.050609418321915
2022-05-22,26.874842492582925,24.719068042664155,28.966198775654686
2022-05-23,26.833765603652736,24.63972372269209,29.014186776958915
2022-05-24,26.814884268313456,24.78187838349943,29.110949977693885
2022-05-25,26.8068100221354,24.66668064940074,28.988856301878005
2022-05-26,26.785107857368182,24.71025449802295,29.00429031568758
2022-05-27,26.7785076878868,24.604365409405332,28.761946493912617
2022-05-28,26.771526558781744,24.570358448261953,28.99530911886606
2022-05-29,26.761781289519995,24.493048420467783,28.911747674537953
2022-05-30,26.719600391715723,24.474268553423517,28.826105804712927
2022-05-31,26.700851480552725,24.61680321322754,28.922698573613754
2022-06-01,26.694122031884202,24.517106693546076,28.821897056891984
2022-06-02,26.67492284221518,24.349527554726805,28.856608629515566
2022-06-03,26.671901227245748,24.66868604881158,28.736594967099034
2022-06-04,26.669465707205035,24.464354482635873,28.78816368371745
2022-06-05,26.665101794332795,24.360794532038113,28.729465625198298
2022-06-06,26.628987632135583,24.51658906502905,28.737350566052847
2022-06-07,26.616825598863393,24.47874404930848,28.931068356760264
2022-06-08,26.617027608542276,24.48063151402936,28.790138189528072
2022-06-09,26.604923339375254,24.401049950143292,28.71374080792178
2022-06-10,26.60897829272102,24.447110603111284,28.68103789910547
2022-06-11,26.613423297070998,24.31591657113942,28.705782466032524
2022-06-12,26.615574940990232,24.636542052397143,28.890925415213566
2022-06-13,26.585455559321446,24.378497620918523,28.862594650387017
2022-06-14,26.578628769298295,24.375644058575755,28.672273107556393
2022-06-15,26.5833881867873,24.363138245302682,28.827189458836664
2022-06-16,26.574968464816116,24.242502343540234,28.765763067488724
2022-06-17,26.581765487719114,24.304086538128974,28.613755246685866
2022-06-18,26.58796728501305,24.54548725666262,28.66648030985836
2022-06-19,26.590875119450203,24.523666291765025,28.79207271158525
2022-06-20,26.560523365445174,24.38602560501253,28.6990641364879
2022-06-21,26.55251418783791,24.462330333687788,28.691344715629608
2022-06-22,26.555204685347473,24.402531952059736,28.614449019555074
2022-06-23,26.5439156946406,24.532915440960288,28.958880356952204
2022-06-24,26.547149160006587,24.328583426932976,28.66575654000547
2022-06-25,26.549215720073356,24.33481210028308,28.639879677039957
2022-06-26,26.54755206634746,24.464580570654785,28.83295310740169
2022-06-27,26.512336800113903,24.347011515124212,28.606922052141496
2022-06-28,26.499320914757803,24.447218610038398,28.815434535594132
2022-06-29,26.497010688295692,24.44154518815009,28.628253427785015
2022-06-30,26.480872302345848,24.390822763286327,28.618833304581436
2022-07-01,26.47954520926364,24.225125460075322,28.690458357126985
2022-07-02,26.4774660087593,24.38049102438406,28.728444513791505
2022-07-03,26.472182488746334,24.407493448824876,28.598000905046646
2022-07-04,26.433966644275966,24.18830836541804,28.552250777855452
2022-07-05,26.418642873950496,24.33819103042088,28.62859367930575
2022-07-06,26.41476919407053,24.291093576579897,28.618140151110552
2022-07-07,26.397840823983273,24.240785426430698,28.581180357663076
2022-07-08,26.396503182543164,24.268918953417774,28.69427194858252
2022-07-09,26.395176055883265,24.235378857766392,28.503521032259613
2022-07-10,26.391368571126552,24.173946178733207,28.549455616989434
2022-07-11,26.35529375163682,24.070833150417236,28.380063266828106
2022-07-12,26.342698798184756,24.072962436732308,28.61717134234285
2022-07-13,26.34204886636197,24.121384668778987,28.522954603984502
2022-07-14,26.328733611138755,24.17598570778236,28.324939908209906
2022-07-15,26.331283445876938,24.2300693325318,28.43138560889428
2022-07-16,26.33399717621897,23.97550053039822,28.634725016847565
2022-07-17,26.334260539585475,24.340087736238463,28.510064445119852
2022-07-18,26.302164320970878,24.319375576332078,28.39380049067992
2022-07-19,26.293338086614003,24.10909208883169,28.374360715769747
2022-07-20,26.296137208178692,24.29102687371976,28.54002451751544
2022-07-21,26.285852358568683,24.225597654864185,28.360782358470463
2022-07-22,26.290928347365067,23.964035097807713,28.46600789308368
2022-07-23,26.295593889632524,24.194319555968733,28.519189533478308
2022-07-24,26.297181786565396,24.06540050817247,28.450933047927805
2022-07-25,26.265748152147193,23.956436573371164,28.471119728839817
2022-07-26,26.256906707441303,23.9735936339204,28.50547296155525
2022-07-27,26.25901581207355,24.214034155045372,28.42232123844652
2022-07-28,26.247387427623707,24.074895112646303,28.40407898690782
2022-07-29,26.25050491047801,24.05958197792961,28.59179832744318
2022-07-30,26.25265127223228,23.942599188816416,28.54331016214867
2022-07-31,26.251227443620547,23.8497476220002,28.559377897844854
2022-08-01,26.21636924480739,24.083412376479725,28.51482753113808
2022-08-02,26.20377916116545,24.031925693888194,28.63896892799438
2022-08-03,26.201910677884907,24.03464277152299,28.342854144245223
2022-08-04,26.186174455481563,23.98368535536675,28.350244453792577
2022-08-05,26.185153331871874,23.959623457196116,28.347125302132483
2022-08-06,26.18322787521016,24.069820663718577,28.414961684607707
2022-08-07,26.177892104876314,24.06202064124182,28.362867004527793
2022-08-08,26.139368157668674,23.80269673574769,28.15851850651052
2022-08-09,26.1234360631093,23.90757939430967,28.352489580483322
2022-08-10,26.118616434637985,23.857508952589317,28.204993036719998
2022-08-11,26.100375399311982,24.001785627520363,28.24385723960245
2022-08-12,26.097338778234807,23.97680343627478,28.17768016245486
2022-08-13,26.093917253834995,23.918210460229496,28.276375195081915
2022-08-14,26.08762213849954,23.923040482254446,28.178799601772287
2022-08-15,26.048680504244526,24.003891417303993,28.203345308676926
2022-08-16,26.032865806233218,23.794830924317946,28.18592343893853
2022-08-17,26.02868176332058,23.871677634039,28.14978908211558
2022-08-18,26.011568763743767,23.718110479935657,28.295531084502294
2022-08-19,26.010119744748547,23.657265077923704,28.09728890936064
2022-08-20,26.00870721212699,23.907342977245925,28.105323006022214
2022-08-21,26.00480093976443,23.96642132773449,28.259892330975198
2022-08-22,25.96858503277232,23.824826990246237,28.18377426828528
2022-08-23,25.955790411830947,23.893322795532796,28.202075521165305
2022-08-24,25.954880410231844,23.81175218244623,28.055415941502527
2022-08-25,25.941258685997656,23.84179738826498,28.037230829631884
2022-08-26,25.94348634033706,23.686629574377438,28.1267761830164
2022-08-27,25.945909861063274,23.82748026633198,28.099602054470093
2022-08-28,25.945979395561423,23.593937669566067,28.104338742941014
2022-08-29,25.913866014458694,23.89098948970578,28.14847757832735
2022-08-30,25.90529401510928,23.773836746675773,28.107680454728097
2022-08-31,25.908725962152978,23.657595216598274,27.99345363451221
2022-09-01,25.899569687461106,23.72763821612318,28.105949511402898
2022-09-02,25.90639417426031,23.694720750492245,28.116010356141302
2022-09-03,25.913555990154038,23.668907045164413,28.21830999259984
2022-09-04,25.91851583082594,23.74922056321465,28.17360535114308
2022-09-05,25.891453902047274,23.63805932112321,28.083256621512145
2022-09-06,25.888100262686503,23.761881620060525,28.111461326940425
2022-09-07,25.896917904261397,23.88448025044817,28.022546529296832
2022-09-08,25.89330786974129,23.67053564748956,28.168659699443502
2022-09-09,25.90582341618979,23.77004040944875,28.117946299970978
2022-09-10,25.918794962473417,23.73432070927487,27.95843385026824
2022-09-11,25.92964545438847,23.72669251195972,28.20477802247941
2022-09-12,25.90850493697353,23.75788781683508,28.19420639539186
2022-09-13,25.911040508182847,23.7022713523825,27.95902825551014
2022-09-14,25.92563946832268,23.935840430934096,28.265809513363163
2022-09-15,25.927614992640724,23.66739407096923,27.95766634263614
2022-09-16,25.945421341011084,23.797460340498585,28.104898767911052
2022-09-17,25.963280339291593,23.85001708150682,28.033638338013727
2022-09-18,25.978498741861728,23.6255644055147,28.00792495104585
2022-09-19,25.961085226393905,23.82701584834859,28.083816685930717
2022-09-20,25.966583141261317,23.781645191999353,28.21577334192046
2022-09-21,25.983256752459926,23.8780977152324,28.09580918716231
2022-09-22,25.986300237896653,23.905612928076643,28.166763858814402
2022-09-23,26.004056353593704,23.97235595935053,28.169717948876006
2022-09-24,26.020646409610734,23.80416178511235,28.071931296462903
2022-09-25,26.03329106380379,23.837923961470974,28.167770747787632
2022-09-26,26.011930581402844,23.81633849055465,28.17172506393233
2022-09-27,26.012060579111616,23.836883173182894,28.222650689918094
2022-09-28,26.021920903331026,23.66809619034213,28.287648507736055
2022-09-29,26.016706800488333,23.956674059402076,28.110429864954206
2022-09-30,26.02478922436263,23.78280473071234,28.200374322107955
2022-10-01,26.030345851321325,23.96385452710372,28.234303121436795
2022-10-02,26.03068225968372,23.810044558745965,28.19972343480822
2022-10-03,25.995851886106195,23.669718278611317,28.100628939084807
2022-10-04,25.981490760765848,23.91988673980156,28.148571916487473
2022-10-05,25.976004673040805,23.731752706785684,28.00657546943056
2022-10-06,25.954777947097632,23.720134345044077,28.26626579079743
2022-10-07,25.946390712806103,23.826539596684142,28.10081287219943
2022-10-08,25.93524630173468,23.756701812708886,28.152060140827682
2022-10-09,25.91888830027761,23.76293269643264,28.115475614426895
2022-10-10,25.86761596381298,23.766356196323553,28.070947414436272
2022-10-11,25.837314097575966,23.734006206580116,27.93371961939621
2022-10-12,25.816635170086055,23.613879126704774,28.10205087238924
2022-10-13,25.7812029599369,23.638257613549616,27.951719443832513
2022-10-14,25.75982474680071,23.528105457887747,27.88391937682405
2022-10-15,25.73711380250507,23.49327513633884,27.902660231561203
2022-10-16,25.71080183759748,23.461011971630697,27.96356661689493
2022-10-17,25.651350224551052,23.516339257685818,27.77408341028803
2022-10-18,25.61477621121484,23.43205358416994,27.88933820760345
2022-10-19,25.589831985938705,23.411730348735244,27.644406073250025
2022-10-20,25.552205975779437,23.42447910084788,27.59586529234661
2022-10-21,25.530733451963698,23.209406704307863,27.677612997288037
2022-10-22,25.510018242713855,23.284495838487608,27.616329395733867
2022-10-23,25.487745232729402,23.300655247011136,27.527038083684378
2022-10-24,25.434292473249357,23.22071470341571,27.65380408776292
2022-10-25,25.40555909780526,23.323408351652677,27.50608694514884
2022-10-26,25.390146865769385,23.206250036404658,27.66772160210084
2022-10-27,25.36356465593626,23.209521201969388,27.53824997526745
2022-10-28,25.35444290686104,23.084011390981118,27.5119469614468
2022-10-29,25.347159710369773,22.92170205445344,27.500002163882993
2022-10-30,25.339158130105382,23.272268591196813,27.49284177447307
2022-10-31,25.300563450743166,23.159642855672086,27.485622365656965
2022-11-01,25.28701642700589,23.077706338327108,27.476856190903966
2022-11-02,25.28686022429197,23.13631176090972,27.385720181682355
2022-11-03,25.275350242047427,23.088862003190453,27.54082705050349
2022-11-04,25.28087368818224,23.155150035696522,27.302079714644968
2022-11-05,25.28758048863268,22.953610112498072,27.391293138800144
2022-11-06,25.292704990963916,23.204271814243718,27.46513114631112
2022-11-07,25.266187066989026,23.060181455730174,27.432423187377513
2022-11-08,25.26350859780156,23.107680434695606,27.398212253362637
2022-11-09,25.272882964407987,22.885396913459275,27.5431595662202
2022-11-10,25.26946668526454,23.081868106194435,27.4123128869953
2022-11-11,25.281580039159216,23.057773943338418,27.406273164115223
2022-11-12,25.293338248239063,22.935682685471544,27.598611105479225
2022-11-13,25.30197269135518,23.169938041817574,27.34932656790578
2022-11-14,25.2774507839976,23.30853520916554,27.640679809436865
2022-11-15,25.275310558422234,23.234381617807244,27.50872989326433
2022-11-16,25.283847634621395,23.03369307545608,27.268926371985106
2022-11-17,25.278323806068762,23.010038385191695,27.446717807441644
2022-11-18,25.287184173941668,22.99884176503595,27.19647708212331
2022-11-19,25.29468450966773,23.0556355966292,27.529399834251922
2022-11-20,25.29820842770009,23.03707955325271,27.42856347885952
2022-11-21,25.26788311995133,23.03721788855339,27.38605968555078
2022-11-22,25.259409800747854,23.121497988067723,27.457910692732273
2022-11-23,25.261246665036595,23.13110876370552,27.41674245544064
2022-11-24,25.248813689515277,23.072741665972483,27.47600372609171
2022-11-25,25.25070630685519,23.026835552027265,27.559544055299
2022-11-26,25.251319717428366,23.23527337352879,27.37600074104337
2022-11-27,25.24816349085226,22.883749555425066,27.31667921091598
2022-11-28,25.211475263233876,22.91511601057934,27.249307586411106
2022-11-29,25.197049716149422,22.99384302121606,27.277553901491167
2022-11-30,25.19342065921229,22.97349596952284,27.372109688910125
2022-12-01,25.1760655467146,22.820455679293584,27.310144562671173
2022-12-02,25.173619441346382,22.97357835579882,27.47786823438475
2022-12-03,25.170500155092668,22.970529744098748,27.322924856738684
2022-12-04,25.16422416952512,23.113947916645557,27.45545802165824
2022-12-05,25.125022077301317,22.922420274695778,27.175868187649723
2022-12-06,25.10866965508833,22.844024057595085,27.23094030650588
2022-12-07,25.103672304742435,22.992796947720944,27.34980150078943
2022-12-08,25.085472101823985,22.773674559609294,27.221500569518337
2022-12-09,25.082664369626876,22.843840762934526,27.260056422787905
2022-12-10,25.079625413637814,22.992928904562635,27.258605112576927
2022-12-11,25.073830926128565,22.891795979651718,27.193396663521483
2022-12-12,25.035473715777485,22.787000385030474,27.151971436589754
2022-12-13,25.02029679393803,22.876051250319055,27.209800981418706
2022-12-14,25.01677948655427,23.059766101653732,27.22431088569818
2022-12-15,25.00034575582001,22.962313064748322,27.21774060078287
2022-12-16,24.99958160929919,22.884980195291874,27.20856922230964
2022-12-17,24.998863206683378,22.73447085045027,27.25480213879574
2022-12-18,24.995675165568308,22.803106376693876,27.22606975548893
2022-12-19,24.96022772941715,22.735601562100083,26.894036246692846
2022-12-20,24.948288853839276,22.86014665826795,27.30582128026945
2022-12-21,24.948368920063693,22.88134895189596,27.182781847753645
2022-12-22,24.935927313594494,22.681163257260547,27.123356782394353
2022-12-23,24.939587811867828,22.80653014535452,27.1307771249414
2022-12-24,24.943764467206375,22.86876655028125,27.1101014840342
2022-12-25,24.94597757008184,22.72987976625621,27.167230073692465
2022-12-26,24.916468444239598,22.89618412686782,27.06266823851486
2022-12-27,24.911029220045748,22.776411750951702,27.145839973838758
2022-12-28,24.918185384040925,22.698160085765437,27.167591180093005
2022-12-29,24.913400427719353,22.80129787555707,26.942250186495368
2022-12-30,24.925289617475272,22.724118541611364,27.22185105626128
2022-12-31,24.93824464061197,22.740851738182,27.129555403961213
2023-01-01,24.949748769162007,22.719526235815415,27.04479371513248
2023-01-02,24.92999133597916,22.773356118806113,27.22723573183281
2023-01-03,24.934697696999663,22.846377301740155,27.14942012899172
2023-01-04,24.952312488746177,22.784835898850897,27.009623997047825
2023-01-05,24.95820549818762,22.786730300959828,27.040783500034152
2023-01-06,24.980887143961695,22.81784505017739,27.137550328781877
2023-01-07,25.00463528440272,22.993095905076814,27.24481205538452
2023-01-08,25.026812939183046,22.80988059338579,27.35157374670135
2023-01-09,25.017485650123408,22.86027671270168,27.226482150541838
2023-01-10,25.03225457417448,22.765309813091655,27.158125296380845
2023-01-11,25.059443027123848,22.84175121090363,27.207601013919955
2023-01-12,25.074305697685794,23.038663237977627,27.23396304160005
2023-01-13,25.105247429521608,22.86133673637543,27.196445196813514
2023-01-14,25.136453184253316,22.90399432039566,27.282412376833722
2023-01-15,25.165208672129186,23.090496306741688,27.388732761469917
2023-01-16,25.16152028108755,22.927496175904853,27.371820782542677
2023-01-17,25.18095031073712,23.045038548124428,27.324188783284473
2023-01-18,25.211805154418958,23.014975525597308,27.309979551751535
2023-01-19,25.229345587163557,22.96693740989483,27.367255328267056
2023-01-20,25.26200601087591,22.841863317920048,27.353818515417366
2023-01-21,25.294024240848692,22.993881828549497,27.41652760495588
2023-01-22,25.3227613096797,23.040642155067555,27.370110809164725
2023-01-23,25.318319927724406,23.199508572027202,27.59995659971294
2023-01-24,25.33637763398037,23.14706838556607,27.48970648169568
2023-01-25,25.365372326399285,23.127122156876784,27.523858327295915
2023-01-26,25.380709392626603,23.306061990201172,27.527676102432192
2023-01-27,25.410977371419904,23.38798411668007,27.688579844607933
2023-01-28,25.44057382139167,23.212398623188893,27.490777427020582
2023-01-29,25.4670209767889,23.47790639461091,27.54539004001989
2023-01-30,25.460579941286063,23.288895118834255,27.76617149941954
2023-01-31,25.477079570588387,23.20613781431513,27.637517856758393
2023-02-01,25.50509785145391,23.24923612064848,27.833673419516867
2023-02-02,25.520165115051444,23.3978298868429,27.77390565377795
2023-02-03,25.55097612671985,23.433197030083342,27.769974882788237
2023-02-04,25.582012832205105,23.41938649359931,27.769969755234797
2023-02-05,25.61085743207066,23.438207870370753,27.754185855885854
2023-02-06,25.607804613026563,23.31440259455871,27.7444560938962
2023-02-07,25.628689148163872,23.252763767572134,27.750765206503694
2023-02-08,25.662066716399647,23.427550903196973,27.82620084264395
2023-02-09,25.68341730186806,23.691262315213102,27.78506445038973
2023-02-10,25.72135821743669,23.430747840672243,27.854581339576967
2023-02-11,25.76026851360687,23.49276603794249,27.920531632929123
2023-02-12,25.797604405111127,23.658902372857778,27.960920486004987
2023-02-13,25.803514484978912,23.531111378833394,28.018349575339307
2023-02-14,25.833670861029173,23.59967757641997,27.94788890136365
2023-02-15,25.876453972080512,23.83980290421784,28.099040708745505
2023-02-16,25.907160338160246,23.73299435899344,28.18935691202247
2023-02-17,25.954220171940925,23.6534463452609,27.883199549812655
2023-02-18,26.00182648847498,23.657036057270805,28.16149000083914
2023-02-19,26.04725521761207,23.872895946752404,28.215935025411078
2023-02-20,26.06048496080826,23.96329867543883,28.343360551757637
2023-02-21,26.097032402731106,23.914911632591455,28.253468184344516
2023-02-22,26.145141017455558,23.93046014771919,28.253569167577147
2023-02-23,26.17999221646271,24.127200963125386,28.613024879663744
2023-02-24,26.229925772105943,24.007351960728688,28.293868955041933
2023-02-25,26.27907107626884,24.201832869285322,28.6399413844396
2023-02-26,26.32466867971263,24.246813356104038,28.5251923281374
2023-02-27,26.336690715141568,24.098354768928186,28.38983140737537
2023-02-28,26.37067619704991,24.224791509432073,28.519259620208473
2023-03-01,26.414918842714908,24.188736654312667,28.57654068313775
2023-03-02,26.444676587931262,24.33701944706399,28.45713825380243
2023-03-03,26.488389678649355,24.28932345165364,28.681939681214832
2023-03-04,26.53030896553763,24.367828227737885,28.582879503135477
2023-03-05,26.56781393216861,24.35619553075764,28.806327784932197
2023-03-06,26.57102916056215,24.353936372159637,28.549816428324736
2023-03-07,26.59565534049279,24.463399674856554,28.728739929909164
2023-03-08,26.630152589680424,24.519313941093834,28.80760577859621
2023-03-09,26.649945387112638,24.491989196556723,29.02241430365476
2023-03-10,26.683636131531614,24.42174565374892,28.798013602239838
2023-03-11,26.715629081427682,24.471242451608592,28.89853336149546
2023-03-12,26.743444331302,24.666320169890916,28.88155550189468
2023-03-13,26.737330643144798,24.592469630793897,29.185776757604074
2023-03-14,26.75309334258552,24.676021000741333,28.916403246276655
2023-03-15,26.7792751347241,24.580090774241725,29.113241009543806
2023-03-16,26.79135921207868,24.658009004251703,29.042695331699107
2023-03-17,26.81798171711753,24.589397232078788,28.972702185324863
2023-03-18,26.843555344926653,24.560153578180255,29.002899191168506
2023-03-19,26.865583747888312,24.748584552805195,28.904952696632222
2023-03-20,26.854275546109815,24.75443872895858,28.971835128096423
2023-03-21,26.86537411594321,24.580151449739592,28.89507859312946
2023-03-22,26.887340953638716,24.63131416534957,29.008986513680448
2023-03-23,26.895561909400683,24.701904222829274,29.09003283808566
2023-03-24,26.91856326016978,24.70781202835696,29.084099012463685
2023-03-25,26.94063929827046,24.898525573976087,29.09690154473438
2023-03-26,26.959170978249936,24.770435079088724,29.206576908704232
2023-03-27,26.94424429842374,24.696726398107696,29.187115763219424
2023-03-28,26.95148445825691,24.747763132580637,29.161572421268758
2023-03-29,26.969243457240346,24.92940064436928,29.32579926747821
2023-03-30,26.972810302796308,24.784125896677114,29.27973513501988
2023-03-31,26.99063067518831,24.547880692459174,29.07862462667272
2023-04-01,27.006937617123434,24.892308993562114,29.123249560947656
2023-04-02,27.019072695046987,24.715471962408728,29.137997257829078
2023-04-03,26.997106230243936,24.79225463865709,29.2592891210325
2023-04-04,26.996672581744125,24.72365916699599,29.30258566903042
2023-04-05,27.006158108591563,24.78659989431389,29.18933202701471
2023-04-06,27.000910963132643,24.847738568708138,29.198762102182247
2023-04-07,27.009459570159127,24.747311781159823,29.238503200113453
2023-04-08,27.01614138908478,24.861758872107895,29.107065113690197
2023-04-09,27.018421457487577,24.857792625729918,29.254191330143446
2023-04-10,26.98650938590584,24.774815164518436,29.141708501534765
2023-04-11,26.97619087608709,24.7719488398497,29.060017337994193
2023-04-12,26.976011496345983,24.67478873148005,28.907449260277254
2023-04-13,26.961481984666197,24.784253829233318,29.07274882697966
2023-04-14,26.961292062860164,24.658351390149516,29.260678555981087
2023-04-15,26.959934493273924,24.884074731596193,28.95165991590645
2023-04-16,26.955019012661452,24.72920793667344,29.02005226050928
2023-04-17,26.916884947477456,24.761532143447678,29.035757966803818
2023-04-18,26.901428711349123,24.531762298988493,28.894902320064684
2023-04-19,26.897284037431312,24.846979729239443,29.19449425110036
2023-04-20,26.880024322365855,24.671429514800266,29.263232183812583
2023-04-21,26.87837415519324,24.75746648501389,29.043570922244804
2023-04-22,26.87683183405202,24.76300782166634,29.086448879373222
2023-04-23,26.872982555843016,24.70719155129408,29.12092732896258
2023-04-24,26.83711111134693,24.577902812068665,29.136583631551
2023-04-25,26.825030291595006,24.58084188222233,29.050348274764648
2023-04-26,26.82526283981096,24.552413948895143,29.069065798598835
2023-04-27,26.813246284274857,24.537133665890515,28.852603733363615
2023-04-28,26.81754766220001,24.761407570823124,29.18472471213324
2023-04-29,26.82248985403244,24.575975980237764,29.124622833722764
2023-04-30,26.825469112058183,24.814903016621574,28.988973349681128
2023-05-01,26.796572499452537,24.508487445520004,29.03805134893624
2023-05-02,26.791411317399817,24.652435982755616,28.917869308905075
2023-05-03,26.798308218188723,24.59304101967153,28.898067009620384
2023-05-04,26.792507198804056,24.77733860317239,28.93245879349225
2023-05-05,26.802393343799046,24.647958273454474,29.068201044844308
2023-05-06,26.81212389904747,24.684290717132896,28.894874413266734
2023-05-07,26.81895012981027,24.659660732083317,29.053746704457527
2023-05-08,26.792838559827512,24.628316033229204,28.923647151304603
2023-05-09,26.78930756402264,24.738530288032706,28.901408521252726
2023-05-10,26.796616925014614,24.565750143035125,28.949178254760884
2023-05-11,26.78997948004367,24.631421260767517,29.085364219577485
2023-05-12,26.797781680877435,24.580822920671146,28.817349858055557
2023-05-13,26.804214625074074,24.68867155760608,28.920431848460847
2023-05-14,26.806595012450263,24.70180828943123,28.80620192963521
2023-05-15,26.774984647498382,24.734587911048763,29.109086824009506
2023-05-16,26.765024507308837,24.549542599671373,28.954098651393814
2023-05-17,26.765121053773303,24.560580293759593,29.25681141009062
2023-05-18,26.750654004928602,24.469830249894095,28.975637196273745
2023-05-19,26.750192493466514,24.630972291277462,28.85201966129095
2023-05-20,26.748121290474465,24.530287643046204,28.916622834163256
2023-05-21,26.741956678835848,24.692025637781693,29.029567962453314
2023-05-22,26.70196073484622,24.4155402911133,28.911330439987726
2023-05-23,26.683970178807794,24.41321889876863,28.824857474508512
2023-05-24,26.67657761404308,24.586510387362477,28.8888834174522
2023-05-25,26.655334505417382,24.305021632657272,28.986856089856698
2023-05-26,26.648962953415257,24.54468253741371,28.756061859644575
2023-05-27,26.6419780581334,24.43895011222316,28.828832614041733
2023-05-28,26.6320005590032,24.56051129748033,28.699749955984753
2023-05-29,26.589368592530292,24.304909794547925,28.864858431941396
2023-05-30,26.569964792636824,24.472142042130763,28.63273511077177
2023-05-31,26.56239659529873,24.300356521888297,28.602938547449565
2023-06-01,26.542199118173823,24.249024182697244,28.741884634647157
2023-06-02,26.538047667812368,24.409230663030563,28.627650693525524
2023-06-03,26.534381642522828,24.52934340993166,28.868702589575307
2023-06-04,26.528719468449264,24.259384500746997,28.65752840040293
2023-06-05,26.491273342402778,24.380060416750418,28.50954424572157
2023-06-06,26.47777991884758,24.416831576368654,28.608586990086287
2023-06-07,26.476684699661032,24.094311034045948,28.693597732554807
2023-06-08,26.463349381389065,24.308959803183576,28.70175069196289
2023-06-09,26.466269087037766,24.341481824622683,28.615761138313744
2023-06-10,26.46970111892614,24.21029763551028,28.73112786920047
2023-06-11,26.47098473633205,24.394768600858296,28.73118944124935
2023-06-12,26.440160599125004,24.222420828964808,28.709842910431735
2023-06-13,26.432805887613892,24.172008933290112,28.59478084074463
2023-06-14,26.43722273873399,24.355703889219836,28.5793914360849
2023-06-15,26.428649146733953,24.445520851607252,28.701884038319704
2023-06-16,26.435479163645255,24.301650396974978,28.625858812024106
2023-06-17,26.441893961548722,24.085682442081275,28.47863866209746
2023-06-18,26.44518320503013,24.2694381897496,28.68207710442057
2023-06-19,26.4153653402236,24.243265703800425,28.557412633290973
2023-06-20,26.408022797186547,24.20337973006016,28.640886877280117
2023-06-21,26.411489753727317,24.196457497262188,28.520040645013733
2023-06-22,26.401061637863574,24.087594220320533,28.391873781160538
2023-06-23,26.405213253196774,24.152951631799162,28.463929230048745
2023-06-24,26.408227156593316,24.097467293548153,28.594267110425672
2023-06-25,26.407511820205887,24.16724292387433,28.71919389551656
2023-06-26,26.373218281584602,24.255482588376484,28.547312490327204
2023-06-27,26.361071386756553,24.24593397150412,28.608791166790375
2023-06-28,26.359553390121867,24.090764529011818,28.4398068661864
2023-06-29,26.344109208266133,24.152615496100537,28.4696822723484
2023-06-30,26.343360332639854,24.26073712296523,28.57012994288789
2023-07-01,26.34172914843696,24.22154819858043,28.52554192962945
2023-07-02,26.33675330359884,24.15445301950474,28.545212439137124
2023-07-03,26.298698934408733,24.28517137094673,28.532954629484745
2023-07-04,26.28338894327225,24.07257790391348,28.534790384426618
2023-07-05,26.27938416880394,24.032644173868455,28.407698883284905
2023-07-06,26.262186805154194,23.98403783729326,28.38523681810878
2023-07-07,26.260453117417505,23.93366771312925,28.43139460998246
2023-07-08,26.25861722345142,23.987749856134965,28.479898240646886
2023-07-09,26.254205589731875,24.042330933917736,28.428325033044157
2023-07-10,26.217451032280398,23.843459555696334,28.384218516093192
2023-07-11,26.204122384429397,24.13049917596166,28.340170178293477
2023-07-12,26.20270762056129,24.048359707520834,28.490372512782052
2023-07-13,26.18861972636203,24.130737186931405,28.272299272862004
2023-07-14,26.190412282790778,24.059205373727632,28.410224566022496
2023-07-15,26.1924064437398,23.93049676640499,28.35911800849472
2023-07-16,26.192008856748675,24.0470277784087,28.362762367537925
2023-07-17,26.15932921464973,23.941450557552514,28.36308975619396
2023-07-18,26.15001349496111,24.074952142232867,28.402313571734194
2023-07-19,26.152430572548198,24.04529309519116,28.35099698233472
2023-07-20,26.14188139685035,23.942322551979665,28.326374403333492
2023-07-21,26.14681760886936,23.94821196870624,28.28223259103668
2023-07-22,26.151471195741085,24.059852526872277,28.13762137805028
2023-07-23,26.153174662232093,23.892586496792735,28.154708209343074
2023-07-24,26.121980351032654,23.9296189782323,28.401263396570165
2023-07-25,26.113494928111265,23.913981556049556,28.47325565286285
2023-07-26,26.11606669450655,24.075737122586542,28.403649308645882
2023-07-27,26.104994908552957,23.8019356334327,28.434933967577248
2023-07-28,26.108748003213066,23.972925325232406,28.178560264283647
2023-07-29,26.11159232200043,23.867904564092324,28.36133207917059
2023-07-30,26.110910893619057,23.900005230258145,28.272114757956846
2023-07-31,26.07682093157883,23.92393206810654,28.2859033775247
2023-08-01,26.065006141132635,23.822017787136705,28.268132476050095
2023-08-02,26.06390157043594,24.00267833785858,28.333892535567024
2023-08-03,26.048900272392657,23.880680196060656,28.371622626936837
2023-08-04,26.04856874857764,23.705165082572936,28.086307046254138
2023-08-05,26.04727288690731,23.909629821997417,28.205791290760402
2023-08-06,26.04249400005067,23.75676509125867,28.245753561208645
2023-08-07,26.004443733667703,23.834782968049,28.037730124064822
2023-08-08,25.988894003059364,23.783204664252448,28.106632060791615
2023-08-09,25.984359762465836,23.817110759716652,28.046194246878517
2023-08-10,25.966303929906346,23.747016117865652,28.242322989867475
2023-08-11,25.963351482839947,23.65763246790579,28.293086702734506
2023-08-12,25.95991446645395,23.662608620562256,28.22020357252307
2023-08-13,25.953507537187434,23.685301963412893,28.131947777003546
2023-08-14,25.91436281138732,23.746970045675074,27.99386406542176
2023-08-15,25.898260163874255,23.563277005357342,27.888174383364504
2023-08-16,25.893710752894176,23.677421201438893,27.967448634507292
2023-08-17,25.8761630537376,23.5677544416684,28.03505574744323
2023-08-18,25.87421836436634,23.715494025973413,28.023802765518234
2023-08-19,25.872257463451245,23.63389454600352,28.2342098822906
2023-08-20,25.8677579747421,23.869560441927284,28.037011577723394
2023-08-21,25.830911134086644,23.555985254346044,28.094873772609272
2023-08-22,25.81745402795113,23.589685300441364,27.9664275604536
2023-08-23,25.81585500425597,23.506209701047347,27.903181806701618
2023-08-24,25.80152146501104,23.600461291325832,27.871781817943827
2023-08-25,25.80301693663914,23.652518170664276,27.82753081331589
2023-08-26,25.804689038610185,23.756544747343487,28.063559625224848
2023-08-27,25.80398785424503,23.40467628164615,27.762959432378334
2023-08-28,25.771083361400958,23.52339050711044,28.16692466792189
2023-08-29,25.76169796610147,23.53925592359157,27.880649612873434
2023-08-30,25.764291827881888,23.51405337125513,27.940639554371376
2023-08-31,25.75427018852533,23.640044240693683,27.9170824835058
2023-09-01,25.76019961650793,23.623859578778532,27.94727884631549
2023-09-02,25.766434817989186,23.629628043475847,27.955944252494213
2023-09-03,25.770435561277967,23.67774217915684,28.00155434956017
2023-09-04,25.742382427066666,23.629248999381936,28.007645370711625
2023-09-05,25.738007491838122,23.58957278593314,27.938752725052474
2023-09-06,25.745777705240016,23.563651025166596,27.76834530478926
2023-09-07,25.74110025044728,23.50946323589852,27.797133079751376
2023-09-08,25.752536879947158,23.670240674280787,27.919553659085814
2023-09-09,25.76442895778534,23.742822580214494,28.022107724076708
2023-09-10,25.77421283278594,23.68791624462664,27.884715862846985
2023-09-11,25.75203432732914,23.663300120333602,27.88614932013634
2023-09-12,25.75357851356424,23.74925059307463,27.89232973520516
2023-09-13,25.7672525921924,23.58326813438677,28.0625523906366
2023-09-14,25.76839120501731,23.57810365615356,27.79528949664229
2023-09-15,25.785471202050395,23.506458351660342,28.035722879256504
2023-09-16,25.802737607477138,23.67583874403682,28.014196796357073
2023-09-17,25.817520406384727,23.71946760765263,28.06620327037471
2023-09-18,25.799850918029488,23.727441204134507,27.9555042327587
2023-09-19,25.805293892718336,23.495609721086645,27.86735863294594
2023-09-20,25.82213309732757,23.499827400740713,28.011348988232918
2023-09-21,25.8255796564215,23.691260573121006,28.1035879861568
2023-09-22,25.843990093039764,23.710614593564628,28.107603035874938
2023-09-23,25.8614957263072,23.69720341268612,28.114740598608712
2023-09-24,25.87532295258874,23.695183496700793,28.077445169491256
2023-09-25,25.855413075463034,23.704089048217263,28.004442034116046
2023-09-26,25.857257718654218,23.70490489847353,28.009205818180877
2023-09-27,25.869087484615005,23.773447852700812,27.977227862481115
2023-09-28,25.86608302705941,23.698495230427085,28.085536482537158
2023-09-29,25.8765953895183,23.78211229092365,28.207551087706086
2023-09-30,25.88477718461116,23.686752885377715,28.051400443206706
2023-10-01,25.887904070452354,23.929873865090745,28.10155229404314
2023-10-02,25.855995133630362,23.766967314890525,27.973733667588533
2023-10-03,25.844648173461053,23.59560997554568,27.829942097505732
2023-10-04,25.84222752864157,23.667780859595958,27.930965048336514
2023-10-05,25.824073611893553,23.52390022276206,27.997488300418155
2023-10-06,25.818721021263585,23.59327743688828,27.953789514052655
2023-10-07,25.810526838581875,23.63780318225267,27.800434754175267
2023-10-08,25.796988625862316,23.62712548173934,27.991917001009696
2023-10-09,25.74836080081936,23.600876571973284,27.93271187298321
2023-10-10,25.72048547361162,23.787922684856966,27.853657362831836
2023-10-11,25.70197548685693,23.448678037410563,27.88850968191179
2023-10-12,25.66841893635622,23.435014262200827,27.774178159749578
2023-10-13,25.64859216107513,23.417273821921896,27.801263071138766
2023-10-14,25.627082937615643,23.580541417948343,27.753345792597564
2023-10-15,25.6016035162187,23.40615366954602,27.969250602352812
2023-10-16,25.54260230384227,23.233206485591133,27.786264422488
2023-10-17,25.506090395514317,23.236016298316247,27.791196140084896
2023-10-18,25.480820806550838,23.30478828549968,27.78925856038884
2023-10-19,25.4424897820138,23.24173585533288,27.760550184279463
2023-10-20,25.41994725653299,23.195528771926178,27.543856380105048
2023-10-21,25.397818267556023,23.176506569470817,27.621843575750503
2023-10-22,25.37381500822628,23.14974575603778,27.40572989491394
2023-10-23,25.318348354494457,23.186238736486725,27.33888724960312
2023-10-24,25.28735507574871,23.126649793379485,27.504984256315954
2023-10-25,25.26947856836035,23.20246009167042,27.519102949197155
2023-10-26,25.24027245432898,22.924345500409004,27.292293529511095
2023-10-27,25.22841406381954,23.00556320680264,27.371187288713728
2023-10-28,25.21832953160214,23.022336465354847,27.396751575330505
2023-10-29,25.20751010374317,23.02935001505019,27.386229953372688
2023-10-30,25.16612838490419,22.935674468582565,27.400702067607785
2023-10-31,25.149870619669855,22.790466238898002,27.197598024522616
2023-11-01,25.147122722933734,23.15191944067387,27.31439119033799
2023-11-02,25.133179271988816,22.840194567542696,27.51155544722867
2023-11-03,25.136462347881494,23.044352680454278,27.323451799835514
2023-11-04,25.141151826619453,22.711238773535825,27.272143168079236
2023-11-05,25.14450659243114,22.933958828998765,27.428896303483537
2023-11-06,25.11648528783425,23.00368138012191,27.46230757227583
2023-11-07,25.112582589943198,22.952597654293744,27.178594266614798
2023-11-08,25.12101863835267,23.078832970167774,27.176498821029067
2023-11-09,25.11695075416581,22.888221368206615,27.175328657830086
2023-11-10,25.12869428306668,22.923077034393252,27.247004872601437
2023-11-11,25.140354128098792,23.07152578018103,27.322241670569078
2023-11-12,25.149146429880982,22.95714049669639,27.451758627965145
2023-11-13,25.125019015181643,22.841208313872563,27.20649655453648
2023-11-14,25.123486629657084,23.00550792750452,27.358452988275033
2023-11-15,25.132818625701134,22.806700711876594,27.26895265706846
2023-11-16,25.12824830830645,22.966744199650606,27.288911951441886
2023-11-17,25.138190850893903,22.969773458054043,27.148973745579752
2023-11-18,25.146871439131107,22.91747683444353,27.250186363046385
2023-11-19,25.15164320335406,23.045652853495188,27.636462469507563
2023-11-20,25.122603670875588,23.05435244153315,27.316099148130665
2023-11-21,25.11542586859634,22.951678735275042,27.39048556155701
2023-11-22,25.118541862413657,22.960238611177566,27.310791449986898
2023-11-23,25.107348049503212,22.996920017704564,27.255098287580754
2023-11-24,25.1104192230431,22.89878228584366,27.26936061004671
2023-11-25,25.112133166444583,22.930982873538643,27.40561436114443
2023-11-26,25.10998542547103,22.92396828505156,27.337285093127143
2023-11-27,25.074203063664054,22.720060500589746,27.319127612810732
2023-11-28,25.06057359007659,22.82748803113444,27.25791753665858
2023-11-29,25.057626887397763,22.996918566964627,27.347577899990227
2023-11-30,25.04083948022084,22.857531592905172,27.188725219087335
2023-12-01,25.038848168408773,22.877970465535753,27.345602339911608
2023-12-02,25.036074769891556,22.82217553499556,27.20927169985185
2023-12-03,25.03004159114377,22.75404572121502,27.35306789227895
2023-12-04,24.990986384459454,22.70989740209438,27.118846590847777
2023-12-05,24.974692920253958,22.845296964869355,27.013440964136294
2023-12-06,24.969674929367457,22.636426609550295,27.13074138747904
2023-12-07,24.95138267214804,22.680006588615537,27.28249930437013
2023-12-08,24.948419069183306,22.672851928538222,27.14133198288597
2023-12-09,24.945167043760335,22.84782436250182,27.065777812577725
2023-12-10,24.93910759892116,22.751811443196633,27.281852800887595
2023-12-11,24.90043729476948,22.669385401152038,27.259667415672023
2023-12-12,24.884901165676656,22.76950186715159,27.062093815324584
2023-12-13,24.88097875144297,22.728985546057814,27.084349163664452
2023-12-14,24.864092428457642,22.562842332911856,26.920919855656447
2023-12-15,24.862824917357035,22.635693746447092,27.141375554328537
2023-12-16,24.86154757303843,22.726097451693736,27.00227284278844
2023-12-17,24.85773895114031,22.785198457700606,27.234227915674445
2023-12-18,24.821602304182285,22.653832005560933,26.971686695141216
2023-12-19,24.80889805114945,22.54918425723217,26.92396814510272
2023-12-20,24.808128915088652,22.699089719251404,27.064069481607753
2023-12-21,24.794746950906756,22.651906718580832,26.97861610713519
2023-12-22,24.797369390411188,22.457049543887713,27.058516916019588
2023-12-23,24.800404973689364,22.607661953540113,26.995803041782956
2023-12-24,24.80137033477866,22.62648468437128,27.025532300600783
2023-12-25,24.770505176820937,22.594421740518815,27.060839389163352
2023-12-26,24.76360236795136,22.74788570130097,26.95166461532589
2023-12-27,24.76919074253763,22.62210030462631,26.791018068512937
2023-12-28,24.762739919625854,22.580158405648042,26.849611932971168
2023-12-29,24.77287415195259,22.48755395630365,27.193583693547144
2023-12-30,24.783996954726963,22.49116680950404,26.982163399242847
2023-12-31,24.793606153345056,22.639706365146914,26.886592155887833
2024-01-01,24.771908145132937,22.77634756607864,26.80010269573112
2024-01-02,24.774647552897342,22.502582906196366,27.074976496551987
2024-01-03,24.790290086395835,22.40669572651057,27.088074286427656
2024-01-04,24.794227938859418,22.75445054834103,27.03043065362606
2024-01-05,24.814994730292348,22.619233041959333,26.979156133080348
2024-01-06,24.83689172804864,22.603715883925936,27.01722967816149
2024-01-07,24.85730494844717,22.67661277870825,26.994250218753063
2024-01-08,24.84632188333086,22.541448687757228,27.0894411995172
2024-01-09,24.85956396376368,22.57200620429214,26.945138859662965
2024-01-10,24.885372498876052,22.70000108473664,27.125419222640698
2024-01-11,24.899017328632326,22.664935607726235,27.028173419269358
2024-01-12,24.928915106262085,22.937723290167657,27.11995467519943
2024-01-13,24.959258840107864,22.87847719506746,27.16532655173218
2024-01-14,24.987338196209144,22.642571127542904,27.14682191319691
2024-01-15,24.98315920452545,22.666470681337945,27.304367831213693
2024-01-16,25.002279384561778,22.731735643240537,27.123899196082142
2024-01-17,25.032995939571975,22.801918904117137,27.181815772664162
2024-01-18,25.05055617970828,22.745141854040696,27.23396804832459
2024-01-19,25.083377024415928,22.89394005571182,27.23396167855703
2024-01-20,25.11567516353414,22.90979816711759,27.23965204776485
2024-01-21,25.1447873450201,22.960319201277905,27.380460698367678
2024-01-22,25.14078941694549,23.091192168233835,27.272088456015638
2024-01-23,25.159330143146732,23.10929584979722,27.28903563308879
2024-01-24,25.18881746436324,23.04223845536608,27.571707185410087
2024-01-25,25.204626406531386,22.96414723915772,27.394847668321948
2024-01-26,25.2353155455113,22.94489478896777,27.46872205154535
2024-01-27,25.26525368287476,23.02863269986819,27.516886702847795
2024-01-28,25.29193629003029,23.030146908108915,27.34520092421187
2024-01-29,25.285600449456354,23.070741614937845,27.430006768873884
2024-01-30,25.302054422504817,23.174185226621045,27.573074429656728
2024-01-31,25.32985963155237,23.261561078832838,27.591164406666188
2024-02-01,25.344534376670385,23.16593732386198,27.63161487482298
2024-02-02,25.374766313754723,23.251833777700075,27.681312798672657
2024-02-03,25.405035462143704,23.157095961175997,27.498953467237122
2024-02-04,25.432927404830522,23.169889214404918,27.565053134809297
2024-02-05,25.428745505151912,23.04632717055648,27.62688456212132
2024-02-06,25.448338350981718,23.123187476177602,27.59383093498376
2024-02-07,25.48028027973584,23.226848780807927,27.662396158051067
2024-02-08,25.50007435183351,23.203861600645812,27.73587919678507
2024-02-09,25.536364827441194,23.267362251972482,27.869418430082945
2024-02-10,25.573560921866537,23.563699555580737,27.756965140699496
2024-02-11,25.6091514891064,23.430329848004234,27.854313854861527
2024-02-12,25.613319423128452,23.253873035917003,27.886279398387103
2024-02-13,25.641771933711276,23.45767937806308,27.910298426912387
2024-02-14,25.682924477462663,23.548461361962453,27.88016994864757
2024-02-15,25.71210762242177,23.543390993460097,27.795966471928317
2024-02-16,25.757783797716154,23.582097229742967,27.906780814263726
2024-02-17,25.804175589017717,23.52926550350878,28.056529157461213
2024-02-18,25.84858510660524,23.733920406291315,27.90611138510622
2024-02-19,25.861013088282977,23.47995415501174,28.201895606323085
2024-02-20,25.89699376560776,23.745607885517686,28.155104022650658
2024-02-21,25.944783148278933,23.662929911547977,28.14239780543256
2024-02-22,25.979569885507956,23.77827957860805,28.256347476162315
2024-02-23,26.02969554586236,23.993659319218512,28.221028239553473
2024-02-24,26.0792858791188,23.999366413625317,28.250266507416445
2024-02-25,26.125572505300283,23.855012772534835,28.360964507032563
2024-02-26,26.138513629463933,23.769483363850632,28.382068901167347
2024-02-27,26.17362976682576,23.979094037674955,28.476850911447446
2024-02-28,26.21919211032665,23.98555081928073,28.28753884201111
2024-02-29,26.250432698532293,24.043969498136665,28.415354285899117
2024-03-01,26.295763246331617,24.064706870782608,28.586801669460456
2024-03-02,26.339404244289625,24.159159530332435,28.438244623089698
2024-03-03,26.378703834330096,24.07689141449339,28.635031803886005
2024-03-04,26.383755141247082,24.199537161878123,28.502319892148115
2024-03-05,26.410228141713215,24.22473625004205,28.75820067577233
2024-03-06,26.446553813361604,24.157455576899068,28.730906110688103
2024-03-07,26.468129842555673,24.15579717637596,28.59813293628543
2024-03-08,26.50353488083239,24.297788436112384,28.62229694357877
2024-03-09,26.537153086538805,24.485268498133735,28.686864851788616
2024-03-10,26.5664885894025,24.45490104361226,28.854197651258584
2024-03-11,26.561778683251305,24.35695081754576,28.828832801383243
2024-03-12,26.57882194630265,24.207774815549943,28.7712791517817
2024-03-13,26.606159137981948,24.403664947803968,28.736106887145453
2024-03-14,26.619276242823187,24.468732931650194,28.673005925790815
2024-03-15,26.64681672626145,24.462294500185028,28.841041333904236
2024-03-16,26.67320479437252,24.414363160772417,28.990328336984753
2024-03-17,26.695959329921536,24.573517081334064,28.889288522505552
2024-03-18,26.685307322618797,24.471087426076668,28.925490576798502
2024-03-19,26.697012983362576,24.53132401995611,28.933396072556366
2024-03-20,26.719560359717033,24.357075853206105,29.025784228982026
2024-03-21,26.728358770289063,24.45536899193547,29.132576708678123
2024-03-22,26.751958050263195,24.534209712157374,28.90908047786803
2024-03-23,26.77467531001329,24.56442924140758,28.989536754123844
2024-03-24,26.793912774028176,24.774530893057726,29.026506574917022
2024-03-25,26.779775400971367,24.627230754257187,29.13814710865307
2024-03-26,26.787904349012226,24.60172328701254,29.070472548726148
2024-03-27,26.80666397310494,24.52662184199859,29.03705989221582
2024-03-28,26.811351540180386,24.593654763219078,28.983603257193646
2024-03-29,26.830416525507523,24.601703640769685,28.93659499745604
2024-03-30,26.84809106960757,24.62979662192197,29.089270246390907
2024-03-31,26.86171105046752,24.629069050860974,29.15296490091458
2024-04-01,26.84133637273562,24.526578146900743,29.005564209107476
2024-04-02,26.842586455164618,24.62694890471885,29.074225662171305
2024-04-03,26.853828538840478,24.60115355050102,29.163925616417323
2024-04-04,26.8503879586713,24.753574145256017,28.99000658154032
2024-04-05,26.860767219881513,24.7828330687949,28.959836625399532
2024-04-06,26.86927546005803,24.631871583486042,29.064257022740776
2024-04-07,26.873347775373684,24.576046817967928,29.18004810381333
2024-04-08,26.843163058652504,24.792291706479542,29.062051684339206
2024-04-09,26.83447639736889,24.64446685728136,29.134134832613963
2024-04-10,26.835803739934658,24.60920027771083,29.066841721108883
2024-04-11,26.82262807513374,24.74008739984785,28.981622859642926
2024-04-12,26.823614082514382,24.607922797605546,29.076659938321708
2024-04-13,26.823232960722247,24.517911996128376,29.09625665339837
2024-04-14,26.819077045608292,24.485252154077628,29.200498701391105
2024-04-15,26.781473001935698,24.75021038923309,28.901680162911283
2024-04-16,26.766309771991406,24.35595433661324,28.887417141374694
2024-04-17,26.76221911981965,24.44952839747764,29.143962031579782
2024-04-18,26.744778137703392,24.52228814558729,29.028654852649957
2024-04-19,26.742720782331904,24.373822164217437,29.045730333373406
2024-04-20,26.74056024195337,24.430281828904334,28.969001990100843
2024-04-21,26.73590182258363,24.203881197210197,28.77219122881161
2024-04-22,26.6990551930161,24.47748615671194,28.909210135392748
2024-04-23,26.685862205860882,24.376113960829176,28.901342087322824
2024-04-24,26.68487814421984,24.5667033262413,28.757332234859472
2024-04-25,26.67157574807738,24.45653569395661,29.13591812886011
2024-04-26,26.674559052143398,24.52525912389223,28.924046479946444
2024-04-27,26.67818877852418,24.428202644920137,28.934795990586732
2024-04-28,26.679898893715,24.40285052500227,28.82398853503739
2024-04-29,26.64981307258961,24.470310639973075,28.875359387617962
2024-04-30,26.643577173737107,24.342738290655642,28.88290611197685
2024-05-01,26.64954545021288,24.231743816487246,28.888488065125134
2024-05-02,26.64298971507808,24.49447400035107,28.869870896066864
2024-05-03,26.652318353374348,24.389766115567713,28.835333716703385
2024-05-04,26.661706782346275,24.48944538248713,28.821114085427816
2024-05-05,26.668418830354742,24.533484052892312,28.963012882791954
2024-05-06,26.64242764451038,24.352604454607818,28.806060083738984
2024-05-07,26.6392521088708,24.27033137946973,28.829539614724812
2024-05-08,26.647146388336168,24.535798334113117,28.847624322827457
2024-05-09,26.641311725325412,24.352381790859535,28.923741110338817
2024-05-10,26.650117307812128,24.37750302539511,28.89100116637969
2024-05-11,26.657731758748096,24.279206549076914,28.880072056913825
2024-05-12,26.661444688257518,24.184415500431207,28.807686508111924
2024-05-13,26.631286913111925,24.413379935549692,29.014857943587455
2024-05-14,26.62286534349652,24.349206891779442,28.790315531377935
2024-05-15,26.624550193537345,24.339943886628973,28.977055118852967
2024-05-16,26.611683706005625,24.538466611434014,29.00721298361139
2024-05-17,26.612797293329326,24.396390592510794,28.929273183226144
2024-05-18,26.61223874635367,24.270286157587567,28.808044311109995
2024-05-19,26.607489068667807,24.30759817353152,28.850370583460215
2024-05-20,26.56877766919637,24.256333306497428,28.930683518604223
2024-05-21,26.5519120494259,24.301813517599246,28.69878909007046
2024-05-22,26.54545978245966,24.342202920975566,28.96680614193111
2024-05-23,26.52495211548793,24.246208439870816,28.756449917500987
2024-05-24,26.519096235500317,24.28873285325784,28.735242829690186
2024-05-25,26.51239798009861,24.310028259050046,28.800817170735314
2024-05-26,26.502474670765608,24.30782465132951,28.921365056113352
2024-05-27,26.45966690668011,24.18216843488979,28.65393836130767
2024-05-28,26.439865543821668,24.362676552675257,28.699756416013383
2024-05-29,26.4316917255408,24.061852451772523,28.49195257461314
2024-05-30,26.4106993439489,23.92769911798381,28.52680552746396
2024-05-31,26.40558699728731,24.216870271181225,28.640477147783553
2024-06-01,26.400821227450013,23.95682127794182,28.767609678483762
2024-06-02,26.393950694377395,24.20398501048102,28.633300696491496
2024-06-03,26.355220082530714,24.159943771670555,28.547956231938095
2024-06-04,26.340399900397923,24.060457521789154,28.72728420972144
2024-06-05,26.337969956409943,23.97476339895563,28.692859034452464
2024-06-06,26.323325791256977,24.0157564554795,28.754412059634465
2024-06-07,26.324995018714723,24.02760332501777,28.699371514011908
2024-06-08,26.327265235670534,24.06011275833704,28.461196804063224
2024-06-09,26.327503027674496,24.16866557363165,28.49157841841035
2024-06-10,26.295772731616047,23.961901380062347,28.44530014081062
2024-06-11,26.28767098340958,23.852576855189245,28.665379959264932
2024-06-12,26.291514705262617,24.149417349451458,28.566724598216364
2024-06-13,26.282551691536792,24.046276717388093,28.590337582590028
2024-06-14,26.289180635480296,24.09566926500507,28.37304508374714
2024-06-15,26.295582161816196,24.129767773236846,28.654942341866214
2024-06-16,26.299040312488106,23.901382501378524,28.658345570401817
2024-06-17,26.269563086880527,23.836200473014827,28.427541190178307
2024-06-18,26.262718024368105,23.88359939175986,28.438103575148663
2024-06-19,26.266820464919014,23.954177841348827,28.4444873431678
2024-06-20,26.257143649404878,24.023293168232033,28.42518644913683
2024-06-21,26.262137525735717,24.017922018146184,28.51392931361824
2024-06-22,26.26605786993881,24.121943202524257,28.540761122083744
2024-06-23,26.266285232444712,24.08281407069222,28.469709274647503
2024-06-24,26.232942390697037,24.04181089589801,28.41079403743215
2024-06-25,26.22172639012507,23.95302599029614,28.51260580801321
2024-06-26,26.221092914932683,24.06739705489795,28.55691615102064
2024-06-27,26.20646226449772,23.92520024079693,28.60333094694595
2024-06-28,26.206433920697222,24.018528800274044,28.556499234656606
2024-06-29,26.20541143608143,23.94871360323465,28.398730914881558
2024-06-30,26.20091727210312,23.811802513328228,28.417096949404325
2024-07-01,26.163206382224075,23.983602895750916,28.446663961448614
2024-07-02,26.14809472722807,23.798758126129737,28.31758540904421
2024-07-03,26.144140558153254,23.979566628854126,28.385299333671803
2024-07-04,26.126847822729168,23.934785689704025,28.22825875567034
2024-07-05,26.124878744736012,23.73102443789229,28.294806158380037
2024-07-06,26.122677352698915,23.967312974385944,28.32488075510132
2024-07-07,26.117783614902983,24.075281252373962,28.3815683225168
2024-07-08,26.080446984080332,23.62253172269915,28.369610914186726
2024-07-09,26.066455528406202,23.658464759985513,28.328604209664253
2024-07-10,26.064318454888625,23.85638014298071,28.399188764455342
2024-07-11,26.049471334197488,23.892591195746206,28.411318488162742
2024-07-12,26.05049101362158,23.800095073978266,28.325138329363813
2024-07-13,26.05172191801417,23.785902076331606,28.446857752475974
2024-07-14,26.050593307781583,23.679869783709698,28.23522630462237
2024-07-15,26.01723620070826,23.865207820430594,28.274090513335704
2024-07-16,26.00731603202792,23.600248482126222,28.14663316450264
2024-07-17,26.00921875403348,23.709789264757,28.199233321919948
2024-07-18,25.99825958002973,23.603043238095125,28.350252855523273
2024-07-19,26.002901258705887,23.58738301366514,28.32087703394138
2024-07-20,26.007383484717252,23.79918535725049,28.293184148729
2024-07-21,26.009042929686476,23.78704318869867,28.35596400459538
2024-07-22,25.9779325271689,23.80197636820996,28.281388037785053
2024-07-23,25.96965602633079,23.671448986220017,28.329415605719838
2024-07-24,25.972555471108556,23.70659868367981,28.33594886373249
2024-07-25,25.9619207813441,23.597088089917744,28.15918646014059
2024-07-26,25.966208310450618,23.53082486830617,28.098877123804193
2024-07-27,25.9696699907133,23.54700290056204,28.280354443129127
2024-07-28,25.969672572134545,23.76349948256269,28.238482356713796
2024-07-29,25.936315625497045,23.60463437399397,28.20379218845163
2024-07-30,25.925264375545286,23.745932330132568,28.12799357735256
2024-07-31,25.924935084409068,23.651965834533762,28.34680191359028
2024-08-01,25.910702235156162,23.58587200555611,28.15216767151744
2024-08-02,25.911114471003796,23.642946297280876,28.13980144375749
2024-08-03,25.9105209872087,23.63735945750323,28.202101770425564
2024-08-04,25.906387969628682,23.545151229266086,27.983275710809917
2024-08-05,25.868913838083042,23.659470943866655,28.196530689454946
2024-08-06,25.85385944449764,23.616631004820945,28.16081803595656
2024-08-07,25.84973102407154,23.64982221102318,28.23350845285317
2024-08-08,25.83198521911489,23.540060992170986,28.03363008662202
2024-08-09,25.82924319041157,23.372852717047987,28.092747966700717
2024-08-10,25.825915560282795,23.51115469378201,28.12779338662242
2024-08-11,25.819517815006613,23.40338142857366,27.916785798008732
2024-08-12,25.780284944012287,23.42026822415752,27.920307121686527
2024-08-13,25.764001470348017,23.494852738857443,28.01776011137426
2024-08-14,25.75918466046286,23.445514473131347,28.021630087307216
2024-08-15,25.74129020859015,23.5000602083229,27.917993003641342
2024-08-16,25.73892737306585,23.34632088010642,27.93478958811968
2024-08-17,25.736485259482677,23.32879651587638,27.90995022191881
2024-08-18,25.731449819107276,23.371248390462238,28.074877522334546
2024-08-19,25.694020272896985,23.443796564519353,27.96522604465836
2024-08-20,25.67994104302184,23.19906494044921,27.937881316647328
2024-08-21,25.677686904351077,23.372062771276074,27.94977193609886
2024-08-22,25.66267057521963,23.31807050075962,27.93757676434199
2024-08-23,25.663459651052207,23.396967579482073,28.10116229715121
2024-08-24,25.6644045067359,23.25806240328673,27.899306017284683
2024-08-25,25.662956674264148,23.409859830678435,27.90018961895926
2024-08-26,25.629286353320953,23.29500900634131,27.96872394798032
2024-08-27,25.61911509509905,23.123534439321432,27.82818848824191
2024-08-28,25.620901342712596,23.28211966809182,27.964027752290946
2024-08-29,25.610048031978213,23.29685071394975,28.013798327531887
2024-08-30,25.615119154753312,23.15474977645572,27.787927532761806
2024-08-31,25.620466923619205,23.541332787109113,28.090024922681582
2024-09-01,25.623549071266634,23.388774519579854,27.999406453358887
2024-09-02,25.59454498222161,23.185441151069043,27.88992178785574
2024-09-03,25.58918674905668,23.12411118904004,27.839306256578503
2024-09-04,25.59594289853294,23.313608813113216,27.816918516839987
2024-09-05,25.59022406176112,23.294980794402655,27.94870777974402
2024-09-06,25.60059756681985,23.219451013803955,27.96685325872387
2024-09-07,25.61141267228735,23.41837728158736,28.04380609542919
2024-09-08,25.620116055482637,23.24374041812657,27.792281899128152
2024-09-09,25.596866331541467,23.206147224247278,27.942672229862705
2024-09-10,25.59736376933323,23.33688119396615,28.032165036513224
2024-09-11,25.61003301631564,23.3691932350301,28.059290885999275
2024-09-12,25.61022816349319,23.18181617206401,28.090543014146185
2024-09-13,25.626447174305437,23.462878856334438,27.97840549843985
2024-09-14,25.642957427845992,23.33315459661713,27.948162730334655
2024-09-15,25.65711200733908,23.28634234585744,27.771131538651115
2024-09-16,25.63896551140617,23.214789191685057,27.930286691129144
2024-09-17,25.644105539372976,23.422428441918793,28.125209476788577
2024-09-18,25.660837631864496,23.339184447345914,28.00748872249183
2024-09-19,25.66439295147763,23.183433008830796,27.945884311136396
2024-09-20,25.683145666516108,23.367362374347422,28.139134705531866
2024-09-21,25.701241714414802,23.381441235119105,28.089186116302702
2024-09-22,25.71591849102262,23.503591804954745,28.078269498337157
2024-09-23,25.69712414986376,23.329611918735797,28.224580292159327
2024-09-24,25.700352563186538,23.441893945919677,28.014833024790097
2024-09-25,25.713831623443003,23.525916773091115,28.04831443561904
2024-09-26,25.712734067217077,23.457447191274635,28.15116113872875
2024-09-27,25.72539768472158,23.453475908544256,28.01514308103106
2024-09-28,25.73595649755218,23.415879759106794,28.170581159129583
2024-09-29,25.741662365767244,23.42169737608431,28.277010066963772
2024-09-30,25.71250563483858,23.286950463548507,28.248734323690766
2024-10-01,25.704050814634314,23.334751156560397,27.9170080599194
2024-10-02,25.704624925381474,23.228910896365043,27.99644357021373
2024-10-03,25.689527666480497,23.42788767933032,27.944913058025776
2024-10-04,25.687250263803282,23.405918443632103,28.003032054074243
2024-10-05,25.682104589920645,23.278955961840158,28.20096482185344
2024-10-06,25.67154204937001,23.353185558063952,28.12716868062962
2024-10-07,25.625770889326564,23.295777976778652,28.16625998405179
2024-10-08,25.600587995371633,23.33722318738421,27.96380412678353
2024-10-09,25.584562890983424,22.931429363080536,27.988530035787075
2024-10-10,25.55324319438778,23.259501425517826,27.90788314780085
2024-10-11,25.53536849778067,23.202809795093497,27.85229670887768
2024-10-12,25.51549438152582,23.294445600098936,27.78038621415298
2024-10-13,25.491306179267387,23.133134433952737,27.901700484563083
2024-10-14,25.43323128051472,23.08688864761627,27.70803235557977
2024-10-15,25.397266155554103,23.199343606225618,27.71277647261249
2024-10-16,25.37215594203534,23.005195004262305,27.67479806846034
2024-10-17,25.33359595984816,22.936731002134703,27.973635971807717
2024-10-18,25.31044222141264,22.990251905547236,27.875915467531776
2024-10-19,25.287332738390376,22.93130521806241,27.507888117907996
2024-10-20,25.26199931297481,22.963827918100716,27.59158641512236
2024-10-21,25.20487865429749,22.73818909236532,27.533712909820572
2024-10-22,25.171939038997788,22.82580978944321,27.62794816698438
2024-10-23,25.151860368680342,22.898056297167773,27.507065628643154
2024-10-24,25.120236983003604,22.878837570774763,27.489107471646594
2024-10-25,25.105790266517833,22.889709080908194,27.434141303431005
2024-10-26,25.09299280085717,22.8157303753588,27.52151027025514
2024-10-27,25.079383681905476,22.62695211245988,27.38174492869598
2024-10-28,25.035183756616277,22.693423319293743,27.37833319154386
2024-10-29,25.01612689763517,22.641386837334164,27.305280695970474
2024-10-30,25.01064505521064,22.59968472405893,27.408870551107977
2024-10-31,24.994076322587954,22.628062120339244,27.302783086178156
2024-11-01,24.994882924438425,22.59505706666545,27.429760671162853
2024-11-02,24.997280748788455,22.623411036451408,27.25570327188102
2024-11-03,24.998559911869528,22.618154325054626,27.386796110087168
2024-11-04,24.96870498478129,22.511697594540774,27.19587316882227
2024-11-05,24.963230882085675,22.55461272008981,27.285902061317522
2024-11-06,24.970372044653917,22.45311488296263,27.257762993655486
2024-11-07,24.965294059464235,22.752395642646285,27.43086872263988
2024-11-08,24.97631454847854,22.525122573028565,27.335628763253435
2024-11-09,24.9875348876576,22.50995200564753,27.50453275400647
2024-11-10,24.996162205580646,22.724797238189403,27.468704636142867
2024-11-11,24.972130270944643,22.565294220628438,27.420814194503738
2024-11-12,24.97093527008015,22.39942213990317,27.292968069669325
2024-11-13,24.98082412820273,22.57309084560501,27.328299187180768
2024-11-14,24.977004558015892,22.66584951498772,27.374872624224576
2024-11-15,24.98786372686924,22.524660426730005,27.565020047123877
2024-11-16,24.997597178865412,22.551361334464623,27.413748316194518
2024-11-17,25.00352755066453,22.692710581203382,27.464534511792966
2024-11-18,24.975721790788945,22.521226398584407,27.547051200170067
2024-11-19,24.969822992356548,22.54479235899016,27.381008783719956
2024-11-20,24.974234606817117,22.45404952256323,27.32367040552075
2024-11-21,24.964326337934303,22.483765227054715,27.435034055689773
2024-11-22,24.968648721289853,22.595442494276558,27.458041292973547
2024-11-23,24.971558134997437,22.603509730405996,27.289054762688703
2024-11-24,24.97053188182841,22.397353727763523,27.250568074537075
2024-11-25,24.93578214337336,22.653789055387644,27.44460375032884
2024-11-26,24.92308499390966,22.457449154753572,27.57354190417167
2024-11-27,24.920962304176395,22.499512594184296,27.299936739272503
2024-11-28,24.904885880243842,22.598653509651403,27.351651568378756
2024-11-29,24.90349087096531,22.470847389556432,27.314150275144982
2024-11-30,24.90120019966305,22.492150936395802,27.30220023890999
2024-12-01,24.895539652001567,22.40925131926879,27.416717037832356
2024-12-02,24.856752394794796,22.479492837753213,27.38420469203934
2024-12-03,24.840629071014757,22.52980297623643,27.227278246160314
2024-12-04,24.835691243867753,22.513160553441583,27.26867167191597
2024-12-05,24.817397464878116,22.335627258269394,27.189106174913764
2024-12-06,24.814358918713555,22.332308176690738,27.060531952198907
2024-12-07,24.810966311823886,22.28341743945065,27.257122522108435
2024-12-08,24.804707543353373,22.362109924713614,27.303217073118798
2024-12-09,24.765784837685423,22.33892120447565,27.166551863304978
2024-12-10,24.74994738966458,22.3631324659163,27.054770238560664
2024-12-11,24.745677205288608,22.33853236751489,27.131339231480744
2024-12-12,24.728397329731916,22.321845231343868,27.163807165100913
2024-12-13,24.726689341931134,22.09588206396949,27.053250403680014
2024-12-14,24.72492172116352,22.4030034428039,27.14001431036527
2024-12-15,24.720568576173388,22.41220744297585,27.21404104312584
2024-12-16,24.683827383489053,22.28661143034605,27.168959310703244
2024-12-17,24.670451769386172,22.121926725813612,26.927097112126532
2024-12-18,24.668937018279895,22.13662828109382,27.020202613239057
2024-12-19,24.654727515873752,22.15701231843063,27.116135563156462
2024-12-20,24.65643303863107,22.278917911300564,27.076448813509085
2024-12-21,24.6584555420841,22.062004812101783,27.123155211894794
2024-12-22,24.65830599878258,22.308538187158668,26.97700503619958
2024-12-23,24.626220003931053,22.079711667530045,26.916673632167722
2024-12-24,24.61798826337579,21.96438382287708,27.05209813274558
2024-12-25,24.622139733088087,21.97090016499674,27.07664110249996
2024-12-26,24.614146708148652,22.20510887591126,26.992313181519595
2024-12-27,24.62263886284288,22.070100374514094,27.01642226897759
2024-12-28,24.632027981809514,22.080683294445002,27.280477362147316
2024-12-29,24.63982301496784,22.29808369530143,27.025270434449958
2024-12-30,24.61624424794222,22.16719935656798,27.066483447561204
2024-12-31,24.61705276558661,22.10641382554751,27.0353745388243
2025-01-01,24.6307330277956,22.16449916068315,27.08752725913622
2025-01-02,24.632697890997562,22.072996194475625,27.104174324159832
2025-01-03,24.651503096350208,22.25205117904166,27.109645779522783
2025-01-04,24.671472967213614,22.229198683246707,27.1599383160455
2025-01-05,24.690016934172764,22.292786912358192,27.322044929675634
2025-01-06,24.67724564803931,22.388033639320316,27.156978921513705
2025-01-07,24.688802811077665,22.280118324186052,27.036258192146768
2025-01-08,24.713050483499867,22.129597278110662,27.034256338724017
2025-01-09,24.725277123450514,22.321554722175907,27.238206673653654
2025-01-10,24.75391529547921,22.28516627621271,27.24085667617306
2025-01-11,24.783170695732778,22.151679905865915,27.095174864812236
2025-01-12,24.810342012305433,22.28253901615163,27.46859830864497
2025-01-13,24.805440278864186,22.2582116759436,27.19460355541545
2025-01-14,24.824023750136924,22.532886413698563,27.228640666665576
2025-01-15,24.854385958444173,22.46316692709361,27.374035794150352
2025-01-16,24.871766118489525,22.41581627263404,27.422837399343887
2025-01-17,24.904568734138962,22.432122621711734,27.435162437547984
2025-01-18,24.936993986521834,22.47060848670281,27.472235821342544
2025-01-19,24.966358367628327,22.504782250597202,27.337883499771493
2025-01-20,24.962714179758418,22.607254188146822,27.34804504116786
2025-01-21,24.98168390953018,22.606616520791754,27.41942956302461
2025-01-22,25.011647134491177,22.262614067475543,27.367279018908437
2025-01-23,25.0279491474601,22.529031252054168,27.546439309934893
2025-01-24,25.059118189037676,22.72705602135842,27.541562046782563
2025-01-25,25.089492922298174,22.57875222477526,27.61051218797921
2025-01-26,25.116539685124096,22.91876442199429,27.840151426937318
2025-01-27,25.11046822656076,22.62778645759557,27.559039599760123
2025-01-28,25.12706203433215,22.4990280393967,27.659452063109157
2025-01-29,25.154861019680297,22.63197237991471,27.73085307167365
2025-01-30,25.169365859437203,22.728190948089473,27.675042555517983
2025-01-31,25.199251003949502,22.615025723498043,27.559802834085843
2025-02-01,25.228988103059457,22.524579352885976,27.59702742772025
2025-02-02,25.256159500391334,22.934634809205026,27.916959017171905
2025-02-03,25.251070610342083,22.85710551211867,27.948480660944433
2025-02-04,25.269577382989123,22.64978596119277,27.6687975036085
2025-02-05,25.300266708278,22.957622854021757,27.95170672320444
2025-02-06,25.318659129146333,22.794215524062437,27.8750043525334
2025-02-07,25.3534209243544,22.763192017664366,27.83392191745127
2025-02-08,25.388987346123642,22.947352705584894,28.089335524049833
2025-02-09,25.422876675363778,22.992858258173214,28.14195118749777
2025-02-10,25.42530390052696,22.972037396767316,27.949781350394954
2025-02-11,25.45201019611732,22.81277868858898,27.841197602917337
2025-02-12,25.491446002883624,23.19158498465746,28.123301524909994
2025-02-13,25.518977011122107,23.045909050400404,28.1430033180278
2025-02-14,25.563100022550405,23.081263451158403,27.903215883864497
2025-02-15,25.608070375773842,23.119288172367312,28.053387272968937
2025-02-16,25.651220486032216,23.13262492648587,28.256956004861046
2025-02-17,25.662578184271958,23.146669537069908,28.339877053775375
2025-02-18,25.69770090506804,23.32308547486638,28.161240758307827
2025-02-19,25.744863396971688,23.42858476856658,28.264668822646723
2025-02-20,25.77926812995066,23.260933886249887,28.345727603562477
2025-02-21,25.829265253923534,23.246375107623376,28.310235748227345
2025-02-22,25.87898368072239,23.443873112935798,28.364009148593883
2025-02-23,25.925652739488115,23.440225379701943,28.48824093137944
2025-02-24,25.93922300478186,23.354248170486017,28.22005561110308
2025-02-25,25.975202278565096,23.353816969457842,28.627895925639244
2025-02-26,26.021844350662192,23.5187953724916,28.497738415134627
2025-02-27,26.054359684252947,23.472996553234843,28.638922034279958
2025-02-28,26.10113487398294,23.50287217815863,28.55342679277468
2025-03-01,26.146362464550986,23.49294670484773,28.762611070302913
2025-03-02,26.18736061684629,23.738722447926932,28.756579182805194
2025-03-03,26.194191278515785,23.704746690925507,28.768156175625414
2025-03-04,26.22249291663538,23.38684279018808,28.745405436583493
2025-03-05,26.26066553037999,23.637506617720497,28.675045546186826
2025-03-06,26.284077197649932,23.843224088176335,28.909553702844665
2025-03-07,26.321279121712926,23.654751953844315,28.892689150359544
2025-03-08,26.35663089187574,23.921271784389884,28.9378657908596
2025-03-09,26.387615575489605,23.822058476879562,28.98631608170741
2025-03-10,26.384453428735053,23.76699999088681,28.93755248725447
2025-03-11,26.40293041101094,24.00039423483445,28.932407053300057
2025-03-12,26.431579340894025,23.918069745683244,28.946850522760894
2025-03-13,26.445883057156024,23.75484480826965,28.960498739547383
2025-03-14,26.474486646712627,23.871099173490652,29.106355410097258
2025-03-15,26.501820532848008,23.85105355193545,29.14477573549659
2025-03-16,26.52541410155012,24.00812343376457,29.109889944017137
2025-03-17,26.51550869337215,23.84220634450714,29.003731388135996
2025-03-18,26.527886163874008,23.776046435070025,28.793473608734253
2025-03-19,26.551050846553096,24.075003222551267,29.205247748900963
2025-03-20,26.560434255495874,23.96745880142437,29.00868730792462
2025-03-21,26.584609541914478,24.058675254102685,29.062349934062837
2025-03-22,26.607917430100503,24.146319064915456,29.149736508626432
2025-03-23,26.627783224669294,24.125103346679854,29.20049400600404
2025-03-24,26.614333614861305,23.933941326059543,29.17523283576084
2025-03-25,26.623229364561404,24.164766115573233,29.226382808068063
2025-03-26,26.64285159810874,23.898880439302076,29.20968923197385
2025-03-27,26.648510889440136,23.971388480490162,29.170857450276625
2025-03-28,26.668666036952498,24.044251847045672,29.158313296811496
2025-03-29,26.687554119583375,24.14018477597105,29.346891282607118
2025-03-30,26.702511301486428,24.114501825135587,29.052164636279045
2025-03-31,26.6835929957434,24.061719672083747,29.257125562966408
2025-04-01,26.68640937300663,24.05520506367736,29.1659296023845
2025-04-02,26.699313837960148,24.093792123413007,29.249780238555076
2025-04-03,26.697613612113724,24.298540594680638,29.155487707681225
2025-04-04,26.709789256518036,24.29616520799919,29.18964993365735
2025-04-05,26.720124702801474,24.0665841840165,29.274895082254712
2025-04-06,26.72602725537101,24.18104787733401,29.344280183581045
2025-04-07,26.697646193450375,24.187864966149476,29.212358018857397
2025-04-08,26.690705999399576,24.001407191449843,29.297254139810235
2025-04-09,26.693691897969828,24.170513508490128,29.220619634833035
2025-04-10,26.68205692628271,23.874188080633886,29.086436380742466
2025-04-11,26.68443746661865,24.100791852865598,29.259593790460325
2025-04-12,26.68527892335647,23.935794450541664,29.424729088990077
2025-04-13,26.68215113107551,24.098755325156848,29.373564984882332
2025-04-14,26.64536225436307,24.06446696065635,29.10373785095797
2025-04-15,26.630787341556324,24.025168372382304,29.133594796295647
2025-04-16,26.62704935288942,23.948458301590534,29.44058396760475
2025-04-17,26.6097220147724,24.034868853913384,29.18040271124901
2025-04-18,26.60754155654228,24.046272920095102,29.028889523633826
2025-04-19,26.6050291240043,23.841598821484922,29.223223684724946
2025-04-20,26.59980355519662,24.085313726822427,29.20926454015702
2025-04-21,26.56219335990951,23.9038548086355,29.09280187843203
2025-04-22,26.548064126366715,24.000874955067886,29.178356431078214
2025-04-23,26.54599921508664,23.886975599491283,29.338750045861826
2025-04-24,26.531503108360052,23.962629175263757,29.2491219325406
2025-04-25,26.533214464996437,24.078044698758326,29.09194944211254
2025-04-26,26.535530644684027,23.99016850172799,29.044661556030718
2025-04-27,26.53592333490403,23.889623563196878,29.131544119421545
2025-04-28,26.50455404833739,23.603350643400585,28.900349914268443
2025-04-29,26.497105621492416,23.931840336512245,29.121032195574724
2025-04-30,26.501967465365933,23.809206422134846,29.045222896737194
2025-05-01,26.49444381388557,23.76160701537928,29.04471053430094
2025-05-02,26.502971887026696,23.84847300671522,29.242273198980307
2025-05-03,26.511751593839474,23.946441012824454,29.249015054627513
2025-05-04,26.518066266762272,24.01166957662401,29.146359558797965
2025-05-05,26.49190305510737,23.995587663089136,29.188274325227265
2025-05-06,26.48878897384465,23.96890977515045,29.154056568213154
2025-05-07,26.496980233116904,23.90224276773851,28.925357486107895
2025-05-08,26.491673981606738,23.84946768758023,29.00430012241815
2025-05-09,26.501229283931924,24.0559465540644,29.159611496890268
2025-05-10,26.509798879218977,23.91070851895746,29.182577447116703
2025-05-11,26.514651154963197,23.749903941494324,29.120903849747297
2025-05-12,26.485790929220112,23.884087333029257,29.21737256316
2025-05-13,26.4787950258087,23.81131192678793,29.0681148191883
2025-05-14,26.482000280228768,23.800794552474485,29.13508042677449
2025-05-15,26.470713145039714,24.04886157877706,28.949748799393664
2025-05-16,26.473427772855533,23.73411920253761,29.274869143878238
2025-05-17,26.474454202802594,23.988530956497513,29.068437255833974
2025-05-18,26.471236181744032,23.96253425806122,28.991081143134885
2025-05-19,26.433967326287718,23.858561324220474,29.044863754217236
2025-05-20,26.418421735830837,23.792467675659545,28.938152077911198
2025-05-21,26.413136829014135,23.968350442195163,29.011582306805042
2025-05-22,26.393617712325156,23.735682374266403,29.168454138031148
2025-05-23,26.3885501004398,23.86902013476047,28.918847084410885
2025-05-24,26.382423553071767,23.82942325468213,28.910718779939348
2025-05-25,26.3728446922219,23.733596211928,28.9895787936045
2025-05-26,26.330149228419575,23.56810491313842,28.90544689358418
2025-05-27,26.31022901542679,23.610581240946683,28.89253462151959
2025-05-28,26.301711998645974,23.5722711590663,29.11157265459871
2025-05-29,26.28016443999753,23.721223494824976,28.936462753870934
2025-05-30,26.274302492063278,23.39658593364903,28.96199797468687
2025-05-31,26.268614917288673,23.539920542780653,29.074547778452718
2025-06-01,26.2606766242238,23.43672404962412,28.974427109300002
2025-06-02,26.220761834455306,23.32223615794657,28.792544836372297
2025-06-03,26.20467306227833,23.751943988997336,28.89926007113125
2025-06-04,26.20092371362778,23.527908886458533,28.79681777084522
2025-06-05,26.18494360877991,23.473624474777196,28.913396595241146
2025-06-06,26.18529440614399,23.600278840617378,28.875052616233774
2025-06-07,26.18629661301657,23.375877567386656,28.853610728935074
2025-06-08,26.1853477340808,23.551861829853607,28.808252655659555
2025-06-09,26.15254024229693,23.485924675050644,28.801544369460732
2025-06-10,26.14349542107518,23.590453323259336,29.010685600544143
2025-06-11,26.146550750697035,23.36581733849798,28.761844146657086
2025-06-12,26.13697001328242,23.539796945634595,28.7244034953398
2025-06-13,26.143162970363537,23.36511800822883,28.683177168298155
2025-06-14,26.149316186026308,23.498103633855802,29.057650260420758
2025-06-15,26.15271444690749,23.38832959393341,28.893295383215758
2025-06-16,26.123361380285342,23.424276201987283,28.8485421703491
2025-06-17,26.116815254023084,23.504756184307222,28.851728538391985
2025-06-18,26.121377586128816,23.499269720671073,28.90426335485561
2025-06-19,26.112303714031068,23.50573748281378,28.78811504428315
2025-06-20,26.118022174905256,23.506829084480742,28.905652436723418
2025-06-21,26.12276448861413,23.514646067958143,28.7393496767293
2025-06-22,26.123884833725075,23.486143321083418,28.67129468780523
2025-06-23,26.091478276267367,23.557486090407238,29.013444314710974
2025-06-24,26.08121361078904,23.313545670642064,28.81858813713367
2025-06-25,26.08151853231828,23.380687276237783,28.654605926865507
2025-06-26,26.067786392456558,23.339547423786588,28.91539142797652
2025-06-27,26.068591503282622,23.219809929594124,28.76763839136402
2025-06-28,26.068314698885477,23.195162049009785,28.83191032302551
2025-06-29,26.064458765718967,23.26147291554447,28.857811207308952
2025-06-30,26.027262521168957,23.147538482627997,28.71157882300431
2025-07-01,26.012529715217234,23.29051974146319,28.75379585114517
2025-07-02,26.008810581484163,23.414959725725808,28.74022262285027
2025-07-03,25.991605387924857,23.117789797354643,28.761446396091557
2025-07-04,25.989577034631132,23.429651127466375,28.61807591649313
2025-07-05,25.98717447683019,23.449199119141593,28.831499550970143
2025-07-06,25.981946635289173,23.26234048127334,28.867108477100384
2025-07-07,25.94415560604633,23.347676572889327,28.688254403458952
2025-07-08,25.929605357713665,23.243480338928617,28.670615122276818
2025-07-09,25.926823736714578,23.045909210950704,28.66931679733969
2025-07-10,25.911267105974197,23.38169600137792,28.75175499231361
2025-07-11,25.911534621922485,23.11173362391716,28.659223331540847
2025-07-12,25.91199386896508,23.097396900575067,28.543894714505413
2025-07-13,25.910097440319795,23.00762086905852,28.66229807082435
2025-07-14,25.875999191804972,23.086117896159628,28.60209671272503
2025-07-15,25.86538626215448,23.230722381063828,28.5218233249632
2025-07-16,25.866664579122844,23.06708228029616,28.44528633805551
2025-07-17,25.855167072457355,22.885119504866207,28.606507415623412
2025-07-18,25.859371493924236,23.113829189499473,28.536881500011457
2025-07-19,25.863529461744914,22.87870388829355,28.59047625992212
2025-07-20,25.864986222370913,23.09728479269766,28.75181867857967
2025-07-21,25.833799768797892,22.924101354123373,28.523874635283626
2025-07-22,25.825575332643222,23.17322391842045,28.624924490112555
2025-07-23,25.82865290602905,23.1093320162078,28.786212744362278
2025-07-24,25.81831696591947,22.88733620100013,28.49094209377448
2025-07-25,25.82301526866141,22.997917991143233,28.63164724007479
2025-07-26,25.826988316342295,23.184851673724122,28.43045665121795
2025-07-27,25.82758898902075,22.952817645322735,28.680257243104784
2025-07-28,25.79490099970463,23.139912296532895,28.77053329735595
2025-07-29,25.784572222686528,23.149169475956896,28.62618335178714
2025-07-30,25.785000599082,23.006572249615285,28.495932966934546
2025-07-31,25.771541852711593,22.907123293649075,28.585951013793803
2025-08-01,25.77272595518249,23.031191456169594,28.78854660196044
2025-08-02,25.772884021100445,22.851295064398577,28.536317456761157
2025-08-03,25.76946521240881,23.098480502115017,28.613166992901803
2025-08-04,25.732652396529428,22.970364510894118,28.45149103117935
2025-08-05,25.718192696790336,22.868517159225895,28.48850153673458
2025-08-06,25.71458072416161,23.049083351017625,28.619688522550526
2025-08-07,25.697263803281718,22.797118867959338,28.48458642942513
2025-08-08,25.69485620368577,22.833724370373034,28.614214453666488
2025-08-09,25.691764119281423,22.836598506684165,28.31641796661866
2025-08-10,25.685501025402917,22.908389478275527,28.537027019990234
2025-08-11,25.646302195259484,22.944488008567458,28.52993318853155
2025-08-12,25.629954537199485,22.792442242425413,28.37189376458629
2025-08-13,25.624979550034183,22.76690159585717,28.379388826347107
2025-08-14,25.606838702849558,22.853822917354726,28.377974092241832
2025-08-15,25.604148229323577,22.703186369629613,28.340099413437517
2025-08-16,25.60130504524259,22.77126779251379,28.41899980938492
2025-08-17,25.595803372060104,22.94285380469303,28.679081791026462
2025-08-18,25.557850791386635,22.79823220243399,28.141636573049787
2025-08-19,25.54319982650256,22.92237451994956,28.20562447615676
2025-08-20,25.5403327766909,22.853359330773092,28.39413370954903
2025-08-21,25.5246690357436,22.87089500389957,28.366586730086155
2025-08-22,25.524781808537014,22.68046907553325,28.31809068956749
2025-08-23,25.525025859820577,22.822664737347814,28.238590198304646
2025-08-24,25.52285580763564,22.548206423008104,28.531837852645527
2025-08-25,25.48844362236164,22.53113298085016,28.35190959437676
2025-08-26,25.477511372322688,22.582447307022385,28.168846415802005
2025-08-27,25.478516897221578,22.809779230552987,28.277108457633023
2025-08-28,25.46686160841586,22.495822518026888,28.432243206709646
2025-08-29,25.471107310924086,22.576909013168606,28.333312355372414
2025-08-30,25.475603676350943,22.49021032843762,28.449735428532193
2025-08-31,25.477805888485534,22.712770431961488,28.319836525605698
2025-09-01,25.447891145979636,22.591978868781204,28.30321682200037
2025-09-02,25.441590099823337,22.66834624192955,28.281193094657176
2025-09-03,25.447370955907342,22.58318953715556,28.128909313839824
2025-09-04,25.440645501385834,22.471889677496634,28.20996773262421
2025-09-05,25.449984018192993,22.571720335238172,28.261691900283868
2025-09-06,25.45974078789208,22.545109693547996,28.371017365558004
2025-09-07,25.4673697886738,22.62793562507839,28.511519402902447
2025-09-08,25.443039349406995,22.587920138019644,28.44443016843812
2025-09-09,25.442461917691155,22.689166122966466,28.456523876819244
2025-09-10,25.454076747462,22.51388320783294,28.629099132212545
2025-09-11,25.453254833552627,22.654120303099038,28.27503614883716
2025-09-12,25.46851311624108,22.632731483475997,28.548568838364126
2025-09-13,25.484139708455377,22.772546509496674,28.328551819454372
2025-09-14,25.49750978190009,22.528565239507333,28.307425092621628
2025-09-15,25.47870089794892,22.641291914580048,28.439106985417915
2025-09-16,25.483323945647133,22.53936688493109,28.31738942370577
2025-09-17,25.499707481678122,22.59348192318795,28.36182791974794
2025-09-18,25.503104772832366,22.67448787955399,28.54608877072306
2025-09-19,25.521910521436734,22.70921260626036,28.415623971840123
2025-09-20,25.54028896906512,22.76235353234734,28.6117233648422
2025-09-21,25.555492944084655,22.771346682655977,28.336326030190584
2025-09-22,25.53748255666628,22.76581610173853,28.32238358590005
2025-09-23,25.54175961211949,22.600786149384913,28.565964796655
2025-09-24,25.556555439209973,22.669174795892477,28.37725340893211
2025-09-25,25.55704133190777,22.570499748419955,28.509445658754373
2025-09-26,25.571548482008335,22.761227459845088,28.565049620744688
2025-09-27,25.584198997066675,22.69685981912625,28.22998529355374
2025-09-28,25.592227473503556,22.732493273353864,28.557551663957902
2025-09-29,25.565601740937275,22.54843223081968,28.40785784221464
2025-09-30,25.559858771908438,22.571671056634496,28.265938606014007
2025-10-01,25.563293390320872,22.471225919531975,28.294306487483734
2025-10-02,25.551168929195484,22.704422505047507,28.299368256365828
2025-10-03,25.551936684521337,22.65718117959216,28.413537474848432
2025-10-04,25.54986574741682,22.72335249640216,28.4339236905774
2025-10-05,25.542362691379818,22.49411426076106,28.50309883772156
2025-10-06,25.49958975692816,22.612322083981237,28.484226015719546
2025-10-07,25.477297572998427,22.379538640227082,28.379636925162774
2025-10-08,25.4640101116618,22.33214862456935,28.38689688979151
2025-10-09,25.435231106564842,22.47521106868344,28.373455002699014
2025-10-10,25.41965887634336,22.517732909446938,28.37191921100278
2025-10-11,25.401811241950746,22.63252058738953,28.225054702704824
2025-10-12,25.379340130923733,22.40685272057467,28.367645464061102
2025-10-13,25.322644633603005,22.250624603116155,28.060426544645466
2025-10-14,25.287698676596463,22.29707262678037,28.169821563164568
2025-10-15,25.2632311357813,22.400036714201253,28.32844349636043
2025-10-16,25.22492774140413,22.463398946141837,28.14954719386825
2025-10-17,25.201641831738918,22.031928330724593,28.26629694376347
2025-10-18,25.178015749354568,22.396545153096525,28.24818025035369
2025-10-19,25.151792565090705,22.20938303241455,28.129956331862868
2025-10-20,25.093426971237072,21.991088888661363,28.083645163386638
2025-10-21,25.05891156790689,22.000151873981395,28.043348062729834
2025-10-22,25.036956404158442,22.218118365916624,28.473843277716416
2025-10-23,25.003191145068644,22.02736989616036,27.866831107752738
2025-10-24,24.986376918669215,21.952876357722143,27.904191177734365
2025-10-25,24.971029613030538,21.895314638916364,27.86025114227971
2025-10-26,24.95473426419006,21.902237953043027,27.876053490759745
2025-10-27,24.90775931251609,22.023671323658025,27.97865969678671
2025-10-28,24.885886869775874,22.122267859847486,27.603850412407105
2025-10-29,24.87759676108324,22.132563570381528,27.819914709410245
2025-10-30,24.85827360250522,21.951559262716305,27.848085502907097
2025-10-31,24.856423847717316,21.821346306136356,27.810758659691448
2025-11-01,24.856304446609645,21.82682594348719,27.830404389540288
2025-11-02,24.855242625719818,21.91538445686256,27.775548963558535
2025-11-03,24.823255437316874,21.62852081388081,27.672911270337497
2025-11-04,24.815885092197107,21.739919530204418,27.910706832482173
2025-11-05,24.821387720091916,22.083388337267277,27.728911227240634
2025-11-06,24.81494470831399,21.84976765090533,27.804831438950718
2025-11-07,24.824883454872257,21.783147067861297,27.7692715483485
2025-11-08,24.835309097316745,21.898519165821394,27.74453289189147
2025-11-09,24.843426663122386,21.898703184992772,27.862469165286566
2025-11-10,24.819162243515333,21.83142909876951,27.693871955912137
2025-11-11,24.817999181048332,21.716235299517614,27.9549320271327
2025-11-12,24.828166910689443,21.742972699490437,27.69356700917813
2025-11-13,24.824851621408115,21.763584487308453,27.707862848245863
2025-11-14,24.83641561063845,21.93604592209265,27.55743370497763
2025-11-15,24.847026947571855,21.873491771108135,27.90111099990104
2025-11-16,24.853978962561406,21.76875686835019,27.954108722961468
2025-11-17,24.827308250575403,21.810312374303194,27.852304549753423
2025-11-18,24.822627276993362,21.784517383750913,27.873098078696152
2025-11-19,24.828309332527066,21.924036511641415,27.898216454808722
2025-11-20,24.819695117147305,21.886318571493423,27.915802356239404
2025-11-21,24.825307940890962,21.970247140936497,27.909412957981658
2025-11-22,24.829479272271172,21.780688390033454,28.083708355033185
2025-11-23,24.829664262356125,21.798434875112445,27.803560757133962
2025-11-24,24.79605603614065,21.897470484859802,27.660475946221702
2025-11-25,24.784414933227197,21.88839253327061,27.869988303414942
2025-11-26,24.783250525820453,21.88903352972455,27.795687723049152
2025-11-27,24.768025760484832,21.841880693203343,27.842732385749155
2025-11-28,24.767370261776456,21.65760055135199,27.651064405616285
2025-11-29,24.76570456118566,21.62217292189306,27.798225247989286
2025-11-30,24.76055489399938,21.867620238575448,27.825107671518264
2025-12-01,24.722167351978236,21.748544362952426,27.64388169046606
2025-12-02,24.706337552312544,21.66573250796079,27.90259827802365
2025-12-03,24.70159361245772,21.758760850080584,27.72503193195849
2025-12-04,24.683401723521726,21.899447253101968,27.677032670357875
2025-12-05,24.68038129308825,21.676605973717283,27.68058244630221
2025-12-06,24.676931342539472,21.684451880656866,27.846980318485723
2025-12-07,24.67054771460042,21.706951977827313,27.738025383493394
2025-12-08,24.631439786454774,21.621675140079727,27.829785912827745
2025-12-09,24.615362753694622,21.64223729102327,27.691156233992444
2025-12-10,24.610803179906004,21.610437013509255,27.626667478231326
2025-12-11,24.593187013180827,21.516625963825,27.767938392433955
2025-12-12,24.591096955354892,21.470509844465976,27.8010861109651
2025-12-13,24.58890079291327,21.604676319804277,27.63333679744426
2025-12-14,24.584070180485398,21.617988431099878,27.837657551176207
2025-12-15,24.546798520787604,21.506481081773916,27.663381125493316
2025-12-16,24.53283396965131,21.29412874025148,27.922748691281576
2025-12-17,24.53066524025921,21.708020749367748,27.61131598538328
2025-12-18,24.51572940371124,21.49211084233601,27.703982778923354
2025-12-19,24.516628584104097,21.569696335745984,27.574354691034426
2025-12-20,24.51775718552147,21.472782437412224,27.5839015711898
2025-12-21,24.51661918538298,21.467554348362853,27.648499757334356
2025-12-22,24.48344419513948,21.457749752627723,27.479458021261735
2025-12-23,24.47401838577922,21.405418765146592,27.567728466675348
2025-12-24,24.4768680305074,21.58767111225788,27.551041682140525
2025-12-25,24.467464946808892,21.539422240127948,27.501593908163176
2025-12-26,24.474440825199515,21.169388259611868,27.396635437942788
2025-12-27,24.482212172293274,21.219655913000157,27.60327685339661
2025-12-28,24.488295490993757,21.454590768839626,27.4961568647839
2025-12-29,24.462921482359473,21.2921551615265,27.366467941961506
2025-12-30,24.46186444258556,21.486898758194005,27.551177176633278
2025-12-31,24.473624673304435,21.239751096273114,27.72131009581647
2026-01-01,24.473633240863336,21.520820762518728,27.845297242844843
2026-01-02,24.4904661110764,21.38341273938265,27.49358703156453
2026-01-03,24.508469410583476,21.475972365456506,27.665990894040387
2026-01-04,24.525075444497105,21.474376974166017,27.624259791739025
2026-01-05,24.510418244705807,21.26856909265946,27.548483229134888
2026-01-06,24.520164795141962,21.326274801134492,27.603123678447893
2026-01-07,24.54269970877897,21.172038043103388,27.824061061693467
2026-01-08,24.553332633418286,21.262780392221995,27.55710688333535
2026-01-09,24.580515340663915,21.46068831807376,27.721735118541908
2026-01-10,24.60847016567783,21.51836185051424,28.031359289208925
2026-01-11,24.634509334880423,21.483988577415914,27.78908090176552
2026-01-12,24.628653857227548,21.431867998449153,27.87484540231651
2026-01-13,24.64646802338783,21.464570551054823,27.832177222617467
2026-01-14,24.676247185468355,21.513751249574707,27.678721402105392
2026-01-15,24.693227995245792,21.451520788411713,27.850632081807273
2026-01-16,24.72580796230045,21.537580289503456,28.029909212441613
2026-01-17,24.75817591568727,21.61512117769723,28.050002000442117
2026-01-18,24.78763283408944,21.771547693873117,28.04479723127703
2026-01-19,24.78421166196915,21.66934004619057,27.86186307000007
2026-01-20,24.80351211400676,21.91209207755904,28.05932610144476
2026-01-21,24.83388811602017,21.66662197542106,27.978755958841486
2026-01-22,24.8506570544508,21.698512765236753,28.064305532699972
2026-01-23,24.882317708963697,21.736529433207263,27.99346381947383
2026-01-24,24.913178483861966,21.714730741186642,28.291405361368092
2026-01-25,24.940675453553357,21.824653215947393,28.199965474332878
2026-01-26,24.934988906875997,21.926919725559117,28.091272434447248
2026-01-27,24.95187447511439,21.787336151365572,28.344100064553807
2026-01-28,24.97984658746793,21.868724895784204,28.098091320855186
2026-01-29,24.994383532030245,21.744489710494953,28.460621237754843
2026-01-30,25.024141110240283,21.9545437035084,28.18743920412668
2026-01-31,25.053576618150426,21.868885615664723,28.41754464055234
2026-02-01,25.080262788261496,21.994991731707557,28.522790264672114
2026-02-02,25.074500492687587,21.91608458010044,28.279203386848994
2026-02-03,25.09214640250082,21.803099620269823,28.324163835234668
2026-02-04,25.12179344786665,21.786172918624313,28.404250388262845
2026-02-05,25.138973445699026,21.909820902734733,28.269195574408357
2026-02-06,25.17236895662889,21.88459682321086,28.456725816534227
2026-02-07,25.206436161355374,22.28144134483862,28.503354124406332
2026-02-08,25.238718427966287,21.92225093378283,28.29449187117776
2026-02-09,25.239459388687326,22.16935993599727,28.32288924258847
2026-02-10,25.264431717788725,22.129214979255902,28.408030575555912
2026-02-11,25.302119431243153,22.072019751747174,28.487879723182346
2026-02-12,25.327923030470405,22.24573796083492,28.546098302024284
2026-02-13,25.370374488307554,22.13579458633529,28.44039768665875
2026-02-14,25.413763786037162,22.162241092886863,28.518417034153583
2026-02-15,25.455456576428972,22.189646823719553,28.811843683742133
2026-02-16,25.46551168188818,22.545471659075492,28.522540919172954
2026-02-17,25.499514500359464,22.487267262806725,28.625133668718995
2026-02-18,25.545764014127165,22.3706715723938,28.803198524315533
2026-02-19,25.57948259554092,22.363093974409487,28.951284632362416
2026-02-20,25.629035480283022,22.483479032267994,28.780614730105547
2026-02-21,25.678561493890463,22.480633434347087,29.113272060947065
2026-02-22,25.725294491294104,22.450327343979644,28.822004615259438
2026-02-23,25.73918411449749,22.569523335588705,28.900425494098485
2026-02-24,25.775731851298875,22.284907813039943,29.066016805207934
2026-02-25,25.823180017272605,22.774577470557432,29.17636396738845
2026-02-26,25.85672280106552,22.55887968194325,29.141783981698214
2026-02-27,25.904726210189565,22.822045319369053,29.216878921474276
2026-02-28,25.951358491139008,22.791147597594758,29.288446816053057
2026-03-01,25.99391049364595,22.751393605506852,29.112205318848794
2026-03-02,26.00241461595039,23.04114245889254,29.196530259748663
2026-03-03,26.03247836658316,22.842610298726832,29.502542238100784
2026-03-04,26.07247023684631,23.074199076047915,29.45236081855355
2026-03-05,26.09772711337137,22.893036429537887,29.557429592163217
2026-03-06,26.13677017208462,22.765411014351407,29.592491130689936
2026-03-07,26.173930943418114,23.05349411486568,29.495558322203745
2026-03-08,26.206667143149396,22.902894963869652,29.333768386264634
2026-03-09,26.205177035300217,23.10933217003152,29.499696574861563
2026-03-10,26.225228493434038,22.97769739708953,29.403164894247677
2026-03-11,26.255340582883463,23.06887905082901,29.977395482307287
2026-03-12,26.27098701546909,23.149458343680823,29.609067944130636
2026-03-13,26.300808530510047,23.078271043209117,29.672769284871514
2026-03-14,26.329235991489448,23.177445562694018,29.729081015403295
2026-03-15,26.35380387644126,23.008610744853144,29.694833789984052
2026-03-16,26.34476299390982,23.011907718054204,29.576342113533446
2026-03-17,26.35790863606426,23.15734271969653,29.65841711525607
2026-03-18,26.381762015241556,22.998179255366047,29.709757064363938
2026-03-19,26.391774337008528,23.211167922831848,29.7012100257231
2026-03-20,26.41654054279426,23.072204572769177,29.846517118562534
2026-03-21,26.44042446900593,23.44417699321577,29.78872559018792
2026-03-22,26.46087503774822,23.17789554657443,29.790768419660576
2026-03-23,26.44804222936048,23.056144424335685,29.77457575250671
2026-03-24,26.457608950368076,23.31440794262604,29.84072835231429
2026-03-25,26.47797653162022,23.15220095209792,29.811362789295522
2026-03-26,26.484473087897875,23.21059958313715,29.681048583154816
2026-03-27,26.50557164347367,23.228103361739155,30.00112258525188
2026-03-28,26.52551963891821,23.186777838778603,29.993159489869324
2026-03-29,26.54165930344892,23.211606438263452,29.90953340279124
2026-03-30,26.524047516800994,23.291881283413197,29.658502004782147
2026-03-31,26.528291156275237,23.300260884038334,29.85175295475665
2026-04-01,26.54273555752572,23.17032881749864,29.958008956346873
2026-04-02,26.542675229031882,23.45166454674348,30.049453245571854
2026-04-03,26.55657365095404,23.144829567226935,29.927356882133736
2026-04-04,26.568693719650476,23.397659002441955,30.10983021816442
2026-04-05,26.57641828952055,23.246210599700635,30.18406539713436
2026-04-06,26.5498694259371,23.325397195434356,29.842755698837614
2026-04-07,26.54474237747626,23.20242135171334,29.95186704013272
2026-04-08,26.549491931058068,23.500041415443036,29.928267336684048
2026-04-09,26.539540346540882,23.27995057448033,29.88378004864178
2026-04-10,26.543493778058703,23.20686932772158,29.866087755544427
2026-04-11,26.545768837814173,23.262276314515226,29.84279804251266
2026-04-12,26.543908863605825,23.234849073021596,30.105132867489388
2026-04-13,26.508198625537727,23.192940392611437,29.927830073256228
2026-04-14,26.494493610408394,22.940374693325165,29.795031269728142
2026-04-15,26.49140168256165,23.22514939739986,29.77191040148537
2026-04-16,26.474486453919365,23.21182862376449,29.929085941441016
2026-04-17,26.472479403754086,23.21908811675561,29.90035663263912
2026-04-18,26.46990253043729,23.04790094993947,30.008000282503655
2026-04-19,26.464381212561342,23.203792021272687,29.863010333049733
2026-04-20,26.426256117227926,23.3953810398982,29.920243306238476
2026-04-21,26.41141037959094,22.941287708420155,29.763533315228756
2026-04-22,26.408449918762535,23.159760247674136,29.908718449520126
2026-04-23,26.39290626789263,23.072629074769353,29.98604414558998
2026-04-24,26.393448981478816,22.89040040929332,29.781225197576187
2026-04-25,26.394509401319993,23.25678450699622,29.957457286307047
2026-04-26,26.393595434310996,23.193395097797065,29.761297395628123
2026-04-27,26.360906132903743,23.00077426578582,29.61349905520862
2026-04-28,26.35216223383609,23.04325587725032,29.85485956106683
2026-04-29,26.355790432109906,22.947786269063144,29.613687260359775
2026-04-30,26.347130662688837,23.055081559685476,29.807571709271805
2026-05-01,26.354653333346064,22.820634664357172,29.773633077011045
2026-05-02,26.362588159495488,22.865490773573413,29.9589455148877
2026-05-03,26.368244116323222,22.936765478171637,29.997988729836337
2026-05-04,26.34162915772153,23.059993689393654,29.734289463525513
2026-05-05,26.33828571682479,22.96371165711428,30.00704504100587
2026-05-06,26.346479628801383,22.80991886000836,29.874796049857995
2026-05-07,26.34141162034528,23.00671667933111,29.82961575399538
2026-05-08,26.35143819316964,22.86554459641942,29.892135349423295
2026-05-09,26.36070345136806,23.01804783516922,29.994962855554412
2026-05-10,26.36646130498958,23.066736611784503,29.861031342262855
2026-05-11,26.338696636683487,22.838459559457643,29.60741370948539
2026-05-12,26.332961405648273,22.837020448230135,29.84577165914114
2026-05-13,26.337563312190166,22.829201580168814,29.878353798031196
2026-05-14,26.327776173681304,22.916278960575166,29.689142817778148
2026-05-15,26.332058869076743,23.013399217855063,29.741320278971077
2026-05-16,26.334684454376628,23.12599235479761,29.508650214682703
2026-05-17,26.333058955082034,22.768338665587365,29.80857499135178
2026-05-18,26.29733851530757,22.87339588596069,29.961979805553437
2026-05-19,26.28326098709633,22.969324944315822,29.856853815409004
2026-05-20,26.27932970598091,22.65347262245346,30.073631970661474
2026-05-21,26.26101873632167,22.80536072205915,29.870663808209233
2026-05-22,26.256986582606658,22.711236147209725,29.784249830785466
2026-05-23,26.25170011054001,22.619515959471418,29.7102772694386
2026-05-24,26.242748323887273,22.90096309570341,29.77502810966184
2026-05-25,26.200454811260727,22.827296778622035,29.814157638696027
2026-05-26,26.180705071801984,22.848024658194344,29.32680264562489
2026-05-27,26.1721265786529,22.632709348338377,29.666147367302322
2026-05-28,26.150290960961172,22.601451800604412,29.562045541516337
2026-05-29,26.143925379543663,22.915291591043417,29.70555616538619
2026-05-30,26.137534898603004,22.64272856712728,29.56005645073973
2026-05-31,26.128715536126506,22.789090861688138,29.58650801870569
2026-06-01,26.087766821009584,22.383681875268525,29.78206759108262
2026-06-02,26.07052005664893,22.586574228419323,29.714284292146935
2026-06-03,26.065520118011985,22.831763006973382,29.87111512723043
2026-06-04,26.04823010938446,22.70178800720363,29.545203629521712
2026-06-05,26.047245884356506,22.55599709094579,29.673893192957426
2026-06-06,26.046922139022936,22.627324401503262,29.952388992935695
2026-06-07,26.044689654437185,22.789260839892364,29.660465513413094
2026-06-08,26.01067239766762,22.63027465361675,29.50052055444245
2026-06-09,26.000520553809054,22.78127036231496,29.64246244189075
2026-06-10,26.002597183487197,22.595704593468856,29.578301251832155
2026-06-11,25.992187699250387,22.556548520770082,29.615196070672297
2026-06-12,25.997719031013894,22.562229451139316,29.373201326598696
2026-06-13,26.003390066208816,22.79072983086726,29.565508767028525
2026-06-14,26.00649282487203,22.316017051071192,29.452719051384122
2026-06-15,25.97703297591263,22.321679895558297,29.574677362305565
2026-06-16,25.97056567924991,22.53906371239922,29.519047893802362
2026-06-17,25.97538437848531,22.479719888619563,29.350145725526527
2026-06-18,25.96673168719241,22.61450692414971,29.593156498308144
2026-06-19,25.973019209473854,22.338246457574936,29.441603753027692
2026-06-20,25.97845787233253,22.281827601500883,29.74751383455694
2026-06-21,25.980378243411685,22.486227967494372,29.331488032092416
2026-06-22,25.948849474472752,22.534726491800015,29.551314904330173
2026-06-23,25.93951290907436,22.60546887955966,29.513979820173528
2026-06-24,25.94076805077276,22.36759530199816,29.653263849577662
2026-06-25,25.92798012225274,22.317770570449266,29.824557492333508
2026-06-26,25.929696156371097,22.331281938695245,29.729401336016764
2026-06-27,25.930271307001295,22.47255900456529,29.389878800648475
2026-06-28,25.9271849703316,22.221686489773894,29.757773475898528
2026-06-29,25.890655477420946,22.344364365467854,29.318254253297436
2026-06-30,25.876469516779576,22.463429209983712,29.49380331415266
2026-07-01,25.873164100029776,22.620458005254648,29.476580301029664
2026-07-02,25.85623041093871,22.189949618278998,29.520541865839906
2026-07-03,25.854326578770014,22.64811128074932,29.190218172863563
2026-07-04,25.85190115116343,22.196882358273978,29.456583308566685
2026-07-05,25.846506929524274,22.100843389880005,29.445579555803423
2026-07-06,25.808413983195805,22.461275841351053,29.50305060881887
2026-07-07,25.79343803841702,21.945680974849505,29.474583882502234
2026-07-08,25.79012207330929,22.166295046790857,29.45586844055146
2026-07-09,25.77394045806266,22.432993121390556,29.431153517196822
2026-07-10,25.773512661150242,22.00397443684311,29.544012932624405
2026-07-11,25.773228258524192,22.24212098158522,29.280537142292374
2026-07-12,25.77056285375855,22.32943560342702,29.532506607140345
2026-07-13,25.735693655487164,22.108839851036198,29.534453139994138
2026-07-14,25.724330825572455,22.3302780562667,29.354746818239192
2026-07-15,25.724902336643023,22.220410784102576,29.466873881923824
2026-07-16,25.712761578398403,22.314985248657383,29.305960541573473
2026-07-17,25.71640462960914,22.18364173890884,29.59814901572261
2026-07-18,25.720098827858287,21.992333872640334,29.502229516940712
2026-07-19,25.721202142187778,22.20213154978005,29.572225994255092
2026-07-20,25.68978199730401,22.23920632322938,29.169599326541782
2026-07-21,25.681449573002414,22.055161252840296,29.328990198615223
2026-07-22,25.684547238131206,22.09452818762975,29.62732676774323
2026-07-23,25.67435829181194,21.931314711502456,29.242349653096596
2026-07-24,25.67932587658911,22.13710987436779,29.37631293549184
2026-07-25,25.683682659034538,22.277117677800742,29.491370718458107
2026-07-26,25.68477076301507,22.22386413110733,29.651437926780208
2026-07-27,25.65266060119886,22.056302216239228,29.214033852286576
2026-07-28,25.64298464205741,21.958532523916702,29.41967937271091
2026-07-29,25.644123801244195,21.82167790342814,29.358021803430212
2026-07-30,25.631415674411695,22.029382459400214,29.280988575870186
2026-07-31,25.633371533644276,21.8677090141683,29.342759743491893
2026-08-01,25.634303751694766,21.948037151914768,29.406423821029872
2026-08-02,25.631643216739228,22.19319535993811,29.43916933718505
2026-08-03,25.595555467010236,22.238996845888817,29.390556893924753
2026-08-04,25.58177166991533,22.13059985034591,29.33098923566154
2026-08-05,25.57877222263802,21.94045826845603,29.318110508164523
2026-08-06,25.561992277389553,22.028421476772465,29.255717678746368
2026-08-07,25.5600361949,22.08657619863601,29.57796221013431
2026-08-08,25.55730266455613,21.789550247105094,29.53352893562066
2026-08-09,25.551300118683027,21.912793182968667,29.305698934942555
2026-08-10,25.5122612237634,21.76192252342503,29.09135782505127
2026-08-11,25.49597261374576,21.98635103069272,29.25380896012803
2026-08-12,25.490957669000952,21.724127345948492,29.1988153670278
2026-08-13,25.472681656014355,22.041349667489182,29.363022962558436
2026-08-14,25.469766228523227,21.955956520302777,29.224600797225257
2026-08-15,25.466615011131946,21.783998398892226,29.1477842398984
2026-08-16,25.46072986180698,21.918046103125377,29.06924168177533
2026-08-17,25.422326552445938,21.834395076619106,29.116263093454194
2026-08-18,25.407165978177574,21.587703100855386,29.342864238553044
2026-08-19,25.403738635514763,21.80295852146944,29.578675485081565
2026-08-20,25.387471614306403,21.65169370820114,29.29191050715924
2026-08-21,25.386945029788127,21.843428141992813,29.158094190341036
2026-08-22,25.386519539659723,21.78202692273499,29.25638771484895
2026-08-23,25.38365446740473,21.645798164658625,28.928794542651563
2026-08-24,25.348525199357162,21.641879487296922,29.340574210943675
2026-08-25,25.336855900431406,21.522418238316675,29.039872204304903
2026-08-26,25.337105231103234,21.985601709789737,28.924431504485757
2026-08-27,25.324674263242645,21.65655111284606,29.127162558034094
2026-08-28,25.328123485585113,21.65219144505054,29.09753913537552
2026-08-29,25.33180052134605,21.576401687577032,29.123540071105648
2026-08-30,25.33315807068307,21.81611228932493,29.296476113948327
2026-08-31,25.30237075127834,21.54284708717241,29.102211697348746
2026-09-01,25.29516690189486,21.697579105157377,29.017248917549992
2026-09-02,25.30001306502648,21.684091066846943,29.173724509577866
2026-09-03,25.292320392333465,21.637490249286262,29.20773174854197
2026-09-04,25.300659920849643,21.652166846030116,29.153480308844976
2026-09-05,25.30938840893471,21.26798873676568,29.45977877468174
2026-09-06,25.31596431826031,21.611245915551468,29.17447347867589
2026-09-07,25.290562693386683,21.569613913956633,29.26556147910826
2026-09-08,25.288905084175056,21.719933723866372,29.154461365611567
2026-09-09,25.299442306955935,21.738837007317954,29.168487150472643
2026-09-10,25.297559364652834,21.555612249239367,29.382400813946408
2026-09-11,25.31178954441216,21.472673931840557,28.925224223614922
2026-09-12,25.3264394438609,21.807101924410883,29.109813465447594
2026-09-13,25.338904563756564,21.560511637763916,29.1905341162838
2026-09-14,25.319284257447993,21.479145656745672,29.24967903161525
2026-09-15,25.32321220707454,21.493959469066382,29.323973966087866
2026-09-16,25.339040231777265,21.582034478775036,29.233600103668696
2026-09-17,25.342044741471017,21.713287345203142,29.366723056167537
2026-09-18,25.360642831885432,21.836656405074482,29.30760829492091
2026-09-19,25.37901973328125,21.856857971878366,29.023347732800097
2026-09-20,25.394447196835106,21.258567761280432,29.476189218258252
2026-09-21,25.3769015415852,21.769453515288397,29.042332090736824
2026-09-22,25.381897452330417,21.59745650051691,29.536718805224176
2026-09-23,25.39767524435983,21.501243751716444,29.551098561165077
2026-09-24,25.39941081179012,21.588987707148828,29.32582523270077
2026-09-25,25.41543515382746,21.57758396920808,29.48831993346419
2026-09-26,25.429865088290196,21.60679457978775,29.460733821973736
2026-09-27,25.43992463468537,21.747372741972203,29.407754062816217
2026-09-28,25.415565692456386,21.879184708259707,29.395548686847395
2026-09-29,25.412304014922114,21.75599652795949,29.17542122386259
2026-09-30,25.418408115128866,21.502333025978494,29.22791873088336
2026-10-01,25.409110253500746,21.6306252859287,29.467550435439417
2026-10-02,25.412826349707437,21.542338707356265,29.327881940728297
2026-10-03,25.413786392993494,21.66400528123028,29.418618196235716
2026-10-04,25.409354816339597,21.75490260224768,29.30799616632535
2026-10-05,25.369649462166112,21.54634697804879,29.2519216832248
2026-10-06,25.350375161531392,21.7059621777246,29.314497136795396
2026-10-07,25.34000960357231,21.504246730898824,29.3094970883708
2026-10-08,25.314010703914093,21.583222506128056,29.32979861197344
2026-10-09,25.301032390301256,21.469171993177667,29.386178750546836
2026-10-10,25.28555047070036,21.492969193935853,29.466572466550463
2026-10-11,25.26517815314976,21.468357893118345,29.14286194446831
2026-10-12,25.21027995921132,21.52232167159031,29.05529864639986
2026-10-13,25.176800174370698,21.084610774545368,29.355097352897868
2026-10-14,25.153443637566927,21.404269135649017,29.189661611937744
2026-10-15,25.11587820468444,21.149312804859438,29.026693932358974
2026-10-16,25.092945927621088,21.279646123577415,29.074337114434165
2026-10-17,25.069284731438508,21.07151680120989,29.114683238163977
2026-10-18,25.042640266788624,21.338734177189796,29.161553086125295
2026-10-19,24.98347677506393,21.1612519465652,29.079406737080546
2026-10-20,24.947803190213243,21.021650363990975,28.78362982772656
2026-10-21,24.924352342729893,21.054392153468505,28.893879588346003
2026-10-22,24.888782644893194,21.005183048050625,28.843169103117386
2026-10-23,24.86988932275308,21.107967812978504,29.050483974856615
2026-10-24,24.85222698013676,20.842959709346985,28.83587125541541
2026-10-25,24.83342315337906,20.884464428182024,28.76870584257474
2026-10-26,24.783791654894628,20.886487442979057,28.886479243408786
2026-10-27,24.759161870370026,20.99592233259676,28.762850016177616
2026-10-28,24.748061797627233,20.843275713938183,28.902354261804113
2026-10-29,24.72592411254915,20.903873543883496,28.897698431958688
2026-10-30,24.721302220129072,21.017974471548204,29.026665963463092
2026-10-31,24.718497957630607,20.821370242565553,28.531298314658528
2026-11-01,24.714880482579705,21.02774632746325,28.481648383503394
2026-11-02,24.680505013417246,20.713588846167443,28.641016579326866
2026-11-03,24.670947456481215,20.70023661163412,28.817154244464437
2026-11-04,24.67449257894839,20.797329748904527,28.93942007795684
2026-11-05,24.666344890812066,20.648319764541935,29.01467540663278
2026-11-06,24.674849080987588,20.76477431694185,29.013712657127925
2026-11-07,24.6841215738764,20.79891847837216,28.665993061090493
2026-11-08,24.69137265337531,21.050047635980555,28.696400276408564
2026-11-09,24.66652775353325,20.70518549074213,28.9872350403273
2026-11-10,24.665063899698293,20.707088134423127,28.89171543807656
2026-11-11,24.675198929925358,20.766851269679403,28.78248037017599
2026-11-12,24.672102650418537,20.815329444074447,28.587587677641118
2026-11-13,24.684116781378833,21.02939654439542,28.9260242773378
2026-11-14,24.695385290885,20.701313458031397,28.836175805588773
2026-11-15,24.703174613996016,20.663137925103907,28.9191762228183
2026-11-16,24.677492423746738,20.720197546645608,28.887180889290196
2026-11-17,24.673921020502533,20.522314550663825,28.64228392830709
2026-11-18,24.68080306470784,20.959120886477965,29.095655351989176
2026-11-19,24.673448911847164,20.986815664562542,28.565678543291256
2026-11-20,24.680352517723787,20.8180102347171,28.934309654819767
2026-11-21,24.685817626838688,20.63587757063756,28.84773846080075
2026-11-22,24.687273856321617,20.80253147736151,28.830552048583456
2026-11-23,24.654891454161923,20.847273107861806,28.58848863108907
2026-11-24,24.644410903949048,20.560189190378765,28.73885609373787
2026-11-25,24.644325197621367,20.7286045704027,29.00973302098668
2026-11-26,24.6300841196078,20.701316079362115,28.920953996910335
2026-11-27,24.63030758087599,20.80367864021492,28.84704300398549
2026-11-28,24.62940977012115,20.461237110839235,28.63348917711438
2026-11-29,24.624913771723175,20.563990224022028,28.699483119158188
2026-11-30,24.58706544833767,20.490230656614845,28.896179261612097
2026-12-01,24.57166276114838,20.6703854652747,28.918313699811385
2026-12-02,24.567238332112534,20.569341481291328,28.805546275795155
2026-12-03,24.549264557272103,20.491428963232238,28.60497884682466
2026-12-04,24.546368259548803,20.8377254699711,28.982783877919964
2026-12-05,24.542956584188623,20.439631872939728,28.725445652518765
2026-12-06,24.536533710662052,20.510976430392425,28.432099974398547
2026-12-07,24.49731709386781,20.626242236296253,28.553342301794963
2026-12-08,24.481069316257773,20.494021108358197,28.717393938810996
2026-12-09,24.476283260393014,20.38946228178786,28.447729940637
2026-12-10,24.458389815817196,20.315943282545938,28.736422761341533
2026-12-11,24.45597501615231,20.598153065040403,28.595367794550548
2026-12-12,24.45340822266481,20.395271557657587,28.538404848549355
2026-12-13,24.448160849511805,20.3308472490877,28.77052840527296
2026-12-14,24.41042427567964,20.43904987144402,28.46078066251543
2026-12-15,24.395942970253774,20.480731485646224,28.49188369647711
2026-12-16,24.39320050006529,20.76987851455034,28.692143644684283
2026-12-17,24.37762760886277,20.396628586217002,28.59552273754154
2026-12-18,24.37781925559195,20.163994822843655,28.291578174208265
2026-12-19,24.37816223630444,20.248780265516938,28.493266608689744
2026-12-20,24.37615290941303,20.024412027955236,28.87729747781521
2026-12-21,24.34201370918902,20.448489683161835,28.565134782194157
2026-12-22,24.331524528028233,20.270353606093785,28.849116622614996
2026-12-23,24.33320670263402,20.477205244537235,28.46807418234981
2026-12-24,24.32252886938576,20.230400277865215,28.492851380266337
2026-12-25,24.32812166010552,20.530798081586333,28.52553258798555
2026-12-26,24.334402951126993,20.10478601344704,28.747634587878938
2026-12-27,24.338893275619483,20.44461629352678,28.605746629421734
2026-12-28,24.31183017316623,20.434407974952585,28.73560881215964
2026-12-29,24.308997642153116,20.206592854341853,28.55763619560271
2026-12-30,24.31890850824143,20.28671495934038,28.735721866498242
2026-12-31,24.31700904279136,20.568606159934745,28.559654945786274
2027-01-01,24.331892859185682,20.211002077089685,28.744937567726613
2027-01-02,24.347925842866598,20.393653526049047,28.305764400627073
2027-01-03,24.362561752573445,20.308345252276876,28.72970075425164
2027-01-04,24.34595727787145,20.46964943590784,28.616976755404238
2027-01-05,24.35380271262136,20.127748098296575,28.608617563028446
2027-01-06,24.374506034727812,20.516986892559917,28.829300536246333
2027-01-07,24.383399686582123,20.522806571460915,28.800140443970488
2027-01-08,24.408957029206753,20.360613761304347,28.501242712474948
2027-01-09,24.435420157010793,20.39509517011963,28.7297099661621
2027-01-10,24.460118629748273,20.4277590902965,28.68525021713518
2027-01-11,24.45308781624914,20.16885519603043,28.95615527131437
2027-01-12,24.46990291211962,20.66071769026994,29.034411198742838
2027-01-13,24.498866320287735,20.289780196017013,28.913675428866995
2027-01-14,24.51521758643266,20.636060872161714,28.86995008474037
2027-01-15,24.547352762152897,20.214872182782575,29.23331390355811
2027-01-16,24.579454787974864,20.26147976058583,28.841370273517434
2027-01-17,24.608814366310877,20.321223718605484,29.12342439472474
2027-01-18,24.605449943544237,20.63254555311649,29.006033897991294
2027-01-19,24.6249428015974,20.52885572977411,28.629878204630874
2027-01-20,24.655624901641993,20.35327796516338,29.03762181992965
2027-01-21,24.67278864302804,20.446191693448505,28.89773727460273
2027-01-22,24.704905399703463,20.663444930933874,28.941744743570172
2027-01-23,24.736254434611755,20.36917805616455,29.222713074531054
2027-01-24,24.76424168955414,20.631294621477306,29.372156986078185
2027-01-25,24.75901711552466,20.59001353380825,29.01987994505853
2027-01-26,24.77630660706029,20.435893457510844,29.33203272630424
2027-01-27,24.804596262186067,20.73449534270641,29.176746160184738
2027-01-28,24.819338223571144,20.799101741307087,29.06478913499747
2027-01-29,24.84916506681267,20.720111168528796,29.482016521266658
2027-01-30,24.878514448173352,20.848602539318218,29.01150803301876
2027-01-31,24.904943626162172,20.708093841675577,29.47006889903754
2027-02-01,24.898742640579265,20.495219425149752,29.359120184724716
2027-02-02,24.91576232948514,20.578337018826293,29.3649029217689
2027-02-03,24.944595017485955,20.542993318460553,29.213098929229485
2027-02-04,24.96077723438458,21.07004450428146,29.053686051480685
2027-02-05,24.993001522094392,21.024562120722372,29.71051691068924
2027-02-06,25.025739119913975,20.78756166971792,29.626973677585752
2027-02-07,25.056553203737636,21.165131512688742,29.673927908542417
2027-02-08,25.055711505525018,20.890915045634735,29.216419863375318
2027-02-09,25.079014516301772,21.005162379292397,29.156547966504547
2027-02-10,25.114977108202805,20.94174042628828,29.701212969342563
2027-02-11,25.13903291578635,20.97723025052343,29.47191001297205
2027-02-12,25.179748495134728,20.810825773690123,29.645987648666715
2027-02-13,25.221448991866396,20.994630992751567,30.01348123088173
2027-02-14,25.261534916602997,20.692994501991212,29.98903363184615
2027-02-15,25.270098761205833,20.91642079974223,29.666071375489103
2027-02-16,25.302757552594088,21.256283075681708,29.85081656643015
2027-02-17,25.34783906270703,21.06646759068862,29.75789977260397
2027-02-18,25.38059089065429,21.359654857116805,29.66045478500139
2027-02-19,25.4293993076358,21.070347579306045,29.77609983308856
2027-02-20,25.478419467695687,21.299525507722006,30.103864779366116
2027-02-21,25.52489645830481,21.016213293511562,30.3051137411339
2027-02-22,25.538785806580865,21.280757547468323,30.055519620654124
2027-02-23,25.575589430896436,21.509460576125036,30.073562286005362
2027-02-24,25.623544662872074,21.605521201290955,30.217673709070247
2027-02-25,25.657835478448316,21.563478344864695,30.398922764970848
2027-02-26,25.70681276973632,21.469290285748063,30.21472588740485
2027-02-27,25.75462522202906,21.551071239191845,30.11993527953396
2027-02-28,25.79854025262374,21.628937340981878,30.20844225898654
2027-03-01,25.80856363184023,21.566155116969707,30.067848507564094
2027-03-02,25.84027380236506,21.648674814299817,30.660140006385237
2027-03-03,25.882008569415564,21.61706400249135,30.337080307735132
2027-03-04,25.909073367717017,21.575087963334038,30.249449390409243
2027-03-05,25.949958022192373,21.550136310871117,30.280119089630805
2027-03-06,25.98896366744959,21.661689711831073,30.519611369352283
2027-03-07,26.023519396066522,21.653761535124474,30.443198187405446
2027-03-08,26.023797378805682,21.852324114562556,30.521688201403947
2027-03-09,26.04554260154636,21.371207275291646,30.60064748595485
2027-03-10,26.07725502229775,21.87112166880036,30.662935326187785
2027-03-11,26.094393483607124,21.868430363998986,30.425377131045106
2027-03-12,26.125588421325713,21.67114025824914,30.40345424693677
2027-03-13,26.155265150032076,21.991634364420783,30.87822282043226
2027-03-14,26.180957398159304,22.13738518300843,30.803540696359196
2027-03-15,26.17291992384942,21.96835228791513,30.979087216732363
2027-03-16,26.186956426512335,21.811497359012417,30.821377317479445
2027-03-17,26.211600607883724,21.841262109903276,30.780847714819835
2027-03-18,26.22231974710612,21.938116164701018,30.87569518107392
2027-03-19,26.24772783791211,22.05852653848663,30.864550397789927
2027-03-20,26.27221005299719,22.04474159588902,30.848814307158765
2027-03-21,26.29323817151697,21.733202005897148,30.895428865515854
2027-03-22,26.280985742764052,21.84251341823993,30.662927727649116
2027-03-23,26.291159123834376,21.883548731053146,30.886156580269645
2027-03-24,26.312182150936003,22.21910780090139,30.790160818330172
2027-03-25,26.319403700449897,21.995993158680623,30.989778542513807
2027-03-26,26.341315068273715,22.101753267103184,31.498838088473814
2027-03-27,26.36217880531102,21.95440719704192,30.62743438641818
2027-03-28,26.37934851383069,22.052839410494403,30.928089516412
2027-03-29,26.362888246365628,22.066362653588055,31.200730580454255
2027-03-30,26.368407517230047,21.907001554326992,31.082400406083103
2027-03-31,26.384249565954466,22.222359303207636,31.057025046133653
2027-04-01,26.38570201930287,21.695023191168232,30.929597983109428
2027-04-02,26.40121678507065,21.794584142876275,30.967995356417006
2027-04-03,26.41504073713129,21.964575419161612,30.900260018748792
2027-04-04,26.42453663731789,21.741468773002186,31.317469113009228
2027-04-05,26.399802897716846,22.099739324609786,31.538609368141014
2027-04-06,26.396508177566393,22.025962729047006,30.965963094019703
2027-04-07,26.403078460925304,21.995064884456283,31.109331671542797
2027-04-08,26.39490579126418,21.99260755294514,31.167030717560134
2027-04-09,26.40056554751127,21.823573899342183,30.91774992764313
2027-04-10,26.404443892793154,22.242636219851043,31.05418181255425
2027-04-11,26.404054931660845,21.937938319637333,31.28107493384505
2027-04-12,26.369656285471354,21.86368015609846,30.90712122137153
2027-04-13,26.35707919909996,21.869285155714536,31.265412239314436
2027-04-14,26.35491095362633,21.95052911943641,30.927882307339594
2027-04-15,26.338698895453312,21.94467212342998,30.904727993813843
2027-04-16,26.337163102685164,22.0103585373354,31.062115695223284
2027-04-17,26.334819454364858,21.70438315820854,31.219504235806422
2027-04-18,26.3292927669229,21.891333555486653,31.213397372389075
2027-04-19,26.290928826556684,21.791755745102535,31.113322173639656
2027-04-20,26.275621536799605,21.57773570357395,30.970225041157587
2027-04-21,26.271993045959373,21.922482421622007,30.84961959593256
2027-04-22,26.255596236231394,21.80678020735991,31.093636456374234
2027-04-23,26.25512664586665,21.77997033725816,30.72700675687131
2027-04-24,26.255045618234288,22.107953199382735,30.803659275925085
2027-04-25,26.252894347168755,21.762751864316265,31.253906284882877
2027-04-26,26.218907628936282,21.556475163627017,31.026187903734098
2027-04-27,26.20884349870859,21.700542636393106,30.899282631122187
2027-04-28,26.21116655296618,21.658920116627854,30.95693714322408
2027-04-29,26.20125425621186,21.733456591312066,30.976653354091304
2027-04-30,26.20761320208186,21.654733461087165,31.056883742786628
2027-05-01,26.21450700633997,21.621211266362735,30.717222221672937
2027-05-02,26.21927537297361,21.918967445939824,31.018197638334296
2027-05-03,26.191953007314073,21.808177964362542,30.919844754694388
2027-05-04,26.1881044132378,21.732179913953185,30.76115429329199
2027-05-05,26.196012234565178,21.878576513948,30.990659838776796
2027-05-06,26.19088830122687,21.69846350490841,30.932867545817636
2027-05-07,26.20109421983396,21.52815305066424,30.699982591003494
2027-05-08,26.210773066714925,21.633710492638862,30.67164021153528
2027-05-09,26.21717161959634,21.783480269798947,31.066209225697435
2027-05-10,26.1902617141399,21.74800613015048,31.03900402704685
2027-05-11,26.18557669447742,21.61715307867114,30.964769219970364
2027-05-12,26.191400571643584,21.64780316455808,31.129945890612426
2027-05-13,26.18297902725349,21.81966569525168,31.035993111411806
2027-05-14,26.18873910247391,21.501539846620865,31.10674452737443
2027-05-15,26.192919154385724,21.75547939616313,30.90145539941024
2027-05-16,26.192888562882633,21.454958573820473,31.045260746670923
2027-05-17,26.158765842898614,21.54362286456773,30.88438879544916
2027-05-18,26.146251219362327,21.662120474395717,30.776711473916475
2027-05-19,26.14381138423266,21.620012833803877,31.0544733417092
2027-05-20,26.1268856926539,21.47224641496288,31.034675167743895
2027-05-21,26.12410076885951,21.287165923137945,30.84420536431818
2027-05-22,26.119895241733623,21.94554292586122,30.553768563322468
2027-05-23,26.111834234381597,21.515411420415347,31.15255813455895
2027-05-24,26.070222403168398,21.713107900261534,30.87457270456123
2027-05-25,26.05093171985115,21.528826004511377,30.895985561361847
2027-05-26,26.042581844181417,21.585990389744786,30.760854751610882
2027-05-27,26.020742460312853,21.431434768368327,30.81850903866888
2027-05-28,26.014144649026946,21.559006359634367,30.80081581386577
2027-05-29,26.00730309941765,21.688370324264806,30.71636482994955
2027-05-30,25.99782884821056,21.413724209600915,30.842896059037987
2027-05-31,25.956041384424054,21.31158855304181,30.62720219336905
2027-06-01,25.937796332607615,21.319027131147053,30.914003031971202
2027-06-02,25.931666558578552,21.27766826637934,30.87122365567574
2027-06-03,25.91314604470227,21.326416661112297,30.900693845459617
2027-06-04,25.910863558472933,21.364349781340533,31.081913869532347
2027-06-05,25.90920784929017,21.136670858619304,30.9531293408348
2027-06-06,25.905643974421352,21.444594974807885,30.683679303702522
2027-06-07,25.870329488786325,20.86800605104362,30.7415710454186
2027-06-08,25.858946595822854,21.10031382476445,30.664753012902175
2027-06-09,25.859887977803957,21.416008970806494,30.45294585514952
2027-06-10,25.84846552110555,20.96070879214208,30.574433443509324
2027-06-11,25.853128826355746,21.12518849483144,30.625401021164272
2027-06-12,25.858095106012414,21.15083613030702,30.781335366506223
2027-06-13,25.860669943187606,21.220165024751708,30.801602984259645
2027-06-14,25.830867527859354,21.505479908024117,30.44977571555738
2027-06-15,25.82424636116774,21.28982147123491,30.59714084119119
2027-06-16,25.8290980544114,21.22484633798369,30.556273002492837
2027-06-17,25.820658363728157,21.313513150476023,30.78874302380059
2027-06-18,25.827327295053813,21.131922524390326,30.75618663153425
2027-06-19,25.83329984711102,21.181471370339928,30.842172642502348
2027-06-20,25.835886852760325,20.84651233928922,30.536872706564456
2027-06-21,25.80513454285258,21.255673098824072,30.760980437556256
2027-06-22,25.796658852297323,20.876251342620236,30.60898263747268
2027-06-23,25.798832143963004,21.445196322334787,30.43652104699778
2027-06-24,25.78699155877271,21.044405958853705,30.707478491148617
2027-06-25,25.789655910229566,20.957792716189743,30.540574685131478
2027-06-26,25.79115278847189,20.724599020979344,31.03967367983374
2027-06-27,25.78893544233038,20.945426513505254,30.80522123060607
2027-06-28,25.753198179247242,20.858555678267457,30.72500703041602
2027-06-29,25.739706422699943,20.796345656168,30.797667840835388
2027-06-30,25.736979223406017,20.96697898809574,30.63997583021786
2027-07-01,25.720493550616354,20.638865282901694,30.655264845585336
2027-07-02,25.718897393622544,20.861306254445704,30.74464318077891
2027-07-03,25.716633441296125,21.168106740995967,30.654326393990477
2027-07-04,25.711252998845996,21.001411052943887,30.854840624082577
2027-07-05,25.673028957929166,21.023075809298536,30.47970374445835
2027-07-06,25.65778401958798,21.013225091883243,30.624290605199487
2027-07-07,25.654072008183704,21.17489117742791,30.83743178614606
2027-07-08,25.63738162563086,20.784488710380217,30.71201691507907
2027-07-09,25.636349679755575,21.172257588959276,30.66163758279034
2027-07-10,25.63538553916779,21.336700807078415,30.602810597423623
2027-07-11,25.631986440003146,20.84754893069943,30.51343924414365
2027-07-12,25.596352409686627,21.001830608286145,30.919038324387877
2027-07-13,25.584216940795766,20.524726365261916,30.721685405241868
2027-07-14,25.584031173556937,20.890459265421665,30.58582428272736
2027-07-15,25.5711708459192,20.760366707034517,30.558796673827988
2027-07-16,25.57415294677233,20.615951961004978,30.636985124144445
2027-07-17,25.577263721537133,20.70782236938497,30.95441462561149
2027-07-18,25.577877550534918,20.620788820038275,30.53731009672723
2027-07-19,25.546075361673473,20.668580668436885,30.387647467077134
2027-07-20,25.53747861128413,21.01796674930842,30.77972605423599
2027-07-21,25.54043649963551,20.571179122632035,30.681519204578
2027-07-22,25.5302355979205,20.7707623813402,30.691014955752674
2027-07-23,25.535318752255826,20.697303281986045,30.588297616236872
2027-07-24,25.539914857919978,20.725740473313298,30.474218960465336
2027-07-25,25.54135898368499,20.465987593312935,30.703740723670695
2027-07-26,25.509711483631893,20.56723161427263,30.61704746515237
2027-07-27,25.500592122986685,20.61939981357269,30.375364448451695
2027-07-28,25.502366893979175,20.64536316217736,30.123093529376607
2027-07-29,25.490356724179833,20.502247290532672,30.371785384518695
2027-07-30,25.49305498364271,20.366265996951565,30.470446777292008
2027-07-31,25.49475543846616,20.374860904512957,30.720676378247713
2027-08-01,25.492870196706402,20.784647983863252,30.415383746163943
2027-08-02,25.457546359561302,20.709525971291022,30.543360150003952
2027-08-03,25.444497486826464,20.674085832950045,30.478411327149526
2027-08-04,25.44218763934384,20.532490850153415,30.845858165233754
2027-08-05,25.42603728908669,20.560640901544158,30.48602318170881
2027-08-06,25.424638090074396,20.725926982459523,30.46869045330484
2027-08-07,25.422378240555027,20.54261406355537,30.733214141744714
2027-08-08,25.416758058633132,20.431438744686073,30.451867702731665
2027-08-09,25.37800455159116,20.2586367617735,30.452558893706406
2027-08-10,25.361901144340088,20.326974273363046,30.764719198331537
2027-08-11,25.356970373606053,20.452470413977984,30.754492070130603
2027-08-12,25.33867886863337,20.310225657233296,30.713957113640074
2027-08-13,25.33565162721112,20.46374183934903,30.389923238162307
2027-08-14,25.332297318274648,20.258420652011623,30.485297364262145
2027-08-15,25.32612421944799,20.51019168231406,30.723866030926438
2027-08-16,25.28735554201947,20.262122191482053,30.319575635587633
2027-08-17,25.271760268171388,20.32645801205106,30.444414465308835
2027-08-18,25.26783725513255,20.200771039114557,30.37654780926051
2027-08-19,25.25102186563066,20.489548509625326,30.638357412213622
2027-08-20,25.249902064765745,20.651771948851046,30.421565202986212
2027-08-21,25.248845640974025,20.35325407009993,30.46535186025226
2027-08-22,25.245318083524847,20.14799737417522,30.310001713041704
2027-08-23,25.209499793381234,20.280663140772305,30.64395699434907
2027-08-24,25.197118679444806,20.15537529867373,30.188837349510052
2027-08-25,25.19663582740526,20.207676763954872,30.264676174543727
2027-08-26,25.183453440789577,20.22363896524405,30.39034550206663
2027-08-27,25.186131944268713,20.293374302740826,30.413686156591645
2027-08-28,25.189017868288403,20.041679642367797,30.284890500980794
2027-08-29,25.189562021675265,20.051847848432335,30.53506393592625
2027-08-30,25.15793661700729,20.196058113499056,30.55056621904829
2027-08-31,25.14986740295908,20.23487502072688,29.93903297929793
2027-09-01,25.15381850727407,20.274003029427238,30.38178135301216
2027-09-02,25.145199220168582,20.256493076181712,30.505599082386148
2027-09-03,25.152579651301632,20.266263316487688,30.169238774741608
2027-09-04,25.16031693395409,20.07663296755983,30.264242543891825
2027-09-05,25.165871547411932,19.888904354299456,30.244264850633154
2027-09-06,25.139422494365267,20.289181814590183,30.185843175416842
2027-09-07,25.13669746488106,20.22580771222353,30.440864474212248
2027-09-08,25.146155770713307,19.996632319421668,30.186078455502653
2027-09-09,25.143193359964723,20.07220932152776,30.28373993003511
2027-09-10,25.156356922809575,20.345779790401558,30.327985863782125
2027-09-11,25.169968834216537,20.286818701076996,30.353871304803626
2027-09-12,25.18144256913802,20.34615831016835,30.47189818594856
2027-09-13,25.160897381317728,20.05959492982544,30.34896394168392
2027-09-14,25.163988419451126,20.013079959297855,30.383238318061547
2027-09-15,25.179090092816498,20.358187127940898,30.64278191883833
2027-09-16,25.181502009656583,20.147287438248707,30.73904689711936
2027-09-17,25.199664496408484,20.182713824405063,30.281248118170797
2027-09-18,25.217785424916862,20.03483534898965,30.724210173287368
2027-09-19,25.233157948292174,20.11646680466457,30.75679534655858
2027-09-20,25.21577788645289,19.884182101966317,30.573232624381692
2027-09-21,25.2211768708552,20.387152820995965,30.347065097521334
2027-09-22,25.237608983805945,20.317728307561538,30.180464047300667
2027-09-23,25.240260128486653,20.200147708403733,30.470480189021966
2027-09-24,25.25746704261245,20.281163414069503,30.543363659740244
2027-09-25,25.27334758235039,20.398934857303768,30.375297553810913
2027-09-26,25.285121774227996,20.344651689194816,30.407124306239393
2027-09-27,25.262732273740294,20.03448503357876,30.95501935645438
2027-09-28,25.261680241493238,20.006891328043448,30.655364115514637
2027-09-29,25.270214280284428,19.798070436353555,30.613539167934036
2027-09-30,25.2635415867906,20.605121658127278,30.60616989295051
2027-10-01,25.27004816047605,20.00361813513344,30.602138521413913
2027-10-02,25.273929640517753,19.827081702360864,30.719246721480623
2027-10-03,25.272512229034827,20.28762630507248,30.748108286760054
2027-10-04,25.235872317766855,20.133369773043306,30.630708839255682
2027-10-05,25.219670826327302,20.020871839314264,30.95431204405547
2027-10-06,25.212339912029773,20.19699885014533,30.50280049360095
2027-10-07,25.189291240761275,20.23897934603078,30.618448801007776
2027-10-08,25.17913271588602,20.14937310302684,30.4288013766537
2027-10-09,25.166295307706726,19.780694231569477,30.639029892859682
2027-10-10,25.148349529185328,19.93002861869413,30.630784319936076
2027-10-11,25.09562027598226,20.058454685781843,30.654070587933305
2027-10-12,25.06401615078999,19.891071969592083,30.464614815496947
2027-10-13,25.042211051841274,19.88207790334018,30.624678298264495
2027-10-14,25.005847339795086,19.942953980106722,30.76672754001066
2027-10-15,24.983747606242318,19.85219705222993,30.348615766630868
2027-10-16,24.960536810729554,19.35814641736493,30.153216716075715
2027-10-17,24.933954451088077,19.749896799985027,30.174687999077427
2027-10-18,24.874465595676032,19.512837442790172,30.38836756277673
2027-10-19,24.83808699644755,19.830475792868093,30.41365263267927
2027-10-20,24.813566147299227,19.63349308617786,30.67820746417121
2027-10-21,24.776582669735376,19.27504757399446,30.3222846267973
2027-10-22,24.755959098249974,19.900854845328322,30.036044165629878
2027-10-23,24.736282861381746,19.379746034252896,29.94385358543207
2027-10-24,24.715219131322446,19.45022856361337,30.283663579434094
2027-10-25,24.663123357485716,19.43890258366788,30.19093967276519
2027-10-26,24.63586966876271,19.094967568706863,30.10768890887484
2027-10-27,24.622032954585674,19.029224804870484,30.126777115796333
2027-10-28,24.597093933781547,19.318702157203,30.385973991950145
2027-10-29,24.589654193766947,19.18714474255823,29.94536922874716
2027-10-30,24.584062891791557,19.16853577266494,30.038475216288045
2027-10-31,24.57773467524357,19.5609967493405,29.939504092449894
2027-11-01,24.540767512058935,19.282644048009978,29.86932768839358
2027-11-02,24.528776486422593,19.31756711798977,30.121934264513488
2027-11-03,24.530081238647707,19.30305322490937,30.169015897859087
2027-11-04,24.519916228798873,19.19665886574614,30.356669066431333
2027-11-05,24.526650682454807,19.459415040646068,30.157935601762127
2027-11-06,24.534419794721604,19.237199392098844,30.368149687731467
2027-11-07,24.540446645516933,19.260903292933616,29.962408877046286
2027-11-08,24.51466342747794,19.486480113760226,30.207533725529817
2027-11-09,24.51254796859956,19.427994475354375,29.6728874736703
2027-11-10,24.522313173832806,19.357691980348537,30.025162629121986
2027-11-11,24.519118530278213,19.34993324342745,29.986531992342364
2027-11-12,24.5312905199046,19.38307264623692,30.276181378874618
2027-11-13,24.542953522069016,18.937734085790623,30.088160615024798
2027-11-14,24.551350685230844,19.15337297814682,29.805064625423373
2027-11-15,24.52646341482651,19.10611477346356,29.956641741211698
2027-11-16,24.52384552274019,19.50924268180137,30.25509037385556
2027-11-17,24.531809741660076,19.325605257686526,30.24423418404751
2027-11-18,24.525635841310496,19.30361383443561,30.234622782997956
2027-11-19,24.533787293377728,19.197554244488412,30.065337299312095
2027-11-20,24.540538177762897,19.38690893337545,30.088269061877494
2027-11-21,24.543289924170082,19.38115505108134,30.012485862192793
2027-11-22,24.512186651538926,19.00294182575012,30.59658320271165
2027-11-23,24.502945263936972,19.021647970121084,29.744848650095882
2027-11-24,24.504038113809194,19.13920612388855,29.928316838110014
2027-11-25,24.49089756862399,19.229021529109847,29.795132151029
2027-11-26,24.49212951549468,18.910215048261794,30.049066709800375
2027-11-27,24.492137570551403,19.302085877365492,30.025499234856092
2027-11-28,24.488437645650315,18.95846316802865,30.191804378079688
2027-11-29,24.45127167652315,19.093612433086633,30.088297416618516
2027-11-30,24.436436694654596,19.00742235955881,30.16512776479787
2027-12-01,24.432467059174957,18.796839200399443,30.035585937709733
2027-12-02,24.414839172070977,19.065495556836815,29.90319846479985
2027-12-03,24.412185681167472,19.278766787980956,30.005780878106137
2027-12-04,24.40892089134679,18.71073551780908,30.417979836696045
2027-12-05,24.402556975827725,18.935824690754927,30.045232512600776
2027-12-06,24.363319718492768,19.04414156086178,30.052252311262684
2027-12-07,24.34697988658183,18.968730409390048,29.9468994335437
2027-12-08,24.3420379599495,18.95941170570349,30.131184990322485
2027-12-09,24.323931445939763,19.03508156346393,29.782225025573457
2027-12-10,24.32125168894489,19.059626316552833,29.919979029939437
2027-12-11,24.31837180165692,18.897361147608812,29.95899438128683
2027-12-12,24.312765221250405,18.611694485739054,30.158701053796026
2027-12-13,24.27462354056831,18.69589922658107,29.968971518283993
2027-12-14,24.25968964289138,18.913186366263677,30.10452796854418
2027-12-15,24.256443808123155,18.528390419990007,30.078766480008056
2027-12-16,24.24031197521783,18.730245278612358,29.907767961545822
2027-12-17,24.239883041163903,18.606548510544243,29.623931785440167
2027-12-18,24.239536811069637,18.687877515557798,29.850196696868675
2027-12-19,24.23676210672324,18.59881205333044,30.004180181614444
2027-12-20,24.201773704213984,18.673920781832287,29.88654440377961
2027-12-21,24.190344165340544,18.445372449918853,29.685348266391223
2027-12-22,24.190988281177432,18.844000860373164,30.20811660265295
2027-12-23,24.179169375868767,18.768510012985413,29.790777573521495
2027-12-24,24.18351442480235,18.713774174202094,29.76232190188313
2027-12-25,24.18843968370837,18.606947084968663,29.780116126672297
2027-12-26,24.19146642352517,18.736288683156978,29.94376593011273
2027-12-27,24.16283553166299,18.59360641593835,30.076500119765335
2027-12-28,24.158337134059607,18.860482515571302,30.017663598760183
2027-12-29,24.166493042718685,18.52755307680806,29.903666831668986
2027-12-30,24.16276135690634,18.322675464150212,30.113352504467017
2027-12-31,24.175750243368714,18.6119585897073,30.044183933631924
2028-01-01,24.18984265202037,18.64895387633146,29.86955781345694
2028-01-02,24.202511608471085,18.499223490947777,29.96553898149066
2028-01-03,24.183934875521107,18.746031789853664,29.93030846574724
2028-01-04,24.18982515329318,18.443660965815045,30.00106964558278
2028-01-05,24.208613621058543,18.29820817214636,30.09783874831968
2028-01-06,24.215656130228112,18.74013146385027,29.861701377688785
2028-01-07,24.239449038470845,18.53668860708877,30.061613420943186
2028-01-08,24.264256390218137,18.350418680643852,29.856999487933653
2028-01-09,24.287428019337533,19.05363516082695,30.21348804331537
2028-01-10,24.279017288001338,18.52780668566352,30.128340915523015
2028-01-11,24.294614543066103,18.164556460129276,29.924392329433115
2028-01-12,24.32253399702827,18.439468484100846,30.14118896105522
2028-01-13,24.338023242287218,18.68653057378713,30.18134945421173
2028-01-14,24.369482286232852,18.911867542545227,30.371108666591546
2028-01-15,24.401093711412887,18.579002268858044,30.038572963421462
2028-01-16,24.4301434401356,18.954586489575995,30.074723299045715
2028-01-17,24.426640728697304,18.851396019876063,29.98438599524836
2028-01-18,24.446153394142023,18.70744601714091,30.309610100441386
2028-01-19,24.4769959151821,19.179664351696704,30.09704797295744
2028-01-20,24.49443956571359,18.68382869479241,30.458115680411932
2028-01-21,24.526931435043785,18.81874129928244,30.468973501775366
2028-01-22,24.558723923832837,18.99295620399197,30.516792981298252
2028-01-23,24.587194198720507,18.831850611386812,30.795685927836253
2028-01-24,24.58246225348855,18.911130111968465,30.379864384914857
2028-01-25,24.60022362096505,19.067536740592455,30.367580425549825
2028-01-26,24.628934436277426,18.996306247391555,30.503264734427614
2028-01-27,24.644018085054135,18.892864521684146,30.486678037269854
2028-01-28,24.674080380054036,18.62462941935012,30.54333734729706
2028-01-29,24.703534956343688,18.984349251977598,30.400403885128387
2028-01-30,24.72991847807856,18.580646871430545,30.484583163121332
2028-01-31,24.723504420677646,19.119047469717867,30.067605124527827
2028-02-01,24.7401315911042,19.06820294038992,30.565495403661675
2028-02-02,24.768385204520822,19.415205239836602,30.61413527442507
2028-02-03,24.783799864323154,18.714212871530073,30.850597438150373
2028-02-04,24.81507149485418,18.97543163653187,30.726079560587376
2028-02-05,24.846680012039222,19.202227545444085,31.131982252415643
2028-02-06,24.876202406555464,19.268490332829835,30.661865104117037
2028-02-07,24.87392506886115,19.258303864317117,30.574080429648838
2028-02-08,24.89567156626718,19.153871977189986,30.91840271062056
2028-02-09,24.9299837182073,19.186933435476533,30.674256498952296
2028-02-10,24.952325324045884,19.387987389044962,30.787082078118576
2028-02-11,24.991295579129893,19.30663953448625,30.912370699144347
2028-02-12,25.031253930015847,19.48249587138278,31.009035520063403
2028-02-13,25.069635989284976,19.157102923699927,30.984980394204833
2028-02-14,25.076569266587978,19.650778875419675,31.262767254852765
2028-02-15,25.107704836855497,19.291057511946484,30.693457703267285
2028-02-16,25.151402688482307,19.35610623088748,31.396400286547195
2028-02-17,25.182939991197166,19.267113400104495,31.407621350514745
2028-02-18,25.23072919662899,19.337983297400964,31.05885515059073
2028-02-19,25.278947595170255,19.314059750251264,30.902498029529575
2028-02-20,25.324857821181595,19.543009067695067,31.29847664842503
2028-02-21,25.3384279374042,19.48078785556377,31.138450902881296
2028-02-22,25.37516709994165,19.402824829328104,31.136142686696918
2028-02-23,25.42331443662856,19.722991498554542,31.45480405657797
2028-02-24,25.45805028129812,19.66095504825001,31.542141860901893
2028-02-25,25.507716595323892,19.755209701847036,31.286680786023418
2028-02-26,25.556448136351396,19.72340922328371,31.35719364779211
2028-02-27,25.60149382239941,20.02404941485702,32.05220927967012
2028-02-28,25.61283689945198,19.703764129703206,31.309680958366673
2028-02-29,25.646029912966082,19.896680023942206,31.484271252920845
2028-03-01,25.689382137097727,20.119893785910115,31.433335944364387
2028-03-02,25.718168646469124,19.751276925473622,31.390172526414187
2028-03-03,25.760847924353815,20.033638046251074,31.67546975325173
2028-03-04,25.801689648134435,20.26563725825862,32.081694817707366
2028-03-05,25.83809219728703,19.80056437546698,31.875022060775233
2028-03-06,25.84019860248684,20.125946444912643,32.086331391054685
2028-03-07,25.863727056989372,20.015451504374248,31.842108619836697
2028-03-08,25.897153771598546,20.26017219959438,31.84260965096476
2028-03-09,25.91591748871811,20.149104229880592,31.983311474156302
2028-03-10,25.948632679426073,20.07671747936075,32.11024387615995
2028-03-11,25.979713190138757,20.243383728287547,31.981606254577255
2028-03-12,26.006686001876393,20.196436504723547,31.61575301450998
2028-03-13,25.999803927107266,20.07203040480194,32.06578347388093
2028-03-14,26.014873457257035,20.162056911410005,32.021457231087716
2028-03-15,26.040435617027523,20.243041539844118,31.936847759607268
2028-03-16,26.051969196551887,19.884679952254274,32.641153205877025
2028-03-17,26.078103419945297,20.216446719019714,31.965588881770064
2028-03-18,26.103241829506107,20.107669495766324,32.222604051620195
2028-03-19,26.12487703893632,20.053528370876087,32.217881353227135
2028-03-20,26.113205148842347,20.4630745772771,32.35023581171756
2028-03-21,26.123955984722773,20.17780705132489,32.23197283921885
2028-03-22,26.14557694102934,20.292070812353757,32.408709330965046
2028-03-23,26.153439712192764,20.160371005221105,32.339430606093096
2028-03-24,26.176056864051823,20.148368084793773,32.55026144268591
2028-03-25,26.197709907858748,20.493102247336342,32.36473622433623
2028-03-26,26.21576840458598,20.26637975910193,32.18469726844741
2028-03-27,26.200308762230236,20.34877259790614,32.49060788030472
2028-03-28,26.2069487546142,20.390550130207593,32.410611365190576
2028-03-29,26.224035416273708,20.004541415001306,32.45007202680133
2028-03-30,26.226855471786983,20.176643482523748,32.54531353226643
2028-03-31,26.2438551404913,20.066567594210102,32.485733823072074
2028-04-01,26.259270879622996,19.96011921105377,32.33430349486075
2028-04-02,26.27045051073845,20.576644310227902,32.340604253423884
2028-04-03,26.247473327965835,20.132579856590638,32.53146507308314
2028-04-04,26.245985173105034,20.19570247114633,32.583701054505035
2028-04-05,26.25438611064767,20.10347729185263,32.13694058450728
2028-04-06,26.248039862237466,20.1690912309673,32.4182605129107
2028-04-07,26.255491865397392,20.185781418204872,32.47791211624022
2028-04-08,26.261097565539878,20.06812563356988,32.190764506444395
2028-04-09,26.26234045294263,20.57858529260547,32.465716254348635
2028-04-10,26.22944852905996,20.35772619343196,32.48688382232125
2028-04-11,26.2182252895675,20.09276087564714,32.5710628361002
2028-04-12,26.217232973280503,19.954706477967672,32.33337549957651
2028-04-13,26.201997362901686,20.290751345661423,32.3643843134324
2028-04-14,26.201221135631936,19.847292684467817,32.43070950042034
2028-04-15,26.199407508823082,19.99693431903068,32.553635347327614
2028-04-16,26.19417382756522,19.986681723991314,32.179595001649
2028-04-17,26.15586390894488,20.093839557017304,32.3457698187971
2028-04-18,26.140375352137163,20.009182318115894,32.08321056315146
2028-04-19,26.136339673098092,20.10738895058448,32.844027301969824
2028-04-20,26.11932464413275,19.789508950406855,32.15266920116663
2028-04-21,26.11804591260733,20.159046884261087,32.140391232994794
2028-04-22,26.116989699903506,20.1565732737546,32.37385046982502
2028-04-23,26.113726261434675,20.12694771833919,32.55321543529899
2028-04-24,26.07852293334525,19.93810271835571,32.532619882699535
2028-04-25,26.067172962511126,20.11915827706499,32.091701333899834
2028-04-26,26.068177942909557,19.676820447923983,31.954195963071086
2028-04-27,26.056953180703562,20.022484801241617,32.63116329766359
2028-04-28,26.06204298373866,19.82202542505511,32.17064178914005
2028-04-29,26.067747579476944,20.179595553330234,32.41245894519233
2028-04-30,26.071441229310903,19.55776662292234,32.57340363080095
2028-05-01,26.043190239338095,20.101368146577773,32.190949218684686
2028-05-02,26.03858692951187,19.68464221149795,32.427972880819944
2028-05-03,26.045937244140518,19.385107263371665,32.5360956507539
2028-05-04,26.040471184525682,20.01677600949872,32.077321187069856
2028-05-05,26.05056292037841,19.805914115270788,32.0784463738352
2028-05-06,26.06036215139772,19.868307078517613,32.41525729598135
2028-05-07,26.06711616444455,19.875935576920124,32.610336464301035
2028-05-08,26.04079117746148,19.780271234331437,32.28138348878128
2028-05-09,26.036908939759144,19.78687157531465,32.34617595923656
2028-05-10,26.043736198578276,19.805066959958083,32.316232125517125
2028-05-11,26.036496160927545,19.97100357815378,32.262630801462564
2028-05-12,26.043588778281283,19.971329751188815,32.19278116125628
2028-05-13,26.049221419999338,19.963816066049663,32.616725484672834
2028-05-14,26.05072939907036,19.54306217017703,32.32982674173223
2028-05-15,26.018194982662614,20.07591467873511,32.54976041832852
2028-05-16,26.007280920439346,19.48956596440051,32.20883338951525
2028-05-17,26.00641618409548,19.951284276905557,32.33369578908232
2028-05-18,25.99100314853308,20.094557073297626,32.209612041789086
2028-05-19,25.989633158691515,19.724102237698617,32.60267720793272
2028-05-20,25.986712176083774,19.320782511391947,32.05002196536534
2028-05-21,25.97977610499965,19.644185550122813,32.34872506368558
2028-05-22,25.93910457158498,19.903022516514458,32.07363987120449
2028-05-23,25.9205493299217,19.804606778615835,32.37940536955228
2028-05-24,25.91271512626647,19.716794856919748,32.57950751395442
2028-05-25,25.891162382277994,19.515930869740153,32.45210259333163
2028-05-26,25.884618760789284,19.74981021243077,32.009480092795805
2028-05-27,25.877601413567383,19.533385238430274,32.65312908719149
2028-05-28,25.86772959939542,19.246418616463526,32.36675302561977
2028-05-29,25.825336514666052,19.4814845228591,32.589787751324266
2028-05-30,25.806296558382623,19.479246186077358,32.399596877840864
2028-05-31,25.799205888053457,19.5835487249743,32.267023425859435
2028-06-01,25.779585629629402,19.22367822641408,31.911477771112807
2028-06-02,25.776094784401057,19.515773824031335,32.355145908263786
2028-06-03,25.773154589418105,19.58461268706444,32.52634843593669
2028-06-04,25.768263955971616,19.16415278307684,31.869522645945246
2028-06-05,25.731614745535293,19.237547059889614,32.47351742764926
2028-06-06,25.718923005690655,19.328194990899398,32.05189834808166
2028-06-07,25.718613909480894,19.46179980858631,32.46432492366248
2028-06-08,25.706029637849884,19.115316744038022,32.12735043183918
2028-06-09,25.70964711769819,19.17721834913843,32.30494007977389
2028-06-10,25.71370723850341,18.719186936703483,32.24874739655662
2028-06-11,25.715535038983322,19.448363521673905,32.049158593786416
2028-06-12,25.685159494387953,19.30486546511725,31.771251149975395
2028-06-13,25.67814890597061,19.515670076038237,31.630444539165744
2028-06-14,25.68279952624645,19.397400541919314,32.33038633281512
2028-06-15,25.67434656399558,19.444409202891034,32.1796069882618
2028-06-16,25.68118440251179,19.32949877470245,32.40517502946686
2028-06-17,25.68749759376788,19.33677361175729,31.983612892812882
2028-06-18,25.69058207994185,19.22557777623155,32.14741805231055
2028-06-19,25.660465254044336,19.028261911677383,32.4069324639663
2028-06-20,25.652740863838556,19.151994830922376,32.01870510368359
2028-06-21,25.655756416501866,18.943893933503492,32.08264029713257
2028-06-22,25.644822272118155,19.23576249968262,32.40491405016806
2028-06-23,25.64842932246837,19.269958469054096,32.16394030100982
2028-06-24,25.650876897584446,19.11869736754483,32.32361618637812
2028-06-25,25.649590445698802,19.207116759052745,32.327733021794444
2028-06-26,25.614737704058044,19.012487535642922,32.23710405390373
2028-06-27,25.6020594789315,19.021732141389194,32.542173415229364
2028-06-28,25.60005281146338,19.202678291387734,32.13724306767976
2028-06-29,25.58417583826086,19.091608325468815,32.2286883986559
2028-06-30,25.583061362126784,19.309373760507725,32.19567086798166
2028-07-01,25.5811408891115,19.14465493736681,32.36665505000046
2028-07-02,25.575958782801848,18.807373581964445,32.16985756140129
2028-07-03,25.537785347278536,19.20317860445862,32.21813139285567
2028-07-04,25.522445037162928,18.949944486516983,32.11440607441617
2028-07-05,25.518497635502108,18.838755047651016,32.04765333158556
2028-07-06,25.501441754878307,18.871597127782564,32.153874395703475
2028-07-07,25.499927704926616,18.82089459225091,32.035678941200125
2028-07-08,25.49838149096769,18.731743082378124,32.248420966903026
2028-07-09,25.494319583979955,18.855678103217826,32.185035911543174
2028-07-10,25.457963244013943,19.17393410184503,32.30398862169132
2028-07-11,25.445068548631234,18.99812239339098,32.61543365558387
2028-07-12,25.44410990438776,18.64797882728591,32.1337502081226
2028-07-13,25.430486320193545,18.65722143403181,31.71581283165465
2028-07-14,25.43273739780527,18.90962593478827,31.927863526689425
2028-07-15,25.435170707595653,18.85330757041881,32.108207487313635
2028-07-16,25.435180087601687,18.706746451110998,32.055946858672165
2028-07-17,25.402863543158745,18.66466704458346,31.59456914516382
2028-07-18,25.393856794463453,19.178374728279408,32.17463895713495
2028-07-19,25.396520149472035,19.018907059298005,31.99641433574653
2028-07-20,25.386147886896683,18.713460636434913,31.917330893436063
2028-07-21,25.39118701971018,18.471220899389607,31.92715222592539
2028-07-22,25.395867034056266,19.071574048391167,32.53725574729934
2028-07-23,25.397520081904542,18.67062216837077,32.163976291218944
2028-07-24,25.366200260233878,18.554103393501247,31.88315051522969
2028-07-25,25.35751799577789,18.776603118033297,32.15226198881262
2028-07-26,25.35982720121676,18.76496495639442,32.21246285881082
2028-07-27,25.34843439289273,18.728707528823087,31.737801789934906
2028-07-28,25.35181666215828,18.790941912028085,32.09776170639073
2028-07-29,25.354250132384426,18.644333461768408,32.22836746056205
2028-07-30,25.353128431119096,18.62316313949116,32.05197215672446
2028-07-31,25.318579873534393,18.954593478585767,32.23449323535308
2028-08-01,25.306299449589925,18.698109470727175,31.957152330601566
2028-08-02,25.30473336176997,18.561695855698016,32.309077326194
2028-08-03,25.28928538938808,18.750770899623994,31.81749421938121
2028-08-04,25.288532059652457,18.86295737430047,31.958744614498055
2028-08-05,25.286848344970494,18.518272036251613,32.04801016095947
2028-08-06,25.281723500071326,18.700434747297027,32.21689060872078
2028-08-07,25.243375813196817,18.809308346150633,31.732656222993803
2028-08-08,25.227582433548644,18.471800050612526,32.028298361751354
2028-08-09,25.222862081177624,18.632854397729822,32.033110218924406
2028-08-10,25.20467996246223,18.608269006903928,32.08236408063669
2028-08-11,25.201661905030235,18.66044460808305,32.273305823142906
2028-08-12,25.198219450899536,18.399259468463995,31.566752917373492
2028-08-13,25.19186552592182,18.774812467980677,31.725080759074174
2028-08-14,25.152829449588168,18.69623597606886,31.87602776297433
2028-08-15,25.136887423023914,18.686450846354756,32.069137857087796
2028-08-16,25.132546263832076,18.424173840071614,31.889436138795244
2028-08-17,25.1152496616621,18.327808878591355,31.772450526135714
2028-08-18,25.113593909130984,18.442530400507767,31.98064046972771
2028-08-19,25.111954779784263,18.33209443009638,31.903043606969515
2028-08-20,25.107805098595612,18.63076330530415,32.12652502039275
2028-08-21,25.071331693476406,18.289088585644585,31.7998977752409
2028-08-22,25.058267789653364,18.28360185501467,31.85187733799122
2028-08-23,25.057078541818324,18.365441965704285,32.13802943162201
2028-08-24,25.043168908915295,18.294584496506783,32.00494666681384
2028-08-25,25.04510076428788,18.427489044829866,31.87934008307003
2028-08-26,25.047220860208334,18.255834039294633,31.815939888096313
2028-08-27,25.046979150672843,17.724167436641725,32.03604066163093
2028-08-28,25.014546131837847,17.98181811806078,31.7966690019162
2028-08-29,25.005645246411977,18.219095052044054,31.677841430745563
2028-08-30,25.008738045519504,18.274216427816015,31.807405575943484
2028-08-31,24.999231325798625,18.020597838974965,32.03961588695267
2028-09-01,25.005693161290306,18.04952689682188,31.659149742479215
2028-09-02,25.012479489108955,18.22756384861664,31.84730945250591
2028-09-03,25.017050804630486,18.266451812153772,31.606106564085927
2028-09-04,24.989587687658254,18.14684262480447,31.799051227657248
2028-09-05,24.985821276194862,18.266283225566095,31.884791848471483
2028-09-06,24.994216457586003,18.088243044608564,31.919177546566882
2028-09-07,24.99017707446674,18.401867241862632,31.711063486190103
2028-09-08,25.002260145506263,18.0805176277764,31.98980118278277
2028-09-09,25.014800838428894,18.315292897865106,32.0397345019486
2028-09-10,25.02522782490705,18.2414819171819,32.038242289676155
2028-09-11,25.003677805441058,17.851963982143197,31.830220735123298
2028-09-12,25.00582537792697,18.14473431001166,32.08777604597849
2028-09-13,25.020066065071582,18.447793961786132,31.720431074438572
2028-09-14,25.021721830025452,18.022661377129218,32.13011415078027
2028-09-15,25.039256097362802,18.34994200866535,31.99466490110153
2028-09-16,25.05690001829357,18.15349525057985,31.918177005200338
2028-09-17,25.07196959494669,18.144395516230706,32.059296930381805
2028-09-18,25.054482420989803,18.105121200512315,32.04798809762639
2028-09-19,25.059990165911334,18.090582599931288,32.00859767488543
2028-09-20,25.07676455728226,18.331197538975726,31.7640303008407
2028-09-21,25.080006116594184,18.3628089978788,31.978069627429967
2028-09-22,25.098062581046257,18.45497599515396,32.32139001021475
2028-09-23,25.115058656751096,18.01448040724109,31.771911014861594
2028-09-24,25.1282166187603,18.043956290577505,32.334351681004
2028-09-25,25.107476412568374,18.494554356400986,32.292371688207645
2028-09-26,25.10833128165089,18.02106196067878,32.09040522169228
2028-09-27,25.11901657548777,18.07432144424489,32.034381335526476
2028-09-28,25.11472089973157,18.04476730759209,32.07343210297481
2028-09-29,25.12380645579099,17.550692527935045,32.33364027571937
2028-09-30,25.130440141725952,18.379965170112754,31.933831455972996
2028-10-01,25.131914870207993,18.272222421573954,32.196499945567915
2028-10-02,25.098269714506795,18.194971084645598,32.1302113189274
2028-10-03,25.085124880914236,18.068704190564073,32.21065816058263
2028-10-04,25.080869154569406,18.258314695881197,32.05048641341092
2028-10-05,25.06086899210007,17.92095023743077,31.957840482515497
2028-10-06,25.053686139393708,18.057326642121907,31.942356732769305
2028-10-07,25.0437053962139,18.018068662971125,32.587808304305106
2028-10-08,25.028452050945393,18.03742808817277,31.898180703006275
2028-10-09,24.978207680108795,18.171064412366658,31.960037952492975
2028-10-10,24.94884040882152,17.962748273415162,32.04539593439058
2028-10-11,24.92898738854693,18.17408730916154,31.998595649383212
2028-10-12,24.894258783705283,18.138849582769716,31.93990124120468
2028-10-13,24.873450269291038,18.0359352677862,31.88500945515688
2028-10-14,24.85116578740211,17.871636608319868,31.86582730450326
2028-10-15,24.825130211128055,17.66834921870393,32.071198779594646
2028-10-16,24.765800731160585,17.752173505265322,31.775571650152585
2028-10-17,24.72919317428197,17.9876237476871,31.74510509859082
2028-10-18,24.704061112178717,17.82832452650433,32.0066449877531
2028-10-19,24.666097140569743,17.521159681082292,31.94153899182396
2028-10-20,24.644143402998488,17.65922414820645,31.932002082673254
2028-10-21,24.622813161184883,17.43623612808546,31.92435855237191
2028-10-22,24.59980309457147,17.503937694844996,31.82066985542307
2028-10-23,24.54550515780577,17.60647850497657,31.561773491988482
2028-10-24,24.51583419743732,17.582857968792048,31.161071931451893
2028-10-25,24.499409157284035,17.88905936519226,31.687101140070347
2028-10-26,24.47175720303662,17.425704704631762,31.478520806764912
2028-10-27,24.461527771929134,17.165255178769236,31.317512031120035
2028-10-28,24.453118263503725,17.248369263033776,31.746377981666768
2028-10-29,24.44399095320898,17.262830403087754,31.45245833302313
2028-10-30,24.40428984433589,17.412200338175325,31.58735472331643
2028-10-31,24.389673537021743,17.165694188332658,31.564296779406547
2028-11-01,24.388501815204595,17.026620913938515,31.36905518649861
2028-11-02,24.37604515096784,17.314342403967785,31.202838286559658
2028-11-03,24.38070400189319,17.462824204502905,32.08590359108455
2028-11-04,24.3866394916687,17.22226019433847,31.798657132888504
2028-11-05,24.391094937659425,17.145852326291912,31.298358081695916
2028-11-06,24.364016833779274,17.276807652664363,31.429953167115322
2028-11-07,24.360891273898027,16.85048442811756,31.904809834975314
2028-11-08,24.36993343924472,17.23688293290127,31.673485001051667
2028-11-09,24.366299289837027,17.178808297090235,31.646341306188496
2028-11-10,24.378306295604396,17.15692348896968,31.63702724984105
2028-11-11,24.39006477783203,17.31799622515232,31.28187152068885
2028-11-12,24.398799325653954,16.913829483724204,31.853288317303488
2028-11-13,24.374468917327977,16.94274216356435,31.404121876520197
2028-11-14,24.372601772449574,17.02144571216547,31.720343939187646
2028-11-15,24.381482617635395,17.541058244561366,31.881154126885555
2028-11-16,24.37636158104485,17.502405557864538,31.691230845551566
2028-11-17,24.385671640688223,16.860838181711614,31.53255266585377
2028-11-18,24.393656297676326,17.03493667527461,31.728345325736836
2028-11-19,24.39768704793033,17.264261709298914,31.698084617971652
2028-11-20,24.367879395942452,17.172498628699845,31.605371592399983
2028-11-21,24.359923552368112,17.16365941717657,31.648146973073057
2028-11-22,24.36226761205599,17.172108913691897,31.624650150272178
2028-11-23,24.35032253717687,17.1427454851736,31.871055135102214
2028-11-24,24.352675971852154,17.30405086516036,31.540637884414917
2028-11-25,24.3537166502607,17.02227018368558,31.59219368438684
2028-11-26,24.350949049483482,17.1361356220871,31.9276583135567
2028-11-27,24.314607093301724,16.983887239472864,31.79403536529452
2028-11-28,24.300483094677602,17.184029570797843,31.770295069494697
2028-11-29,24.29710976173148,16.981540492307673,31.359103745577517
2028-11-30,24.279964601842494,16.993082607343663,31.506300660827872
2028-12-01,24.277683742025303,17.000632838355614,31.803584243794646
2028-12-02,24.274686901682102,16.719154043340435,31.58089130220152
2028-12-03,24.26849312658849,16.791887925029478,31.79207347769893
2028-12-04,24.229336032993057,16.990014504244932,31.623181873391477
2028-12-05,24.21299467931187,16.95454631902003,31.68476253424244
2028-12-06,24.20797780947968,16.972699222493727,31.458727992350983
2028-12-07,24.189730714003346,16.832613865564717,31.720855329484994
2028-12-08,24.186851633377046,16.518818427348116,31.900307294410812
2028-12-09,24.18371934457279,16.8595054217825,31.72274594270849
2028-12-10,24.177811445238376,16.96486114784316,31.29408180998652
2028-12-11,24.13932199441381,16.905072566370894,31.51531209274223
2028-12-12,24.12399454416565,16.857761808651578,31.561287490208
2028-12-13,24.120308232697315,16.39125128564927,31.601893860346625
2028-12-14,24.103686123342854,16.756916166273275,31.672093111589515
2028-12-15,24.102712666197053,16.558851956347276,31.530586967975115
2028-12-16,24.10176189037633,16.97856833210124,31.690907784502038
2028-12-17,24.098315824959954,16.385859647082526,31.47218854529701
2028-12-18,24.062581807405312,16.590116279727717,31.75476411797735
2028-12-19,24.05032473030749,16.891038492695387,31.57534769363058
2028-12-20,24.050051929397238,16.795774384591216,31.567993726739875
2028-12-21,24.037219944263487,16.81413294519019,31.907551008857762
2028-12-22,24.040450088806278,16.94946929775918,31.39477521829535
2028-12-23,24.0441545108184,16.768264996219653,31.633217641377456
2028-12-24,24.04585231894959,16.825341691186363,31.73965190753432
2028-12-25,24.01578452221344,16.59074885979791,31.92394860533494
2028-12-26,24.009743922582437,16.82735136407626,31.41357076133098
2028-12-27,24.01625775360901,16.50574936592162,31.38677991940577
2028-12-28,24.010792383988896,16.257602262434744,31.77126370625938
2028-12-29,24.021967104991468,16.405100571052945,31.53516764283843
2028-12-30,24.034178754829615,16.461136549531435,31.490502543057453
2028-12-31,24.044916821160356,16.58363553321723,31.9945122054365
2029-01-01,24.024377816920918,16.636188299870966,31.511313650364063
2029-01-02,24.028295105431276,16.70051327954901,31.205802566802532
2029-01-03,24.04512198711639,16.70270303125863,31.681454666112536
2029-01-04,24.050237369393017,16.595388488284065,31.487236381748055
2029-01-05,24.07216102419641,16.863003456675326,31.54448877498233
2029-01-06,24.095180154926755,16.80029679649128,31.54666269351228
2029-01-07,24.116666866651506,16.761576808786,31.35248705611441
2029-01-08,24.106695272625252,16.81373083479777,31.42263208089745
2029-01-09,24.120874337884292,16.5201792331206,31.81407651376623
2029-01-10,24.14753418624533,16.86200313553489,31.49997353911437
2029-01-11,24.161935097912036,16.494574364670253,31.81079919188349
2029-01-12,24.192486102329116,16.700311298007197,31.818969617246776
2029-01-13,24.223374785751595,16.76431406720024,31.67028688694623
2029-01-14,24.25188780571071,16.457081362722025,31.792380295441156
2029-01-15,24.248030747569484,16.643131158597985,31.60518970799593
2029-01-16,24.267363332923235,17.209452314929784,32.126042932380884
2029-01-17,24.298187624905136,16.8988537289773,32.11270803225852
2029-01-18,24.31575838870129,16.83473725267702,31.827681193722903
2029-01-19,24.348502457652017,16.513723793288968,32.05696106174536
2029-01-20,24.3806486866458,16.518889208770336,32.28002406141371
2029-01-21,24.409547965103936,17.006220192751414,31.977355513514095
2029-01-22,24.40529192361653,16.906085008608926,32.18749597390379
2029-01-23,24.4235463618939,17.01644335364555,31.811260077966285
2029-01-24,24.452737079803782,17.17125517803689,32.02489803232694
2029-01-25,24.46825732447766,17.03424171454711,31.988133122802818
2029-01-26,24.498683775147846,17.16329071002286,32.52524186742277
2029-01-27,24.528402733448203,16.67182015697486,32.262846716827774
2029-01-28,24.554926089905937,17.19928857655442,31.984186119823924
2029-01-29,24.548505808805615,16.91590863361086,31.844613653625668
2029-01-30,24.564963073870878,17.268529343734322,32.361012724150875
2029-01-31,24.592869894715697,17.1379106693178,32.195107080239126
2029-02-01,24.60775250523891,17.007868443803027,32.60562943982052
2029-02-02,24.638303590415102,16.79235437027736,32.501403055307144
2029-02-03,24.669005117229535,17.0170532615542,32.2898290511532
2029-02-04,24.69744143856291,17.446928083401644,32.27561213458709
2029-02-05,24.693911497403274,16.942855933827975,32.719676736969255
2029-02-06,24.714256343580182,17.361002818840525,32.52688723737427
2029-02-07,24.747039815120512,16.897226431871367,32.6440842681631
2029-02-08,24.767751748303137,16.942928699125606,32.70189691544059
2029-02-09,24.805020765387535,17.048906538683653,32.64853785931481
2029-02-10,24.843238407414386,17.03644933294212,32.70156965101472
2029-02-11,24.879874251691096,17.350398894349755,33.08708698818912
2029-02-12,24.88509079200898,17.16439347380163,32.684781860206336
2029-02-13,24.91457422555578,17.270687097528167,32.79472012981115
2029-02-14,24.956718913316536,17.44725129384159,32.53074918965183
2029-02-15,24.986834777953323,17.037673034929927,33.0485793609299
2029-02-16,25.033364576055913,17.58781273769184,32.77597715409017
2029-02-17,25.08051269115934,17.29876165122774,32.88017090055718
2029-02-18,25.12556496064181,17.56382741496712,33.015374232789284
2029-02-19,25.138508186097003,17.365902180303102,33.30481956086989
2029-02-20,25.174865344384507,17.578842354152552,32.90913142221991
2029-02-21,25.22288414468981,17.654344673662784,33.17989253085583
2029-02-22,25.257748082901823,17.119060222708157,33.33145293638771
2029-02-23,25.307796829511876,17.354442818062655,32.97017678527478
2029-02-24,25.357157511669197,17.356047871987915,33.42409324489093
2029-02-25,25.403066334138785,17.625489120588078,33.315114554052535
2029-02-26,25.415489139787535,18.103116972350552,33.35137299929152
2029-02-27,25.449956898686654,17.988004952910646,33.220742247914686
2029-02-28,25.49475376474917,17.718424727409666,33.17606993427998
2029-03-01,25.525126866730453,17.28473213170184,33.037972042750646
2029-03-02,25.569504706869875,18.02203651778843,33.55616924308518
2029-03-03,25.61212578540303,17.760237588554244,33.57257403017408
2029-03-04,25.65035697220922,17.94527059641266,33.36339249766444
2029-03-05,25.654310319505267,17.738481780833464,33.37291681588213
2029-03-06,25.679674412083724,17.841735080695887,33.60228132099462
2029-03-07,25.714898012479164,17.65473133081622,33.5108371965828
2029-03-08,25.735395294055127,18.105994335838584,33.74301658167353
2029-03-09,25.769759665513256,17.963360635181157,33.58027721927191
2029-03-10,25.80238793562246,18.132582974726013,33.64684063528356
2029-03-11,25.83079446658469,17.93916875462146,33.583212386876674
2029-03-12,25.8252241300193,18.060394218365484,33.89303768035223
2029-03-13,25.84148027158976,18.242758297216678,33.698140655294125
2029-03-14,25.868105537478822,18.111671853024948,33.59908772068194
2029-03-15,25.880584935027425,17.799342085892686,33.832240775462395
2029-03-16,25.907558191573777,18.114610778315335,33.86362859676075
2029-03-17,25.93344320025945,18.432524569443917,34.00597572104874
2029-03-18,25.95575021944777,17.908820722896024,33.74276043161763
2029-03-19,25.94469563567839,17.873565203628235,33.991735067581814
2029-03-20,25.956031469929638,18.4780380899423,33.92314123202897
2029-03-21,25.97822843268065,18.099580114374643,33.82338389975468
2029-03-22,25.986681832279896,17.976763611134245,33.943639422769486
2029-03-23,26.009927314692884,18.331331303633196,34.24981134920586
2029-03-24,26.03226812174871,18.288610079411356,34.07148730002283
2029-03-25,26.051093420135185,17.987063515537475,33.80367000832672
2029-03-26,26.036496387234074,18.17530476716141,34.161320017989674
2029-03-27,26.04410810387395,18.07522450934183,34.188881806727686
2029-03-28,26.062284927718622,18.269322598398496,34.38744233532437
2029-03-29,26.066318521762753,18.341500187541335,34.04577284026922
2029-03-30,26.084655391510168,18.43191638043869,34.31992438490211
2029-03-31,26.10152750263072,18.42771794544216,33.65521869594001
2029-04-01,26.114273428580375,18.438013074305857,34.3997561271214
2029-04-02,26.092958627085416,18.32752577264498,33.90870212521477
2029-04-03,26.093210826547484,18.151540658072392,34.273102988855555
2029-04-04,26.103408147284092,17.99529898747087,34.42144922469386
2029-04-05,26.098889104980877,18.51486154516309,34.288630090704594
2029-04-06,26.108171345394645,18.304356825627163,34.47694615669957
2029-04-07,26.11558070033767,18.28732287727357,34.189405383384376
2029-04-08,26.11857005497336,18.0689335144301,34.405041418053706
2029-04-09,26.087336687095252,17.842829203325344,34.34747488397305
2029-04-10,26.077654140716486,18.191271659855314,34.69084555629062
2029-04-11,26.078056357384863,18.21116880803905,34.51240104954029
2029-04-12,26.06404332553589,18.015995841418373,33.881620202577665
2029-04-13,26.064295221099236,17.822198350126797,33.69213190021411
2029-04-14,26.063296761250378,18.003583412595457,34.4313370173551
2029-04-15,26.058651397130035,18.226750462962144,34.2950007887266
2029-04-16,26.020694142014676,18.06196630565551,33.87020112660409
2029-04-17,26.005319229206165,17.798432500596284,34.277902430386064
2029-04-18,26.001160447308415,18.216093403635934,34.18012833520018
2029-04-19,25.98379352618369,17.992746282810128,34.20946198600766
2029-04-20,25.981947645220306,17.439402619044788,33.962681267215295
2029-04-21,25.980127866796913,17.565124584118024,34.46874736392403
2029-04-22,25.975928181940507,17.773038001980847,34.328721727895676
2029-04-23,25.93964400421205,17.8299892301841,33.81969361668118
2029-04-24,25.92710032279385,18.151042616317117,34.07241241154056
2029-04-25,25.9268333557626,17.63754395401252,34.01226508559594
2029-04-26,25.914295046863398,17.58041624915934,34.21756451745984
2029-04-27,25.91806742492766,17.775035542561994,33.97127256703002
2029-04-28,25.922488555224785,17.93434436323966,34.03072360727143
2029-04-29,25.924969677066166,18.084381891355015,33.99876559742244
2029-04-30,25.895612254491212,17.636045013025598,34.1493783145651
2029-05-01,25.890041028319317,17.86618368891817,34.35784630119305
2029-05-02,25.896590777792856,17.939278885997826,33.96315450958556
2029-05-03,25.890515996018863,17.95943178776805,34.247838321468315
2029-05-04,25.90021035678595,17.61675907875171,33.77110963886645
2029-05-05,25.909837561994824,17.684668880541167,34.01467713917637
2029-05-06,25.916653029418462,18.145433542328508,34.14279467999327
2029-05-07,25.890625022242286,17.48815646568233,34.3835526952442
2029-05-08,25.887271196040555,17.717131837486175,34.01379520015001
2029-05-09,25.89484817469808,17.99760628826497,34.034646838501125
2029-05-10,25.888563281398426,17.935170375958105,34.06699660889639
2029-05-11,25.896795244986897,17.59183942494688,33.915696842053634
2029-05-12,25.903725436107564,17.58021728464742,34.51295708288869
2029-05-13,25.906659081382458,18.029788189572503,34.19901471759501
2029-05-14,25.875645069354036,17.75151016166065,33.851827108370664
2029-05-15,25.866310359473417,17.665394103534684,34.30366399400432
2029-05-16,25.867046663621643,17.630721082199905,34.26847303711737
2029-05-17,25.853218604981965,17.76543868590403,33.999781932162584
2029-05-18,25.853380271767765,17.762870963196114,34.102915683934604
2029-05-19,25.851901833175074,17.458310379347168,34.18997097639632
2029-05-20,25.846285791404693,17.612849424871015,34.085299391595996
2029-05-21,25.806781618139475,17.562164042862168,33.89604834330148
2029-05-22,25.789214926758955,17.57151950974351,33.97885076757008
2029-05-23,25.782168991205943,17.61021820549939,33.98573184945999
2029-05-24,25.76118795525124,17.358402929047998,33.9850811516688
2029-05-25,25.754988782245587,17.276449043546773,34.30937886267611
2029-05-26,25.748083735307002,17.342905985746683,34.29719463641982
2029-05-27,25.738093071000648,17.906113917118205,34.181130962362126
2029-05-28,25.69535678777125,17.402264385417222,34.130872848313544
2029-05-29,25.675761654431298,17.34717281087833,34.23665266246765
2029-05-30,25.667921382829466,17.79723399483169,34.05274565156125
2029-05-31,25.64737931946808,17.41460102036726,34.082438733914515
2029-06-01,25.642820714247506,17.3905746251785,34.118068740551045
2029-06-02,25.638696341342683,17.482341403887364,34.051010977450545
2029-06-03,25.632537117852085,17.87935876256838,33.73973400875363
2029-06-04,25.594568502753106,17.19366686688753,33.64331179417874
2029-06-05,25.580540823213674,17.064302339077265,33.762698284443786
2029-06-06,25.578913296910162,17.39812859759283,33.80031126147068
2029-06-07,25.565061015196004,16.994419642214407,34.03781377585895
2029-06-08,25.567491824104508,17.070405244863302,33.7229859433907
2029-06-09,25.57047474918427,17.356946975392486,34.15040697289813
2029-06-10,25.571359476648993,17.350852945353008,33.937822978683826
2029-06-11,25.540195539822296,17.260269468458603,33.933844102889815
2029-06-12,25.532567227716225,17.18194807111341,34.19712912822016
2029-06-13,25.536781861129707,17.41560416147092,34.080743669166274
2029-06-14,25.52808058820571,17.156457790952327,34.29752528886086
2029-06-15,25.53485853693118,16.648020311009514,34.146610005349196
2029-06-16,25.54129588717265,17.380060814532946,33.97485687027665
2029-06-17,25.54467930959678,17.00908418409556,33.82019258826699
2029-06-18,25.515022375254212,17.200041395043826,34.19438335874307
2029-06-19,25.507900928464796,17.026865587399307,34.219014884623704
2029-06-20,25.51164106567145,17.55994392625096,34.03123510487248
2029-06-21,25.501528890793544,17.0597736227676,34.4865165077339
2029-06-22,25.506028923748758,16.959202329613884,33.88492255413725
2029-06-23,25.50941278315471,17.36716602675264,34.069153290474375
2029-06-24,25.509077666362824,17.09049045177956,33.93269156020236
2029-06-25,25.475163321443517,16.88240137555109,33.8940837888993
2029-06-26,25.46338360689035,17.03712255917007,33.87989671289411
2029-06-27,25.462210394048828,17.243820313904234,34.11686073599224
2029-06-28,25.44707910106482,17.055259255121843,33.981343106142496
2029-06-29,25.44660285574261,17.109095654758296,34.00709958599122
2029-06-30,25.445197028056302,17.0551257444814,34.25763482516401
2029-07-01,25.44039377079097,16.85518032209364,34.03294081424532
2029-07-02,25.40245537060951,16.520927427687624,34.1456951929171
2029-07-03,25.387202602358627,16.916223223670713,33.98513528703693
2029-07-04,25.38319592539726,16.85503988720543,33.76376173273962
2029-07-05,25.365938879009587,16.680305550122444,34.07735794039183
2029-07-06,25.364090725312913,16.891281149627744,34.13668195645017
2029-07-07,25.362090112933664,16.694659068300766,34.18164954468494
2029-07-08,25.35746941328746,16.873488247949314,34.14806763678091
2029-07-09,25.320468525839825,16.965352501899858,34.21460617297286
2029-07-10,25.306864320407946,16.767484891775823,34.03820850126622
2029-07-11,25.305153512688666,16.757151855752753,33.91191543147692
2029-07-12,25.29075827114449,16.740379529578835,34.090911382739336
2029-07-13,25.2922415303434,16.464711043255992,33.88444478858366
2029-07-14,25.293933698692346,17.008922851588203,34.134498530654895
2029-07-15,25.293250317728237,16.486473191339915,34.08349233341531
2029-07-16,25.260309368248148,16.686749018412492,34.031803135268426
2029-07-17,25.250764286891123,16.870146973010545,33.749088722459085
2029-07-18,25.25299038469038,16.49952171759076,33.85204257466519
2029-07-19,25.242293863924317,17.188549495755517,33.794296770437114
2029-07-20,25.247130312394578,16.536379179293174,33.91460980251389
2029-07-21,25.251734275685273,16.560826893279554,33.960230985452455
2029-07-22,25.253439388217007,16.709178070472632,33.935814128979324
2029-07-23,25.22229769515452,16.733226788099245,33.77918021962555
2029-07-24,25.213914180353218,16.826965079637027,34.23315257263311
2029-07-25,25.216634159427535,16.687813970553325,34.11328320129098
2029-07-26,25.205752718521726,16.711697967327687,34.49504670613772
2029-07-27,25.20973307904444,16.59764625446655,34.21479154904823
2029-07-28,25.212835506591976,16.449306257993392,34.330953448604355
2029-07-29,25.212436278260267,16.426482481729902,33.84135991272532
2029-07-30,25.178645388207265,16.456291081607166,33.60813811354964
2029-07-31,25.167139067145367,16.42007319345448,33.43957327139806
2029-08-01,25.166344845948608,16.885651304465505,34.13108919123456
2029-08-02,25.151648423279877,16.657681251617557,33.645328975891246
2029-08-03,25.151609302432504,16.286435112684035,33.92306940320055
2029-08-04,25.15058690341676,16.662215491191876,33.81640871035518
2029-08-05,25.146056752364043,16.421927783112565,33.82084625702396
2029-08-06,25.108225513286985,16.540550830440694,33.51432252088343
2029-08-07,25.092861017715485,16.552302828001825,33.61216134548082
2029-08-08,25.08847509445198,16.195871091519844,33.61989416343467
2029-08-09,25.070528521460833,15.772715522196156,34.07653040299193
2029-08-10,25.06764511542662,16.186772980144593,33.788321387020105
2029-08-11,25.06423670214678,16.06549358444219,33.810711165281084
2029-08-12,25.057818592773177,16.143337006242554,34.402957664055656
2029-08-13,25.018624339159462,16.116102708082728,34.13840650263412
2029-08-14,25.002435917283275,16.433387161840322,33.543507142412324
2029-08-15,24.997767120089737,16.298069629460617,34.07884801706485
2029-08-16,24.98006944742203,16.409009625193594,33.88672541319308
2029-08-17,24.977947462083815,16.241519340817618,33.613896107222494
2029-08-18,24.975785298274033,16.70270250428673,33.91623169157749
2029-08-19,24.971063882076315,16.18210333416793,33.79649445928344
2029-08-20,24.933977565816253,16.29688350107651,33.96488872005775
2029-08-21,24.920266250177377,16.36798216222664,33.96720316801498
2029-08-22,24.918400699303156,15.905159322415818,34.13676751979045
2029-08-23,24.903790261999983,16.059950056359867,33.79576450956965
2029-08-24,24.904999897659298,16.033289090467377,33.526271110972175
2029-08-25,24.906378129249067,16.21167095785594,34.13893769362749
2029-08-26,24.905375427896487,16.225601756313512,33.71778665082183
2029-08-27,24.872161686346896,15.82601683984111,33.62770937576355
2029-08-28,24.862458822849618,16.205159821514048,33.70253756090471
2029-08-29,24.864726201690218,16.03413392105514,33.92401017424426
2029-08-30,24.85436807853035,16.215329135366943,34.13618667305939
2029-08-31,24.85994997850919,16.048961026908948,34.08839590779137
2029-09-01,24.865825652867073,15.99112856916647,33.75956774869299
2029-09-02,24.869454155397154,16.067337125350267,33.845163406081284
2029-09-03,24.841015745032724,16.040784896004915,33.86957618164524
2029-09-04,24.836242715819605,16.251680719384357,33.665694208101065
2029-09-05,24.843602908959138,15.608025195169189,33.50936563301789
2029-09-06,24.838505190071437,16.005317651279483,33.68154478344806
2029-09-07,24.84951387869748,16.076658721926375,33.93699935070379
2029-09-08,24.86097385629443,16.07259709355482,33.59451016169687
2029-09-09,24.870325973264947,16.125730190798453,34.11586717578844
2029-09-10,24.847721536587237,15.92231749582005,34.03277482622202
2029-09-11,24.848852047986366,16.201673606398696,33.709892983964046
2029-09-12,24.862132007007244,15.6777286658282,34.1684436378604
2029-09-13,24.8629041106348,16.351992340714293,33.71616405911638
2029-09-14,24.879653871923757,15.840990863560911,33.994463921822394
2029-09-15,24.896635404836196,16.36971671727299,33.597132830548055
2029-09-16,24.91118800122092,16.025546770124325,34.16293067428939
2029-09-17,24.893352270803472,15.725730004237045,33.427304844149205
2029-09-18,24.89870198726613,15.91531131129936,33.978258588763154
2029-09-19,24.915529412202915,16.208099355720453,33.93977703445175
2029-09-20,24.919053371244548,15.98348273294645,33.937235447718244
2029-09-21,24.93763703410842,16.139624746405424,34.1469222897612
2029-09-22,24.955417063553718,16.395726099027645,33.674584276316196
2029-09-23,24.969623667693284,16.045920117348615,34.173406920409846
2029-09-24,24.950200228335287,16.025192490193664,33.85968245244593
2029-09-25,24.952638546341547,15.865076057453111,34.20221263456922
2029-09-26,24.96516737277452,16.038548694336793,33.699832525766844
2029-09-27,24.962963399246064,15.558772954127777,34.34674657166708
2029-09-28,24.974371563527253,15.958446907867009,34.31383016864386
2029-09-29,24.983536247824585,15.870107819514395,34.04529493023582
2029-09-30,24.987722827482155,15.915726109066613,34.03114481555735
2029-10-01,24.956938179446162,15.653732761348607,33.782031811121804
2029-10-02,24.94676614362928,16.25954352307341,34.219325551220805
2029-10-03,24.945555575287464,16.299840849262562,34.12391347429484
2029-10-04,24.928630149596277,15.863175993146582,33.6606517770955
2029-10-05,24.924506781403522,15.646101248528122,34.239759821166295
2029-10-06,24.91752426381543,15.704811919653077,34.207466622972206
2029-10-07,24.905161628572206,15.969009304006857,34.463951472224295
2029-10-08,24.85765490078711,16.01168575538012,34.1976226530221
2029-10-09,24.83082832099854,15.60301793470894,33.9458404277319
2029-10-10,24.813277767109554,15.543583446728634,33.86273267692176
2029-10-11,24.780575644130113,15.547414863374893,33.83699506333712
2029-10-12,24.761484220947462,15.876143762793994,33.94513981553093
2029-10-13,24.740579140490325,15.512956388761385,33.704662613921265
2029-10-14,24.71556273217011,15.583962495599547,34.081076154144625
2029-10-15,24.656875924906693,15.501494412193857,34.004189661182046
2029-10-16,24.620524955837897,15.435760968382219,33.833522102812886
2029-10-17,24.59526072250506,15.918152712392246,34.21183680457319
2029-10-18,24.55678015153399,15.325870483613313,33.57399769722745
2029-10-19,24.533936655114445,15.127242283350208,33.34804832611372
2029-10-20,24.51136147812438,15.503857011016736,34.19999204457228
2029-10-21,24.48677562348071,15.482844219685571,33.76977473645854
2029-10-22,24.43060119328375,15.414004975246963,33.69145806351158
2029-10-23,24.398788359502376,15.564785390267144,33.50088723247699
2029-10-24,24.379995809435435,15.507376364704268,33.3626813237306
2029-10-25,24.34979401520991,15.321280069924741,33.92927620305139
2029-10-26,24.3368783542137,15.046070780056368,33.136778168343994
2029-10-27,24.325693819403394,15.077937277030147,33.515393670041156
2029-10-28,24.313750925349687,15.047542538890161,33.59492898690441
2029-10-29,24.271241550208586,15.171313876563,33.62028617084384
2029-10-30,24.253870816939,14.983219144202847,33.435905909118574
2029-10-31,24.25004273848348,14.956131302202817,33.26926987078298
2029-11-01,24.235068848789034,15.00931275180279,33.784676634998334
2029-11-02,24.237386715743447,14.858280429938631,33.975291342464125
2029-11-03,24.241189944204326,14.866977663914815,33.50183471280546
2029-11-04,24.24374914777087,15.141443362436105,33.50592747872485
2029-11-05,24.21503250921736,14.92593760814158,33.27036027083505
2029-11-06,24.210541922747783,15.081577964262,33.559928580797525
2029-11-07,24.21850234563845,14.773136467599883,33.65291524811649
2029-11-08,24.21407349949617,14.568781146275285,33.122561543615696
2029-11-09,24.225570753146044,14.957496324063198,33.33469861789195
2029-11-10,24.237096750402713,15.024054920562016,34.049387555108524
2029-11-11,24.245863236622057,14.927219644006035,33.35024154509826
2029-11-12,24.221811699814722,15.267946770569464,32.87923858755098
2029-11-13,24.22044883584182,14.63848653966453,33.73532559996113
2029-11-14,24.230034501404567,14.813475970949941,33.77498044263091
2029-11-15,24.22579134975129,14.607437568655424,33.282693175440514
2029-11-16,24.23612305258507,14.832728870992913,33.32854426052143
2029-11-17,24.24524275746284,14.832538827937997,33.795553680815296
2029-11-18,24.250491332567158,14.803112880439619,33.36536462394671
2029-11-19,24.221954121652463,15.00998832995314,33.94588856531643
2029-11-20,24.215292331581097,14.915917988853536,33.39130222482711
2029-11-21,24.21892683165712,15.184788002521914,33.4651333843709
2029-11-22,24.20824367445055,15.278941406929984,33.830962561862655
2029-11-23,24.211808352379844,14.566439872295634,33.718287143739474
2029-11-24,24.21399054302801,14.762222200146608,33.43904948832465
2029-11-25,24.21227898880089,14.815188786005208,33.695595328940236
2029-11-26,24.17689531494571,14.49129576797354,33.35634686322621
2029-11-27,24.16362297491859,15.052356171480493,33.43520480766828
2029-11-28,24.160989152542545,14.725927710435124,33.44079249266757
2029-11-29,24.144468963365117,14.712242351598794,33.464674036474506
2029-11-30,24.142698984023045,14.814740114637182,33.73975933767598
2029-12-01,24.140101858865567,14.47569307620524,33.893797711206815
2029-12-02,24.134201607886325,15.142453205356608,33.6925597394827
2029-12-03,24.09523840158311,14.811674154225212,33.59790425936994
2029-12-04,24.078998937955518,14.439462928490808,33.689296858049524
2029-12-05,24.0740001838545,14.903932086691723,33.41983703620457
2029-12-06,24.055695744718935,14.44597831024791,33.54455020052198
2029-12-07,24.05269180462415,14.425120260684674,33.81201932143183
2029-12-08,24.049374293342108,15.01536568175777,33.27575504401309
2029-12-09,24.04322680926846,14.534747648574616,33.42569350015504
2029-12-10,24.00444796903124,14.987369214134585,33.42312947918054
2029-12-11,23.988784227614588,14.324958414524586,33.350352895426376
2029-12-12,23.984715846121027,14.83402329680958,33.977411184678694
2029-12-13,23.967665195092646,14.009136625581917,33.53319014987768
2029-12-14,23.966214270509095,14.765108641845698,33.18124902070207
2029-12-15,23.96473302767503,14.23586440921466,33.46038617022708
2029-12-16,23.960698025225074,14.58951109503129,33.64368715217289
2029-12-17,23.92431002938463,14.490281415100961,33.27624550286881
2029-12-18,23.911326618145047,14.58894951220335,33.171569473418195
2029-12-19,23.91024747487025,14.80822103839822,33.4653174229903
2029-12-20,23.896521587700878,14.407891612734007,33.12022527363969
2029-12-21,23.898763275406594,14.43077892052734,33.71516118614757
2029-12-22,23.90137870202688,14.395410141595432,33.514592190389564
2029-12-23,23.901882441353017,14.08155285241811,33.541649805007395
2029-12-24,23.870512819632637,14.37933174947508,33.42630240651026
2029-12-25,23.863062161242627,14.298933043421426,33.65338088082956
2029-12-26,23.868059715965682,14.13980821423365,33.248221433844506
2029-12-27,23.86097657447267,14.050263329493436,33.49870541693711
2029-12-28,23.870439581017447,14.484419344626184,33.34538338197351
2029-12-29,23.88085598924681,14.782393456710174,33.41095602345511
2029-12-30,23.88972849815934,14.016181538783314,33.44962104867273
2029-12-31,23.86726946242979,14.103178650878547,33.70700188093082
2030-01-01,23.86923045529716,13.947808856795067,33.9170284650938
2030-01-02,23.884085001842614,14.598910274492933,33.55938109203636
2030-01-03,23.8872338127629,14.717597837746817,34.13900096332803
2030-01-04,23.907219534520852,14.217415964340828,33.02676068688448
2030-01-05,23.92835275159317,14.12024003784332,33.56415200180416
2030-01-06,23.94802885071576,14.26794257895786,33.440660875672805
2030-01-07,23.936344497904244,14.236060723163492,33.75362824819534
2030-01-08,23.94892984785194,13.882079571439098,33.9122440215675
2030-01-09,23.97413423143005,14.469131315589749,33.46996008299628
2030-01-10,23.987234567857236,14.225008445244514,33.90041433739208
2030-01-11,24.016653424904067,14.191974148693513,33.82000234523015
2030-01-12,24.046588364114836,14.350839110109513,33.833905786417645
2030-01-13,24.07433207896168,14.361804554994775,34.294245857970346
2030-01-14,24.069891974593645,14.926305159201423,33.83012911433458
2030-01-15,24.08882520967951,14.260666013201956,33.865648778217526
2030-01-16,24.119426853066667,14.221521422923198,33.846475282928246
2030-01-17,24.13694031786669,14.277319556324166,34.0805167567791
2030-01-18,24.16977692411322,14.133025679507314,33.68886801886475
2030-01-19,24.202146168856576,14.436767836858206,34.04302868852087
2030-01-20,24.23137616958053,14.130291417156625,34.053788653929594
2030-01-21,24.227532905145498,14.373250054523737,34.04153926884965
2030-01-22,24.246254268884563,14.795555604360557,34.20315709741892
2030-01-23,24.275936599729818,14.568668588374905,34.30850770230296
2030-01-24,24.29194288604144,14.64181699994979,33.78913311622466
2030-01-25,24.322819543577005,14.88404197865121,33.654420936959326
2030-01-26,24.352923413763317,14.856095946272685,34.35138301663919
2030-01-27,24.379738530688158,15.006726228476435,33.90238774797653
2030-01-28,24.373491376593194,14.092734870992597,33.72342690799863
2030-01-29,24.389980746463944,14.62641838853291,34.24413591797887
2030-01-30,24.417760001006506,14.605846131209322,33.9548721768669
2030-01-31,24.4323410203298,14.669653545370506,34.33879622178465
2030-02-01,24.462406878285087,14.640513159319697,34.14272093940177
2030-02-02,24.492434999574954,14.705138919874969,34.056029571891486
2030-02-03,24.520010458074577,14.607789839852686,34.633148877123226
2030-02-04,24.51543823699194,14.341585783019445,34.39315377429103
2030-02-05,24.534570660132868,14.80742462717828,34.48105059386212
2030-02-06,24.565987847394975,14.570952202681138,34.17340853493718
2030-02-07,24.58520056353482,14.845931111317366,34.43604127908052
2030-02-08,24.620862517990037,14.42292668352838,34.37915575562954
2030-02-09,24.657393895574614,14.870037281116403,34.48027222490662
2030-02-10,24.69229577336246,14.973658547077262,33.97305332813113
2030-02-11,24.695764220368574,15.051000422073916,34.92784985849201
2030-02-12,24.72352024490407,14.770454273860357,34.486442379650065
2030-02-13,24.763993379073796,14.48373871011019,34.85708236827619
2030-02-14,24.7925281882165,14.74530417021693,34.608468565651776
2030-02-15,24.837600666452605,14.624281592475155,34.72289158707536
2030-02-16,24.883446188775597,15.500462705271863,35.02882210826875
2030-02-17,24.927378555933277,15.184920469847649,35.09660658228582
2030-02-18,24.939408803252405,15.056604643576797,34.16637612575182
2030-02-19,24.975079809974773,15.085949482327555,35.20677140320136
2030-02-20,25.022654371049146,15.018947555714327,35.32945648863255
2030-02-21,25.057325896069884,15.053069274790118,34.7453713455328
2030-02-22,25.10743858131783,14.995679798098317,34.875454199125464
2030-02-23,25.157118621384758,15.171918475967141,35.20285862240573
2030-02-24,25.203595906872682,15.29973798101394,35.045362176525664
2030-02-25,25.216824806398,14.9702393420461,35.43898658551041
2030-02-26,25.252320015499215,15.079428035567204,35.49963329405392
2030-02-27,25.298345100955757,15.100787848012228,35.03500601808177
2030-02-28,25.330122893318336,15.454613176358231,35.533179440134774
2030-03-01,25.376054583669564,15.509308877894853,35.27883304808377
2030-03-02,25.42034912283785,15.597387693112154,35.08121038453142
2030-03-03,25.460342422156945,14.868205166755398,35.33239557497163
2030-03-04,25.466115025971614,15.180229475545,35.44552567349298
2030-03-05,25.493324327805173,15.832068843771914,35.78092991583722
2030-03-06,25.530389062850706,15.738257062463864,35.394117370436746
2030-03-07,25.552695345597446,15.374483696840706,35.569050519339
2030-03-08,25.588811233173086,15.813718735711435,35.5157125820176
2030-03-09,25.623111542187644,15.73892229985206,35.654331306887975
2030-03-10,25.653092549007763,15.287425684978304,35.90775848494101
2030-03-11,25.64898537200878,15.168657415346882,35.67434586994034
2030-03-12,25.666584229902803,15.35328165109608,35.83782950129201
2030-03-13,25.694427421276227,15.885298969049332,35.924557212059966
2030-03-14,25.70800039366892,15.5125559309562,35.74593466807327
2030-03-15,25.735947966464952,15.422368096822733,36.05070946463771
2030-03-16,25.76269750079725,15.204115715382036,35.901909844312556
2030-03-17,25.78577269163808,15.562596229010623,35.81826839199329
2030-03-18,25.77540680436693,15.630878450069149,35.86201496874619
2030-03-19,25.787371551442305,15.900484643643866,35.97094296925216
2030-03-20,25.81015943356037,15.222721466891086,35.45756435711287
2030-03-21,25.81918887118528,16.02359768010358,35.658689096043354
2030-03-22,25.84301912777195,15.590213635320987,36.351765128094485
2030-03-23,25.865976736247863,15.86327931658586,36.381233942288404
2030-03-24,25.885473005941826,16.333563379491153,35.76679195150988
2030-03-25,25.871621320745472,15.60458985130769,35.857448908757334
2030-03-26,25.880070302331617,15.508106728592155,36.15725467290731
2030-03-27,25.899190534239757,15.197478076616642,36.3592336999685
2030-03-28,25.90428404109769,15.676720870387705,36.41771699705103
2030-03-29,25.923803393472642,15.436851892718618,36.0556028270461
2030-03-30,25.941982023688432,15.765109687817338,36.33335326445024
2030-03-31,25.95615521184903,15.826977271298599,35.94420654933796
2030-04-01,25.936380346651053,15.905055119136284,36.202253980328265
2030-04-02,25.93827244346566,16.187195559369606,36.27974087541451
2030-04-03,25.950192541720185,16.11870769184677,36.29473714563136
2030-04-04,25.94745812182991,15.903878271889207,36.50834046561094
2030-04-05,25.95856237954427,15.775881940290166,35.9936892702903
2030-04-06,25.967803932824452,15.679952170545993,36.80143903494284
2030-04-07,25.972606433050064,16.073239544691067,36.467770486230656
2030-04-08,25.943136720183407,15.522345065094704,36.070551017744656
2030-04-09,25.93513756097459,15.693823717746788,36.07929575710115
2030-04-10,25.937112668824902,15.672396614463489,36.29547652625871
2030-04-11,25.9245332399936,15.582693538427463,36.4986068051437
2030-04-12,25.926052953629537,15.910368429889617,36.321385541647665
2030-04-13,25.92613313242515,15.867407985835857,36.04407581816736
2030-04-14,25.922357665982116,15.33470372287717,35.95768181750318
2030-04-15,25.88504647168698,15.244324851274454,35.87998451949832
2030-04-16,25.870083668353193,15.773871620443318,35.83114328432906
2030-04-17,25.866098294520203,16.052365970844992,36.177920514976975
2030-04-18,25.84866693261668,15.502381662608345,36.37613456292381
2030-04-19,25.846525302585007,15.19721562608694,36.04639636687056
2030-04-20,25.84419062411524,15.352601612195231,35.933442126610366
2030-04-21,25.839274435164743,15.236865742047554,36.15096013953576
2030-04-22,25.802094707887825,15.366100586736382,36.46671056568256
2030-04-23,25.788503482326377,15.347266003788878,36.022237249585956
2030-04-24,25.787067872244997,14.903144444548845,36.19049620953177
2030-04-25,25.773273803499386,14.952947614716477,36.06866626743831
2030-04-26,25.775739524334675,15.237088774086065,36.56707362584066
2030-04-27,25.778840639791046,15.333346345247975,35.744361857028466
2030-04-28,25.780026289409875,15.484959657751707,35.6561844566287
2030-04-29,25.74943522123528,14.973924520672268,36.308214561337536
2030-04-30,25.742727877122547,15.057879172520117,36.676445779276726
2030-05-01,25.748272224112256,15.000049544180357,35.99512809418642
2030-05-02,25.741352561674844,15.23303298305696,36.16654561040612
2030-05-03,25.75038820634695,15.401467437489655,36.48155240812643
2030-05-04,25.759563664608905,15.199069621000508,36.47957439749277
2030-05-05,25.76614977239857,15.669474673635909,36.35729161505006
2030-05-06,25.740124417926616,15.713840597586904,36.51902654548077
2030-05-07,25.737008834779083,15.26566712506351,35.910931158750564
2030-05-08,25.7450570839358,15.16890512439246,35.72590512469289
2030-05-09,25.739467853547456,15.07884635641743,35.71210616268777
2030-05-10,25.748605395013282,15.222017806446008,36.32784921582714
2030-05-11,25.75663114357083,15.153479801637744,36.171589290423114
2030-05-12,25.760825461222023,15.21467634524709,36.29773656958584
2030-05-13,25.73120810131551,14.978557895058572,36.792239553621584
2030-05-14,25.72337338811502,15.01427915517482,36.035584659295445
2030-05-15,25.72567775984293,15.334514038620178,36.282557279291005
2030-05-16,25.71344885655611,15.220526388218646,36.10839801221484
2030-05-17,25.7152030451058,15.671617424060154,36.273195533767144
2030-05-18,25.715273022194992,14.98706938811826,36.64689817317214
2030-05-19,25.711125042670147,15.374914298089791,36.21404145856435
2030-05-20,25.672974495106164,15.266791022885696,36.28143807428253
2030-05-21,25.656615950755437,15.004032078338634,35.980799964237974
2030-05-22,25.650605473372806,15.295007792013868,36.42914698526758
2030-05-23,25.630464512719435,15.037857389049922,36.40099899507091
2030-05-24,25.624892413910935,14.87642003394461,35.989546326399534
2030-05-25,25.618389318148132,15.157732359177233,35.948563387619544
2030-05-26,25.60856912737564,14.688740950968576,35.933598131491124
2030-05-27,25.565771367778215,14.950338386597933,36.17520045365773
2030-05-28,25.54588817539492,15.10416824458747,36.01514854836578
2030-05-29,25.537544270309816,14.783237058356194,36.066930361341214
2030-05-30,25.51629930078247,14.883075669142904,36.5945882530782
2030-05-31,25.510859626150168,15.005833942120741,36.46268151793224
2030-06-01,25.505701327896894,14.93540075314199,36.04804996339614
2030-06-02,25.49838411222272,15.222438859277187,36.34566355791917
2030-06-03,25.4591649071373,14.635916055701236,36.003403279983885
2030-06-04,25.443827323818184,14.90021924407073,36.231911062645445
2030-06-05,25.44086477512266,14.569580631123552,35.989404901932026
2030-06-06,25.42568654120231,14.551996219886508,36.06152675598397
2030-06-07,25.426833744460854,14.66725481247545,36.05629709770225
2030-06-08,25.42860690455498,14.364216975643336,36.265278115515535
2030-06-09,25.428384609382732,14.520028713051484,36.08830921615866
2030-06-10,25.396241972612515,15.225669248043804,36.101954463872225
2030-06-11,25.38778491368412,14.908985387760678,36.18839145566482
2030-06-12,25.391337921780092,14.786308321146747,35.921924343255384
2030-06-13,25.382154468388215,14.847863253879598,35.80390796154756
2030-06-14,25.388636914895745,14.71043063306654,36.40224485642341
2030-06-15,25.39496748280001,14.644237747158506,36.21439410322873
2030-06-16,25.398429734823644,14.869569954066337,36.1690362950812
2030-06-17,25.369029167610638,14.53800870559514,36.044485761774276
2030-06-18,25.362328901626235,14.549011090434597,35.9695688086097
2030-06-19,25.366638100240028,14.591496442503384,36.29263250746259
2030-06-20,25.357222274511965,14.871031100147016,36.49860302232429
2030-06-21,25.362522333435358,14.588092751632587,36.04225894631882
2030-06-22,25.366783981360115,14.099886511840804,36.016195740854585
2030-06-23,25.36737696464817,14.44111539711272,36.277033688158824
2030-06-24,25.334412839898043,14.472694709907532,36.38169099175838
2030-06-25,25.323577336686522,14.612431725541255,36.2813845642955
2030-06-26,25.323315047137257,14.266225294690047,36.251154699538574
2030-06-27,25.30903570918069,14.308158431651544,36.441071456346044
2030-06-28,25.309329060355285,14.730679439339657,36.00431781517477
2030-06-29,25.308589984308377,14.541495557016779,36.09167925375476
2030-06-30,25.304333572353336,14.558048307106139,36.14489871649512
2030-07-01,25.26680888915517,14.244015190018217,35.92852526760806
2030-07-02,25.251827625372485,14.410987682965962,36.3837535339338
2030-07-03,25.247945469536166,14.225955114791264,35.85722711119276
2030-07-04,25.23066555334285,14.770843773118175,36.07737724035987
2030-07-05,25.22865101954791,14.450438422990066,35.87091680591736
2030-07-06,25.226348490083218,14.258161933729099,36.19249350785438
2030-07-07,25.221302093990808,14.50915895379835,36.279169650987896
2030-07-08,25.18376686243459,14.17009626650512,36.23368000335125
2030-07-09,25.169537672496393,14.021319634299852,36.39600177998896
2030-07-10,25.167131551916466,14.612976173770882,36.217963397421535
2030-07-11,25.151992660703584,14.063316725496962,35.85206203049688
2030-07-12,25.15270694378222,14.306060625261269,36.20243592133811
2030-07-13,25.153628162374602,14.598570377697957,36.17083239276989
2030-07-14,25.15219488114632,14.452147572846217,36.23196284822776
2030-07-15,25.118547125768387,13.992493196258113,35.92386178251945
2030-07-16,25.108358792832206,13.904166849878184,35.74797139853615
2030-07-17,25.110023520375314,14.293234774893236,36.58841601595403
2030-07-18,25.098863230037686,14.098369256273662,35.98944955879539
2030-07-19,25.10334623221147,13.754264610532758,35.98442259636173
2030-07-20,25.107716504191394,14.491789057760545,36.12164690818126
2030-07-21,25.109313628576178,13.97151655599448,36.42276771018422
2030-07-22,25.078192027256456,14.084410913013874,35.95230042318472
2030-07-23,25.069955506245705,14.115216544101871,35.90666362801245
2030-07-24,25.072944767355306,14.351248507065531,36.25251808568302
2030-07-25,25.062447061213987,14.104935611701256,35.74749689086743
2030-07-26,25.066914853038757,14.730246666180667,35.787378639034976
2030-07-27,25.07059510808621,14.368675814879916,36.07501348673503
2030-07-28,25.070848697631227,13.923426347944384,36.21598169979767
2030-07-29,25.03776859036953,14.2237233324599,36.49416402815563
2030-07-30,25.02701288884548,13.694595930422297,35.75015464928981
2030-07-31,25.02699042441045,13.983976092387174,35.84328339985221
2030-08-01,25.013068153874187,13.896559209924076,36.29255893634082
2030-08-02,25.013787306762914,13.994401601483217,36.350279558021974
2030-08-03,25.013489973897595,14.232697348421716,36.307918302283944
2030-08-04,25.00963572548914,14.170450768230111,36.03860764828401
2030-08-05,24.972417011763266,14.044786131023947,35.89730230947535
2030-08-06,24.95758949182332,13.879025255156733,36.19208393535639
2030-08-07,24.953655085666135,13.934496351187809,35.70214455943627
2030-08-08,24.936067066735504,13.946455426587642,35.754110816150686
2030-08-09,24.93344420870673,14.203351124822184,36.56743203642981
2030-08-10,24.9301957306507,13.94936899198042,35.96285330790232
2030-08-11,24.923836669319442,14.155538253761492,36.038455801286034
2030-08-12,24.884602458126306,13.776693945260217,35.67995725528275
2030-08-13,24.868278870448112,13.525649555923964,35.82853922383355
2030-08-14,24.86338511928936,13.8645848354492,36.165647263913264
2030-08-15,24.845379413311345,14.041042731858647,35.6369897364083
2030-08-16,24.842873951830658,13.811587297866405,36.45392168334269
2030-08-17,24.84026105933326,13.58785141175317,36.07605440364261
2030-08-18,24.835030033751305,13.789233221576408,35.90379400598172
2030-08-19,24.797383424639975,13.460293656738509,35.829925415353955
2030-08-20,24.783068828740145,13.619773676636894,35.61833867362957
2030-08-21,24.780563920554318,13.512505849951742,35.84628818835375
2030-08-22,24.765283941839105,13.846787851497904,36.05431212865287
2030-08-23,24.76579855742847,13.863868559046168,36.51294975408904
2030-08-24,24.766459706244508,13.677340689775303,36.0861854879163
2030-08-25,24.76471995600519,13.59919552049992,35.544340488074596
2030-08-26,24.730750020228594,14.105143777920398,35.99313821224535
2030-08-27,24.7202714776764,13.378254293484204,36.12807107530145
2030-08-28,24.721742376351248,13.617226361574287,36.16087620433007
2030-08-29,24.710564923525457,13.88744290525452,36.26101456875864
2030-08-30,24.71530216070674,13.335902136649317,35.56740197214285
2030-08-31,24.720305258165702,13.45918617622727,35.506906824608585
2030-09-01,24.723030957468655,13.234877094512337,35.826087051784114
2030-09-02,24.69365785415173,13.616340479185691,36.051362606760335
2030-09-03,24.687917606767215,13.397810149929215,35.54325735192735
2030-09-04,24.694278811615817,13.673123137803376,36.35081529448461
2030-09-05,24.688152811114083,13.330835237344452,36.06472030919769
2030-09-06,24.698108408283936,13.069998134272874,36.23297839973878
2030-09-07,24.708497200274028,13.417957779176955,36.17234010560079
2030-09-08,24.71676913974882,13.183150648916456,35.85542880341842
2030-09-09,24.693087096081236,13.63187063938289,36.036738713762084
2030-09-10,24.693156579086597,13.474904032324233,35.95557545316619
2030-09-11,24.705408435178335,13.383357416266715,36.083114164606194
2030-09-12,24.705203846040316,13.227710873916038,36.206199565899766
2030-09-13,24.72104865378024,13.662692120114547,35.71678170131729
2030-09-14,24.737218764335413,13.08277127744669,35.471606193580776
2030-09-15,24.75107626264829,13.545557310157426,35.675702841674564
2030-09-16,24.732685020902625,13.414080392023125,36.333343406774226
2030-09-17,24.737641955904756,13.26941150825113,35.67801221459618
2030-09-18,24.754261722651556,13.542404727478152,35.984125326852656
2030-09-19,24.7577841354606,12.955969688826437,36.268331112749685
2030-09-20,24.776591286858775,13.560905753045786,36.42898637177801
2030-09-21,24.794836048472607,13.349729739681472,36.06274802854593
2030-09-22,24.809761507904184,13.414916836699044,36.009150789676355
2030-09-23,24.791320033485114,13.319321026551016,36.02765940556649
2030-09-24,24.7950080262239,13.422461543327321,36.584950273804836
2030-09-25,24.809054044593637,13.227519071785014,36.134018748226374
2030-09-26,24.808629490469546,13.310880131867602,36.46738361376078
2030-09-27,24.822068724709016,13.087594463179485,36.13630079353267
2030-09-28,24.83350019934375,12.99258482914881,36.639029729804015
2030-09-29,24.84016807049589,13.092802176628641,36.0582324915556
2030-09-30,24.812052904254212,13.420669506379383,36.27841055456061
2030-10-01,24.80470746793453,13.439259608377988,36.14533178196155
2030-10-02,24.80644524047353,13.369537406853553,36.349846504542285
2030-10-03,24.792550795172957,13.425472281072851,36.23333568778302
2030-10-04,24.791498906363298,13.572865010751658,36.029099149953176
2030-10-05,24.7875839690535,13.224370723682913,36.132120743463396
2030-10-06,24.778239217105256,13.479544450298222,36.32634110720044
2030-10-07,24.733654392697606,12.364346567625137,36.36080291997558
2030-10-08,24.709607918347796,13.04289782988597,36.56898096600229
2030-10-09,24.6946512810674,12.88248911337256,35.95097573864965
2030-10-10,24.664314872879775,12.85024310576608,35.8518368434511
2030-10-11,24.64732224317349,13.310197151779883,35.98278911927655
2030-10-12,24.628214466098672,13.249437695858518,35.946081942049396
2030-10-13,24.604664229944422,13.270385585926771,36.19419419893879
2030-10-14,24.547088426692287,12.834691254970465,36.00522584178872
2030-10-15,24.51147541911819,13.189322828701153,36.23614332012693
2030-10-16,24.48656481838723,13.715881170492668,36.10323237695588
2030-10-17,24.448049133617964,13.106234491497267,36.36962944842743
2030-10-18,24.424784356812296,12.503271596932246,36.17050194217126
2030-10-19,24.401411281951365,12.428520406016835,36.246356693503216
2030-10-20,24.375667245787064,13.050707022329673,36.154486145257685
2030-10-21,24.317997131855137,12.296805117279654,36.28716381116891
2030-10-22,24.28437985932695,12.573681627625895,35.94186323413872
2030-10-23,24.263508213519348,12.816125605139701,35.935634734270465
2030-10-24,24.23099138231617,13.087160625827156,35.60840135403244
2030-10-25,24.21556724340277,12.195093387400119,36.02980471480297
2030-10-26,24.20172616178204,12.935610248439428,35.779469970354725
2030-10-27,24.18702592594376,12.228249264258686,35.614380523477244
2030-10-28,24.141706586752566,12.398019212394457,35.95434632099556
2030-10-29,24.121521326982894,12.492336153873708,35.87396513169677
2030-10-30,24.11492111089524,12.494985467234642,35.72039662408272
2030-10-31,24.09726235981002,12.16227055824152,35.90685887040334
2030-11-01,24.097024572603345,12.87983841102015,35.85594892113984
2030-11-02,24.09843952030467,12.542443701161666,35.85598122862544
2030-11-03,24.09881151205495,12.621546561528639,36.13070937094277
2030-11-04,24.068137368073653,12.7104266875128,35.53655917448151
2030-11-05,24.061942105245848,12.016086828814935,35.98127872053413
2030-11-06,24.0684679717538,11.946218578662663,35.40540176504763
2030-11-07,24.06288597605579,12.54164378433133,35.69061093150938
2030-11-08,24.07351674339898,12.471015693419693,35.731764755208324
2030-11-09,24.08446226042063,12.161408153074344,35.562313825176666
2030-11-10,24.092927955272064,12.072453817267075,35.64610230646095
2030-11-11,24.068843719050683,12.381697833902665,35.60878228540071
2030-11-12,24.067699864852347,12.092420156311626,36.19030809256024
2030-11-13,24.077735672145035,12.717883368728542,35.53682695209357
2030-11-14,24.07414969306439,12.305961108514948,36.313046093801745
2030-11-15,24.085318704019745,12.113328764061377,36.18262435777085
2030-11-16,24.095426930634115,12.111383470087194,35.564670801403544
2030-11-17,24.10178507607628,12.169474266872406,36.24086004794114
2030-11-18,24.07444785383307,12.144662001554694,36.11782426674134
2030-11-19,24.069046126280913,12.138500522122186,36.22062050189468
2030-11-20,24.073971408489978,12.210306464228934,35.854770770778096
2030-11-21,24.064582029018116,12.150033778404108,36.00815435207941
2030-11-22,24.069417946345304,12.245510749952984,35.34759225274654
2030-11-23,24.072825961049258,12.571839824862316,35.86254564310868
2030-11-24,24.07227495952279,12.634473498604832,36.05040974175251
2030-11-25,24.037969986746674,12.09034575943311,36.21554033570897
2030-11-26,24.02568133404156,12.158355840909923,35.89131303831325
2030-11-27,24.023926471642127,12.132688126210052,35.442939907904645
2030-11-28,24.008174172300585,11.960209858345102,35.862832995325846
2030-11-29,24.00705786174691,11.726084458060921,35.81965065837007
2030-11-30,24.004999955224996,12.194279575620143,35.79948347872281
2030-12-01,23.999526816722174,11.611720516555167,35.45350365250263
2030-12-02,23.96088312123785,11.716434558863337,36.16355971561845
2030-12-03,23.944861771705853,11.921913367588191,35.4221802944582
2030-12-04,23.939987150315037,12.00042834309311,35.693438169222226
2030-12-05,23.921720986368033,12.042700166527942,35.7166624283527
2030-12-06,23.91867780068581,12.011065022619325,36.25988798958246
2030-12-07,23.91525160075513,11.957696659757024,36.01156701947545
2030-12-08,23.908933371831452,12.076970485823812,36.01287443088681
2030-12-09,23.869928049518325,11.678473203075106,35.96967067275203
2030-12-10,23.853987030250945,11.991132479496803,36.245351534488684
2030-12-11,23.849593906918344,12.145298861319047,35.650319344389054
2030-12-12,23.832172624844205,11.875961252810612,35.94552677970933
2030-12-13,23.83030493953546,11.826433993087827,35.82818528517023
2030-12-14,23.828358782566994,12.165358533368453,35.87937723579624
2030-12-15,23.82380702582757,11.660783134464745,36.19501794840084
2030-12-16,23.786845289190786,11.8081617334235,35.56243625978419
2030-12-17,23.773224823296516,11.27940922875408,36.50911545295942
2030-12-18,23.77143814635814,11.748128624118118,35.87185815280046
2030-12-19,23.756926638483847,11.775807243583728,35.79338764350505
2030-12-20,23.758296999436748,11.96795875040089,36.173930949709636
2030-12-21,23.75994821607635,10.832874142260819,35.919928636041064
2030-12-22,23.759388583601993,11.450741713120836,35.425522642051625
2030-12-23,23.726851491759348,11.39964145348141,35.65394213819649
2030-12-24,23.718126083819488,11.810860226458756,35.79737538453308
2030-12-25,23.721740550871694,11.893474542904908,35.66330324621632
2030-12-26,23.713167353306336,12.225925832100279,35.57156159851248
2030-12-27,23.721037365643205,11.506430734792444,35.7478465795138
2030-12-28,23.729764680053652,11.512474898023628,36.517951427771635
2030-12-29,23.73686169772688,11.703324988096071,35.81404182028683
2030-12-30,23.712553297366753,11.429837755269752,35.92319783257095
2030-12-31,23.712606257225183,11.85451460264722,35.60378649186093
