ds,yhat,yhat_lower,yhat_upper
2010-01-01,4.432662993529113,-9.002466483986963,17.29245315554347
2010-01-02,4.322473813611106,-7.6033665819004215,16.322791330731665
2010-01-03,4.209968813716891,-8.614842924253576,16.86208054726162
2010-01-04,4.147412203640226,-9.178347666277887,17.443142074674853
2010-01-05,3.721031002600564,-9.425083810930545,16.329610671968275
2010-01-06,3.341642098461932,-9.33346184182506,16.80068082166874
2010-01-07,3.0962561537084703,-9.634419583174914,15.778048032517944
2010-01-08,3.0903293056941297,-8.937061986628459,15.587667343944503
2010-01-09,2.9768480110086966,-10.16495110849815,15.024907694163307
2010-01-10,2.8757700209770474,-9.9381709763216,15.16970573162382
2010-01-11,2.839904977491259,-10.229102079755938,15.913757288479678
2010-01-12,2.455674020483694,-10.448472324873867,15.306918738806756
2010-01-13,2.1337220490119586,-10.3050677759314,14.350576460364337
2010-01-14,1.960516541770755,-9.836940148921142,15.47413575470734
2010-01-15,2.0406041929505387,-10.7930535881822,15.314457604258601
2010-01-16,2.02571073691456,-10.535577748916776,14.546972561078013
2010-01-17,2.034206684147969,-10.53945627656459,14.578423044277965
2010-01-18,2.1170219100479013,-10.529034714609624,15.10944795901128
2010-01-19,1.8584476705483146,-10.925037404885925,13.96961554561787
2010-01-20,1.666798620941218,-11.153991681502687,12.825415380792343
2010-01-21,1.6260674585445214,-10.943583703244357,14.789554406824292
2010-01-22,1.8382419757647757,-10.800741557354225,14.626028415376298
2010-01-23,1.9524682843052212,-10.904249666889894,13.89859558306744
2010-01-24,2.0845812221859483,-9.737172546467125,14.298081688612662
2010-01-25,2.283083124658911,-10.53308844428882,15.276894574205793
2010-01-26,2.1300077728041673,-10.583727610850602,14.108006051317158
2010-01-27,2.0316403865902237,-11.12613493936916,15.505472364227058
2010-01-28,2.070224673016513,-9.967502433112879,14.741651930173003
2010-01-29,2.346325251863191,-9.334608719219665,15.271372527761535
2010-01-30,2.508027944019555,-9.15841007322444,14.590982943261643
2010-01-31,2.670497883700905,-10.130032743529746,14.846105308677064
2010-02-01,2.881975841292426,-9.829081422772784,16.091342147454675
2010-02-02,2.7246490558692464,-9.998271041044426,15.032925274333458
2010-02-03,2.605367224394135,-10.43960689387685,15.439082106147417
2010-02-04,2.607334740592332,-10.358106535483836,14.62040773052883
2010-02-05,2.8324478888752336,-10.037721852015338,15.488588860481547
2010-02-06,2.9304601515111686,-9.846453191928555,15.948062336761991
2010-02-07,3.0184965353370066,-9.534954260234576,15.057902293654022
2010-02-08,3.146998495245512,-9.020602956802353,15.963113091036128
2010-02-09,2.9005371560271636,-9.474327773265262,14.913172557199388
2010-02-10,2.6884670547177243,-10.192354610304594,14.663140737782458
2010-02-11,2.596553199695555,-9.609063630171544,15.29835413989552
2010-02-12,2.729241935157059,-8.923179073368361,15.835429605430049
2010-02-13,2.738760581954663,-9.604878983534132,16.094102688631917
2010-02-14,2.7445685521819656,-9.585307251351647,15.5901954143076
2010-02-15,2.7992432334616177,-9.022893399336668,15.577124217721954
2010-02-16,2.489239942382324,-11.572590668162102,14.466273168417407
2010-02-17,2.225499601173945,-9.76134078290144,15.05282874051036
2010-02-18,2.095038159712863,-10.478037774222168,14.851387860618056
2010-02-19,2.2031892369031776,-10.401070765601451,14.726539733462804
2010-02-20,2.2026856701563595,-10.606882340222176,15.24011495867046
2010-02-21,2.213103100749065,-10.478275842051719,13.99372215333893
2010-02-22,2.2867490227820264,-10.272869905283331,14.37751838959171
2010-02-23,2.009436425582974,-10.809570046093683,15.293419584861656
2010-02-24,1.7911152185956873,-10.479538669350148,14.246852052479083
2010-02-25,1.7174947147790407,-10.761262331981811,14.403724371528256
2010-02-26,1.892327641869198,-10.72444242039669,14.405267199166438
2010-02-27,1.966540136768085,-10.013611328395331,15.176391130929868
2010-02-28,2.0577294248681803,-9.617113178658888,15.525695118954951
2010-03-01,2.2161110353127134,-11.177596844840567,14.41166321247565
2010-03-02,2.025353000437896,-10.343087813660356,14.74535798806347
2010-03-03,1.8932684907896307,-10.088279514873534,14.122792276514716
2010-03-04,1.9034984181896775,-11.130077906781944,13.638317672542115
2010-03-05,2.1578527769743445,-10.409989726146524,13.94520397408096
2010-03-06,2.305493572405187,-10.725853305053239,14.60364958123088
2010-03-07,2.46247957055557,-10.152638276973656,15.204252114981449
2010-03-08,2.6777534334723327,-8.824185328590152,15.90084655578826
2010-03-09,2.534007617093203,-10.070916168729708,15.314973162698225
2010-03-10,2.4383996586432284,-10.986421192446349,15.206413337351826
2010-03-11,2.47424782979046,-10.01958289757903,15.353418829043274
2010-03-12,2.7433756524019133,-9.7592699710649,15.58410527939725
2010-03-13,2.89528814164496,-9.843072371171656,16.163667686705942
2010-03-14,3.046700313149053,-8.987345129642103,15.310328464061284
2010-03-15,3.2474990964351247,-9.406700719890221,16.038189992405187
2010-03-16,3.0815758676921945,-9.916665196142489,15.403168018286987
2010-03-17,2.957501295295899,-9.371045651166048,15.046254981747444
2010-03-18,2.960174739233608,-10.016225446353708,15.067764531361462
2010-03-19,3.193118125944693,-9.484998802109518,15.760341346012147
2010-03-20,3.3075987047563533,-8.83057031668842,16.41002859118611
2010-03-21,3.422102834725052,-9.39621610002689,15.581823217620908
2010-03-22,3.588243578754915,-9.278277543554024,16.079112020286644
2010-03-23,3.391540926947395,-9.184594516679635,15.985790640688913
2010-03-24,3.2420478782056477,-9.934941723921552,16.026869045939616
2010-03-25,3.2259560386739423,-9.005486848119181,16.728980242395636
2010-03-26,3.447851916442519,-8.93167515327289,16.93161641598106
2010-03-27,3.5598093808486935,-9.077600202544927,15.986734361170068
2010-03-28,3.680841271205319,-7.926183069589881,16.24534412298577
2010-03-29,3.862793518317888,-8.394798955557123,17.002054891934215
2010-03-30,3.691120921793799,-8.748413720325683,16.29214663555655
2010-03-31,3.575517859884548,-8.393235106705815,16.857306145776437
2010-04-01,3.601537365084961,-8.69474329945659,16.101800687068856
2010-04-02,3.8728692549723296,-9.001260370762191,17.09159668368148
2010-04-03,4.040462048345973,-8.068424924947585,17.34776258253069
2010-04-04,4.222010688596993,-8.156475836052483,16.859233138761745
2010-04-05,4.467892280417708,-7.703607412052766,16.529782665976168
2010-04-06,4.361987667221678,-8.279507922285982,17.038921491571585
2010-04-07,4.312360692578359,-8.315613516858464,17.67953537828235
2010-04-08,4.402927071621159,-7.755707519719769,16.87829914863954
2010-04-09,4.735782026756118,-6.974354140132619,17.155309451015587
2010-04-10,4.960369901352784,-7.0920304114973405,17.92517651980835
2010-04-11,5.19301632164906,-6.862179935098616,17.64211904311559
2010-04-12,5.482903769690096,-6.942327082287789,17.8810391743264
2010-04-13,5.412927200198115,-7.012501166793176,19.000287469367287
2010-04-14,5.390400534648881,-6.3876328259510355,18.12126669168127
2010-04-15,5.498745163016967,-7.56262590781289,17.700486538090068
2010-04-16,5.8398290499075305,-6.655408348988052,18.619396608080606
2010-04-17,6.06313935523159,-6.1073485457228855,18.585023357921962
2010-04-18,6.285309098591103,-7.060710115032478,19.21908194002143
2010-04-19,6.556078952017273,-6.742507636446299,19.52833671980626
2010-04-20,6.459131271073419,-5.543477943105123,19.072471806059983
2010-04-21,6.402767914783761,-7.360305916980141,18.369636194512424
2010-04-22,6.471563919404104,-6.036443396069679,19.158457539306742
2010-04-23,6.768666745679256,-5.232739818425023,19.634188613308172
2010-04-24,6.9449252861093065,-5.295209584549061,19.258971541751155
2010-04-25,7.118370551815791,-5.566519692553439,19.877916719373655
2010-04-26,7.340130585226076,-4.362673716909065,19.50699904508125
2010-04-27,7.195218196333501,-6.164301562456986,18.617593081629966
2010-04-28,7.093164541148007,-5.55012232412642,19.750944754077103
2010-04-29,7.119632010756035,-5.901983958495552,19.900836339393653
2010-04-30,7.3786774461497355,-5.412003304407897,20.20976710052213
2010-05-01,7.521851013109766,-6.239074492734216,19.458200363796916
2010-05-02,7.667653621363308,-4.186960217814491,20.126409211743187
2010-05-03,7.867436185943316,-4.4063888868190535,20.36422495723814
2010-05-04,7.70617984398457,-4.5062699666582695,19.85260256845069
2010-05-05,7.593130408623001,-5.408860118069386,20.57141569690545
2010-05-06,7.613420530622593,-5.341786596140214,20.470290139086757
2010-05-07,7.870350323672505,-5.516611132638997,20.000202940359515
2010-05-08,8.014511274401057,-4.284743324168223,21.015169716522344
2010-05-09,8.163275569245961,-3.632962928765316,20.61096840219679
2010-05-10,8.366733167611892,-4.340778054638845,20.899374258644023
2010-05-11,8.208514578676382,-3.928791449907771,20.8630670050578
2010-05-12,8.096471315098219,-5.226379542759103,20.20113372432571
2010-05-13,8.11434607280321,-4.236458519883959,20.465609194056267
2010-05-14,8.364101901326086,-2.9943072429292683,21.580541799277874
2010-05-15,8.495093669587028,-4.783315068303828,21.284950765965338
2010-05-16,8.623602464454253,-4.553152164186174,21.421242533974528
2010-05-17,8.798813823767347,-3.861080914331145,21.23946659600466
2010-05-18,8.603676444169501,-3.8277360505166365,21.267529067450564
2010-05-19,8.445612171221377,-4.393017894969933,21.18827078461716
2010-05-20,8.408208342489567,-3.6729854084286497,22.530752825549353
2010-05-21,8.59356098744254,-4.121442335151575,21.674818300904864
2010-05-22,8.651451670241993,-4.521649804086981,21.92038825197281
2010-05-23,8.698878352724694,-3.69851034224001,20.91937422425983
2010-05-24,8.786021187034411,-3.2787602748584774,21.290519919335267
2010-05-25,8.49708015496489,-4.942906858937901,21.70757739465191
2010-05-26,8.240955900158925,-3.666359397959023,20.752258283948382
2010-05-27,8.102905609614796,-3.551152093215444,20.73650542797543
2010-05-28,8.186843458858487,-3.8323538665032912,20.613218974841413
2010-05-29,8.144469612980394,-4.1382043933464825,21.310547782863154
2010-05-30,8.094749527484943,-3.9279251778398874,21.743358809155733
2010-05-31,8.08982594551901,-4.084081623406519,21.455059627862024
2010-06-01,7.71580207235207,-5.381038843156357,20.781969779083166
2010-06-02,7.383368867545519,-5.074116708171758,19.247109480696277
2010-06-03,7.179409888766784,-5.0463225363020925,20.267570404503243
2010-06-04,7.209254715261613,-5.836499362450557,20.237231710644146
2010-06-05,7.125766347935349,-5.5068572093672365,19.38841890557964
2010-06-06,7.048785583519705,-5.67845965373862,18.75249009263903
2010-06-07,7.031015824029995,-5.860173241094135,19.078172165889228
2010-06-08,6.658787645784404,-5.023649423381177,20.07441101684611
2010-06-09,6.3426766647471196,-6.13127898640269,20.05961333505987
2010-06-10,6.169108462805315,-6.4508368614661915,18.25807476764079
2010-06-11,6.242621657213347,-6.747786994580123,18.932126945984507
2010-06-12,6.214974285312197,-5.948838635511713,18.598789302024745
2010-06-13,6.204616003722656,-6.11560138268773,17.606376569453996
2010-06-14,6.262608805281724,-5.688296963259038,19.284742434016263
2010-06-15,5.973434581831024,-6.68917976615254,18.438372450167517
2010-06-16,5.745661863816028,-7.890915344207168,17.77414325567328
2010-06-17,5.663604120691923,-6.731825270840266,18.844804608779874
2010-06-18,5.829639189047782,-7.99978039418498,18.630241666774676
2010-06-19,5.893373394660451,-7.156223971513363,19.188722696263522
2010-06-20,5.97117121818809,-5.948680132975674,18.969500371018555
2010-06-21,6.112131562982245,-8.072947108924048,18.67152731537717
2010-06-22,5.8989473613557095,-7.186678308842484,18.39794035040365
2010-06-23,5.738619358322084,-6.580809580519566,18.204792787315153
2010-06-24,5.714155108660668,-7.642590803618666,18.113267869376408
2010-06-25,5.926921589681842,-6.2686107087015674,18.486122333944255
2010-06-26,6.02583404941421,-6.261401389912441,19.788003887890596
2010-06-27,6.126901239567362,-6.2966712609935955,19.093560259463974
2010-06-28,6.279207658357656,-7.110439464477775,18.837712921876584
2010-06-29,6.065769386123732,-6.6918571110005995,18.906869054833116
2010-06-30,5.894234484038956,-7.082758716706999,18.452846510784223
2010-07-01,5.848559404134861,-7.470314462810554,17.731723231127894
2010-07-02,6.031330494451445,-6.204706258013582,18.038728115496795
2010-07-03,6.092914149644582,-6.402825851026405,19.43998302979903
2010-07-04,6.15095690881833,-6.2317107870424495,18.642177448908807
2010-07-05,6.256317466021155,-6.122161654483029,18.60933620713087
2010-07-06,5.993868665052698,-7.0383720922650195,18.083753829575475
2010-07-07,5.773142042081226,-6.09105655960514,18.341307355302558
2010-07-08,5.6799480148141,-7.250587616139256,18.035706830780395
2010-07-09,5.818642461114572,-6.604949596821422,19.195532635485304
2010-07-10,5.841224855844178,-7.009966206748899,18.33846856559368
2010-07-11,5.866790797566732,-6.373621190934801,18.549350578267333
2010-07-12,5.947422286435012,-6.3166613228780735,18.05319052024344
2010-07-13,5.668955045328121,-6.964240197126759,17.75523164328743
2010-07-14,5.441596456405745,-6.81758433653099,18.108202698235864
2010-07-15,5.351527978688882,-7.819215845550001,18.04462844508433
2010-07-16,5.503163291745505,-7.777822777893413,17.76004443274815
2010-07-17,5.548247556695438,-7.305047174812383,18.083273940881323
2010-07-18,5.605320562179646,-6.861707744991664,18.87115605209857
2010-07-19,5.725626767906869,-7.757408934852743,18.57276891245735
2010-07-20,5.493910914779248,-6.2660177371891645,18.51505905090058
2010-07-21,5.319071894724969,-7.449265835811297,18.049734866420835
2010-07-22,5.285807637036519,-6.853374994460839,18.805594760919877
2010-07-23,5.496920950659366,-6.37563958242374,18.35604080676385
2010-07-24,5.602470250210968,-6.861118648615001,18.82697488240885
2010-07-25,5.719286355819166,-6.054843012407515,18.183422139919227
2010-07-26,5.896936734971494,-5.677979451833141,18.271265621305098
2010-07-27,5.718574193378155,-7.226746279895382,18.56376520977526
2010-07-28,5.591641078412405,-6.394465912518587,18.200124306002827
2010-07-29,5.599560203779306,-6.604400164028205,18.218120683894274
2010-07-30,5.844081015018634,-6.808161835923561,17.954856389461092
2010-07-31,5.974463675068136,-5.770900727498231,18.166884052065146
2010-08-01,6.107021220777002,-6.135577859745304,19.031652943103655
2010-08-02,6.291100360628144,-5.8487125273750955,18.28656560380994
2010-08-03,6.109937388742906,-6.2368121985890195,18.730199587071308
2010-08-04,5.9713600297097384,-7.425388296922046,17.848224026217242
2010-08-05,5.959466465261892,-6.502031961617323,18.575686096000755
2010-08-06,6.176950395958362,-6.595555603065864,19.153683248670035
2010-08-07,6.274255432901159,-5.600523823910379,18.805921487404675
2010-08-08,6.3690798510696665,-5.902715466641894,19.13405393394857
2010-08-09,6.51231339469844,-5.338570902775656,19.13283618454378
2010-08-10,6.28884393681298,-6.062055089345815,19.021518920523555
2010-08-11,6.1082063023735955,-6.521913460342665,18.949213550525762
2010-08-12,6.05620612472668,-7.305667380207566,17.738510298192942
2010-08-13,6.237189282873566,-6.095973231720339,19.691781788402675
2010-08-14,6.303141934107666,-5.852486520003399,19.75717034484513
2010-08-15,6.373143866768503,-6.437450685723858,18.798660978247685
2010-08-16,6.4992584792878185,-7.065720597511794,18.760267623222386
2010-08-17,6.267298677066865,-6.668378877419897,19.107129510004455
2010-08-18,6.087442314188938,-5.740002901667209,18.4319641015808
2010-08-19,6.045831154754012,-6.108718494035283,18.88346251540583
2010-08-20,6.246824759420495,-6.15017785647026,19.607921069393797
2010-08-21,6.34209489530869,-6.013533679477815,19.11468740917152
2010-08-22,6.450083483719145,-6.76239030453684,18.039736480027294
2010-08-23,6.621907376753966,-4.983735568242429,19.461581055787885
2010-08-24,6.442148932575861,-5.542734501904386,18.186921839847543
2010-08-25,6.319505394879474,-6.312739632159572,18.563737841625723
2010-08-26,6.338430146317579,-6.33133687951283,18.20802072868299
2010-08-27,6.6014360772264595,-6.134668371790199,19.370450246219658
2010-08-28,6.758245276615378,-5.40539993616254,18.600794685231865
2010-08-29,6.925306480801644,-5.55562871922193,19.220614051256995
2010-08-30,7.151761848740202,-5.660348505095168,19.552888020562225
2010-08-31,7.02030021804506,-4.983741405121931,20.202760073598466
2010-09-01,6.937867990358783,-5.621574293078733,19.32365046585168
2010-09-02,6.98736887157588,-6.710349993765501,19.569723638501145
2010-09-03,7.2700209307553445,-4.388782984270353,19.83689076716655
2010-09-04,7.434553526199956,-5.36767061085391,20.31785692088914
2010-09-05,7.596764043956191,-4.85162876745079,19.821878474948953
2010-09-06,7.805514740648951,-5.548242523799166,20.330781366407074
2010-09-07,7.643605819399303,-5.152897780545253,19.35694472087503
2010-09-08,7.5184951458654075,-4.7171163097966105,19.3833567007152
2010-09-09,7.513995395802678,-5.1019255598710185,19.205209945622713
2010-09-10,7.732616986420957,-4.089064958051209,20.0847959896819
2010-09-11,7.8247395570324105,-5.169690056629262,19.754321308414017
2010-09-12,7.908132486268372,-4.089337605871691,20.78901519509226
2010-09-13,8.03390559209788,-3.8092041146416404,20.85318797296716
2010-09-14,7.787327288155628,-4.738223042215981,20.05273674237287
2010-09-15,7.5784820083882805,-5.075057259072719,20.518355906289546
2010-09-16,7.493899318825949,-5.154729867307544,20.25663095224296
2010-09-17,7.638824874192637,-5.996242956303195,20.408414027129915
2010-09-18,7.666317918757895,-5.427229258408696,20.044456967653915
2010-09-19,7.696697827488994,-4.872838788864846,20.910127452394
2010-09-20,7.783422861560083,-5.002413477249892,20.54307933121041
2010-09-21,7.513840401854147,-5.23742815901701,20.154588106903667
2010-09-22,7.299782369089834,-5.420245965407605,20.169334348868922
2010-09-23,7.229139999001676,-6.173142944678215,19.430420840362977
2010-09-24,7.408089683463538,-5.572965194149781,19.974595161294776
2010-09-25,7.490155889470134,-5.422916268824715,19.581469102441027
2010-09-26,7.595634686438382,-5.846665569484548,20.809894958849057
2010-09-27,7.777461782269694,-4.695122679135347,20.564202089055332
2010-09-28,7.6219647289541435,-5.4098256580270565,18.909434621187188
2010-09-29,7.539473062104705,-4.586090655654414,19.318299070989525
2010-09-30,7.615920254664006,-4.8934398594765325,20.45650747733037
2010-10-01,7.955108570518411,-4.546793341968959,20.809496412044073
2010-10-02,8.20782188429098,-4.7479097364958704,20.44593766572725
2010-10-03,8.491308756937617,-4.033659336765704,20.788072439325482
2010-10-04,8.855218165278089,-3.089241694712398,21.661624352334663
2010-10-05,8.882425823244601,-4.209077204934981,20.839070795210965
2010-10-06,8.979722962676481,-2.8282665960869657,22.163617231901885
2010-10-07,9.229499435543666,-3.904338339458077,21.035015422397926
2010-10-08,9.732090138390664,-2.8675740445624056,22.415102556052933
2010-10-09,10.134967730650155,-3.126578596045484,21.858193716127296
2010-10-10,10.55230188928697,-1.480449959222795,23.244838967596692
2010-10-11,11.030965553865203,-1.2571950955800075,24.374008132711662
2010-10-12,11.151424311588709,-2.7004659696582607,22.998963567952853
2010-10-13,11.318479205870515,-2.3190139260041107,23.097724274779033
2010-10-14,11.612993492423897,-1.295370653240047,24.4437067397731
2010-10-15,12.1342712874719,-0.8472428626591993,25.16732730790738
2010-10-16,12.52927033262746,0.592261290422362,25.314795998516384
2010-10-17,12.912168699590861,1.2975520530389375,26.59063702461544
2010-10-18,13.330365806648768,0.68768952611463,25.705180299304402
2010-10-19,13.365354151675595,0.4417829255839391,25.221927790289435
2010-10-20,13.423432628193492,0.7808816170685499,25.49871814979435
2010-10-21,13.587392840901842,1.3397617710258072,25.838026003114333
2010-10-22,13.958847540082132,1.5152231274534016,27.218129336923287
2010-10-23,14.187384821986825,1.0803755008896418,26.077427616306142
2010-10-24,14.390069547269864,1.9598570085468607,26.80363581335122
2010-10-25,14.617374137864742,2.4376579557991556,26.70601132782646
2010-10-26,14.453977054018406,2.480936279920749,27.259582635866565
2010-10-27,14.309401770081944,1.0727271493957644,27.042702796344752
2010-10-28,14.269629617843304,0.7934230798504803,27.536566083699498
2010-10-29,14.43935751543549,2.1526131953348493,26.51842166991163
2010-10-30,14.47108602158123,2.1129978464667407,26.294757054366535
2010-10-31,14.484560805362083,2.8685609118051945,26.532944145479558
2010-11-01,14.532651131670125,2.2219553225875215,27.412327217845174
2010-11-02,14.2021048678472,1.5846967607652893,26.240251213021914
2010-11-03,13.904153767333092,1.2410601262917633,27.361850122881137
2010-11-04,13.726103047173822,0.5181644846643775,25.643622078683936
2010-11-05,13.773576622270259,1.6274650609243877,26.22704104687586
2010-11-06,13.699603472556849,1.2050066239375576,25.69317312491796
2010-11-07,13.624067964998456,1.4033195213145564,26.36827641094483
2010-11-08,13.59960717013361,2.0009739065979946,26.792392180625598
2010-11-09,13.21239384679933,0.5217425910999158,26.164090001824682
2010-11-10,12.872777776096719,0.16402322282782425,25.595611479122535
2010-11-11,12.666918178928182,0.09417129179632595,24.87402489739408
2010-11-12,12.699077130559022,0.8309186529466651,24.88463205159972
2010-11-13,12.620757877271803,0.1203633036825827,25.239639383471346
2010-11-14,12.550209232476757,-0.4355547309827512,26.126972064331433
2010-11-15,12.538377423864446,0.6048254408772031,25.908449843755044
2010-11-16,12.16974242345762,-0.4775585149758873,24.319415331540572
2010-11-17,11.853009874698326,-0.4750456519402158,23.926633127794815
2010-11-18,11.672789904587969,-0.01048469991158916,24.833465207926647
2010-11-19,11.73193145017736,-1.2333955426028493,24.84111156418066
2010-11-20,11.680694918717759,-1.7642916602334069,24.08667663852487
2010-11-21,11.636283501273569,-1.644172067329149,24.398173669042745
2010-11-22,11.648813904618022,-1.0778588979701904,24.431949819158707
2010-11-23,11.302163192055348,-2.3601077157178754,24.096483080123612
2010-11-24,11.00466277813596,-2.313385194849314,24.188648028504357
2010-11-25,10.840771066306013,-2.7272283371812645,23.203328277407167
2010-11-26,10.913393819941428,-2.690961865603902,23.541581514936837
2010-11-27,10.873035789328862,-2.273489454478328,21.93403411882254
2010-11-28,10.837304834568263,-2.1524112006184475,23.485875911690812
2010-11-29,10.85685041456608,-0.6666152167214023,23.980881809883325
2010-11-30,10.516174386114184,-2.4427271101972035,23.197499806114912
2010-12-01,10.224286517991223,-2.492405452226598,21.693653569218238
2010-12-02,10.066337631214358,-2.310357247696643,22.03094940984258
2010-12-03,10.145900894096272,-2.9836013474061036,21.875027260623146
2010-12-04,10.11408620268303,-3.0196088053162007,22.109955477334946
2010-12-05,10.089010219399444,-2.997242132401837,22.400491855902178
2010-12-06,10.121705155254029,-1.369020966109651,22.75020028908142
2010-12-07,9.796905298641056,-1.8617002586728235,22.90370124472928
2010-12-08,9.523684565017954,-2.5905385743502856,23.26766916654038
2010-12-09,9.387078630910132,-3.2550454629029315,21.73510241860965
2010-12-10,9.490362595605342,-3.24311325181273,21.498727157460095
2010-12-11,9.484169265326392,-2.604649757575559,23.005948975020427
2010-12-12,9.485970541261967,-2.835287856090307,21.61690185233681
2010-12-13,9.54600465273622,-3.0609971365441617,21.541810173864285
2010-12-14,9.24808765274343,-3.177061484023109,21.549332403628057
2010-12-15,9.000281641126243,-4.134350008677265,21.896069834192947
2010-12-16,8.886552272175269,-3.9365046869688527,20.347489603888434
2010-12-17,9.00908531750351,-4.187954868764139,21.73057270089342
2010-12-18,9.017446077656835,-4.193719932669185,20.851142579679273
2010-12-19,9.028102734898576,-3.6205313562194488,21.382729557354143
2010-12-20,9.090394955909437,-2.8846341548415526,21.7377640244337
2010-12-21,8.787384731076303,-3.812773472549626,22.280992901153496
2010-12-22,8.526560532687057,-3.6205070916199507,20.63680127243384
2010-12-23,8.39152605787195,-4.03409804780502,21.66568062562123
2010-12-24,8.484342169858989,-3.3935639591788527,21.20777150480526
2010-12-25,8.454704845219332,-3.9156963788254515,21.119517761153684
2010-12-26,8.419479437837374,-3.769536231448778,22.03228198222004
2010-12-27,8.428672017282931,-3.7091107751781967,20.75147405822589
2010-12-28,8.066274467390189,-5.162987593256136,20.33935872586901
2010-12-29,7.74095438864762,-5.06850979287078,20.429376815240257
2010-12-30,7.537721297714377,-5.895667156797497,19.414065324220022
2010-12-31,7.560238227111357,-4.187129526719087,19.983189929657073
2011-01-01,7.4599622721172505,-5.004532214815938,20.697119088873478
2011-01-02,7.3556353648911665,-5.028539214961402,19.9347658421338
2011-01-03,7.299207205738224,-4.943970274048252,19.76402129902693
2011-01-04,6.876628379043437,-5.893061888729994,20.24056833150357
2011-01-05,6.4984861699653464,-6.805530081073998,19.490855428806427
2011-01-06,6.251616135377959,-6.5902210427641945,18.959862425068927
2011-01-07,6.241360133976069,-6.88727421951529,18.84710900581341
2011-01-08,6.120655958537808,-7.251155548719981,18.449460518381496
2011-01-09,6.009481392602573,-6.071623089768555,18.89580328907027
2011-01-10,5.960736063445982,-7.0491409961932865,18.334513054193714
2011-01-11,5.56100041663923,-7.245725138721277,17.87252938315381
2011-01-12,5.221145441879775,-7.509068298009905,18.664518050731985
2011-01-13,5.027927098204962,-7.731716451094557,18.311291521635223
2011-01-14,5.086236790618415,-7.263770794437064,17.968579741617276
2011-01-15,5.048193419237215,-7.865659514033845,17.803840600090552
2011-01-16,5.032599918668824,-7.429607116296766,18.63240075740022
2011-01-17,5.0908474668501285,-7.833235861135541,18.246648380016662
2011-01-18,4.807706210834395,-7.375223984033515,17.037579428159948
2011-01-19,4.59197538761379,-8.467402806805097,16.996565650595944
2011-01-20,4.52812578213325,-8.809373717122206,18.209162313781828
2011-01-21,4.718604641193824,-7.896494109073961,16.706725442417927
2011-01-22,4.812987137371543,-7.127536437016085,16.890809100935087
2011-01-23,4.927495719709265,-7.292225757945232,18.174999610349797
2011-01-24,5.110968839697349,-7.135848977886674,18.33672612466242
2011-01-25,4.945716147305828,-7.524042685600551,17.158321069970505
2011-01-26,4.838231270178509,-7.860850452714823,16.713673440279663
2011-01-27,4.8708933912121655,-8.040289116348493,17.86203020611789
2011-01-28,5.1443261038399495,-8.743763819978767,17.46132835842464
2011-01-29,5.306596134468398,-7.4981145604161625,17.71048957566128
2011-01-30,5.45497643541265,-7.1703240574880125,18.39280861918986
2011-01-31,5.655331561362145,-7.10901349236258,17.555254645702703
2011-02-01,5.489606494537172,-6.947948972273236,18.252783709337507
2011-02-02,5.364344513993641,-7.207780560135272,17.879656556352117
2011-02-03,5.36238749541015,-6.906068921676207,18.06216070178171
2011-02-04,5.58522263418811,-5.681937448036145,19.082510268752568
2011-02-05,5.682158489681264,-6.6531225935015,18.47603809057485
2011-02-06,5.769850962809699,-6.654101361511691,18.277686168332835
2011-02-07,5.898260464937666,-7.2589058472778225,18.344671160172698
2011-02-08,5.651477643933133,-7.354187358149226,18.28718172787788
2011-02-09,5.438389547095733,-6.609505785744599,18.099083712625458
2011-02-10,5.344318677659448,-6.966357354415087,17.722561129241015
2011-02-11,5.473305106444484,-6.307316299009388,18.650027055940445
2011-02-12,5.4772163043844415,-7.356714748106846,18.843230898665368
2011-02-13,5.475207118393168,-7.867054318899421,18.444251958938743
2011-02-14,5.519612949755714,-6.258480479274969,17.489023894641843
2011-02-15,5.196715242435238,-7.783875033350918,17.57307232458087
2011-02-16,4.917352793440316,-7.441617008983217,17.715215101783162
2011-02-17,4.768512819368037,-8.452731988419616,16.15076080617075
2011-02-18,4.855573221516588,-7.613183296575492,18.44846972672363
2011-02-19,4.831381763678738,-7.748610972159755,17.56842534944413
2011-02-20,4.815695371886283,-8.468171290326847,16.613879824295573
2011-02-21,4.8610631189060545,-6.87929981512769,18.1844631203607
2011-02-22,4.553592207907427,-8.35148121125312,17.336903580080218
2011-02-23,4.3035703729612935,-8.58180021290565,17.607351154009507
2011-02-24,4.197078238276233,-9.106856843385245,16.960477699397437
2011-02-25,4.338262400951129,-8.081330717535142,16.6740811098495
2011-02-26,4.378454008803711,-7.328436201594128,16.673955439892193
2011-02-27,4.435654863104763,-7.085413022412565,17.332732798519952
2011-02-28,4.560473227466513,-8.6345083782442,16.350149812740394
2011-03-01,4.3369471140932845,-8.372165319722852,17.16156711170701
2011-03-02,4.173226805206395,-8.504038833259736,17.05526514770237
2011-03-03,4.153248423221616,-9.326806258151368,17.303900167248727
2011-03-04,4.379067567670418,-7.729539205341339,15.821884735016507
2011-03-05,4.500036075453663,-7.6534382859554455,17.83247041468442
2011-03-06,4.632342300333638,-7.70628601686542,18.173143823771767
2011-03-07,4.824995586629965,-7.653356708689251,16.72666440563648
2011-03-08,4.6606913724367685,-8.769334019808618,16.602549484384063
2011-03-09,4.546527552244599,-7.13502914469674,17.86090048843154
2011-03-10,4.565703023960271,-7.942551543169774,18.20750834551288
2011-03-11,4.819866813335956,-7.878867156371513,17.639168592702543
2011-03-12,4.9583004874695735,-8.110616216110042,17.329275462334415
2011-03-13,5.097454196668674,-7.498672518084855,16.64217128212724
2011-03-14,5.286917251074016,-7.0616411494810025,17.036609936253985
2011-03-15,5.110260178213142,-6.841444205486891,17.662501869395683
2011-03-16,4.975719664842849,-6.446166247531015,16.576217020078133
2011-03-17,4.967858319822023,-6.718207875652001,18.64395852149424
2011-03-18,5.189868869745165,-6.801750173609903,17.336390293976212
2011-03-19,5.292706887604531,-6.9820141647496685,18.430356575705776
2011-03-20,5.3945739102466455,-6.678884319288061,17.381469120250266
2011-03-21,5.54683344988616,-7.422888105568667,18.172907349093887
2011-03-22,5.334798479433189,-7.489943391658371,18.1123420828569
2011-03-23,5.16836341482499,-6.297210754599242,17.760647227405688
2011-03-24,5.133614089362039,-7.511124992198449,17.085621021004776
2011-03-25,5.335086782801784,-6.661947978091692,18.40426371747634
2011-03-26,5.424861706884428,-7.371190636555483,18.953564272413743
2011-03-27,5.522013917235253,-7.281524477785581,17.571555399292034
2011-03-28,5.67850505194799,-7.635442429880586,18.609849888642596
2011-03-29,5.479955127267898,-6.286465130242033,17.748749096954747
2011-03-30,5.336267802037989,-7.887944142128354,17.62628996641972
2011-03-31,5.3332427222391745,-6.210231000597509,17.421603979436522
2011-04-01,5.57484585083559,-7.34220570915947,18.611654906606475
2011-04-02,5.712322759550304,-5.904697580385716,18.534002630857994
2011-04-03,5.863677174397943,-6.375614917899982,17.418553602560387
2011-04-04,6.079597265935372,-6.056295004949033,18.55809164884969
2011-04-05,5.9442678028164195,-6.646584977922243,18.624759484335073
2011-04-06,5.8660403006237,-8.043679590116398,18.655799759154203
2011-04-07,5.929093369339836,-6.576762671296009,18.092355102303518
2011-04-08,6.235752671567728,-6.016001553492065,18.609280188588677
2011-04-09,6.4356539356014775,-6.431230840236502,18.15404968849477
2011-04-10,6.645269789735026,-5.6756228384996685,19.725865917966345
2011-04-11,6.913881436685005,-6.107793219951881,20.04576054743241
2011-04-12,6.8244319124015265,-6.06921728416922,18.780145102429653
2011-04-13,6.784231825997371,-6.336097246994978,20.675958909176924
2011-04-14,6.876648724975375,-6.5653299697966165,20.39409940184252
2011-04-15,7.203448646262283,-4.67500479112537,19.30001568554239
2011-04-16,7.413972678268727,-5.66641518895597,20.247386426714773
2011-04-17,7.6246689322143455,-5.969484824565198,19.969307381983917
2011-04-18,7.8850608345571676,-5.683944161588596,20.127537233187216
2011-04-19,7.7785886413155545,-5.625210368089602,20.62156510377442
2011-04-20,7.7132954854350455,-4.673772715266344,19.930449732452278
2011-04-21,7.773489760384087,-4.362514393037828,20.573451009265373
2011-04-22,8.062053283202724,-4.475133896316934,19.715541400578466
2011-04-23,8.229579141106603,-4.44216358811361,21.146690748418063
2011-04-24,8.393860861418341,-5.322178299007365,20.724644248049195
2011-04-25,8.605815182521715,-3.8637673554044047,21.549670170424665
2011-04-26,8.45027677451465,-3.6575984254435903,20.937160879297693
2011-04-27,8.336637706250013,-4.696417597110728,21.006251989133965
2011-04-28,8.350464939257407,-4.66901087793334,20.069542093912254
2011-04-29,8.595766715506242,-3.9385894070826692,20.95986729362994
2011-04-30,8.724093069494474,-3.570280381345289,21.18431612665129
2011-05-01,8.853993292645542,-4.080459760143693,20.914018984681626
2011-05-02,9.036913641137573,-4.1573214724684835,21.61084513824473
2011-05-03,8.8579744432559,-2.267330751802196,21.465339901487308
2011-05-04,8.726599979271962,-3.690050611984193,20.182208843109166
2011-05-05,8.728134741620844,-4.555832211296007,21.317702207014804
2011-05-06,8.966117010108938,-3.299501336760942,21.681463587510887
2011-05-07,9.091394778388167,-3.580552890850886,21.70748203815132
2011-05-08,9.22160640882424,-3.116366583362664,21.691375154556276
2011-05-09,9.407108612685569,-3.559887346190243,21.88225019272585
2011-05-10,9.23178999486985,-2.9666763684306874,20.714422775447204
2011-05-11,9.10374242408926,-2.7249972827699507,20.934252282312496
2011-05-12,9.106922562463796,-3.954116547090645,21.52993287030651
2011-05-13,9.343473092151259,-3.2648174414607483,22.678484639105648
2011-05-14,9.462887197109156,-2.887793110742966,22.347389670882755
2011-05-15,9.581537162805194,-2.709161401984918,22.89045009940759
2011-05-16,9.748648186351614,-2.970605941868469,22.063776200040518
2011-05-17,9.54715418757253,-3.0486998564527608,21.056472760147425
2011-05-18,9.384406533282455,-3.371551424721087,22.30707282807551
2011-05-19,9.343866801549193,-3.073628549786739,21.78256283057796
2011-05-20,9.527452095196837,-2.4191047634268394,21.071102915212155
2011-05-21,9.584715644977399,-3.422725309023428,22.009853598179706
2011-05-22,9.63238298414197,-2.8916246803761383,21.871529806773726
2011-05-23,9.72032446095416,-3.7087521872611853,22.45920228710419
2011-05-24,9.432400820076204,-3.635212633042854,22.685503566166098
2011-05-25,9.17715297491644,-2.265072937287421,22.198733401384303
2011-05-26,9.039467572000502,-4.266851673816432,22.61973490139433
2011-05-27,9.122887582398315,-2.9581139842834316,21.71098844643404
2011-05-28,9.078751617471042,-2.7848009059208296,21.993545269920084
2011-05-29,9.025683410938885,-2.5991753622219744,21.500039874806998
2011-05-30,9.015513563927966,-3.093419316389729,22.667118881592366
2011-05-31,8.634071744876707,-3.600232049146397,21.160870048992674
2011-06-01,8.291822015309348,-4.256820489375395,20.944537339720814
2011-06-02,8.075474473616449,-4.750589816529111,20.107492686399546
2011-06-03,8.090244038004553,-4.504775079106562,20.26841220579582
2011-06-04,7.988941599857047,-4.389222560552193,20.916863977045526
2011-06-05,7.891420425547113,-4.56594224775951,20.917536553637163
2011-06-06,7.850461198446522,-5.119337341925757,20.334818483768924
2011-06-07,7.452535008128539,-5.305995191310341,19.398064562007878
2011-06-08,7.108417859173098,-6.420129868806141,19.784183025656443
2011-06-09,6.904790551835591,-5.859587199922156,19.28715281363096
2011-06-10,6.946495154149118,-5.411024645064833,19.115528928766153
2011-06-11,6.8856334205927325,-6.260501142298838,19.09565171642912
2011-06-12,6.841029880080717,-6.140101152133941,20.092223218255853
2011-06-13,6.8641425541221635,-6.220162556727099,19.496862296114653
2011-06-14,6.539859917415374,-6.897058511704744,18.900217016091464
2011-06-15,6.277156734248279,-6.509574507821644,19.368968460015232
2011-06-16,6.160741466557974,-6.946369958561644,19.036013557949392
2011-06-17,6.293365132724444,-7.440060148054788,18.310286578627075
2011-06-18,6.324975486573033,-6.193737925693322,19.112984338649245
2011-06-19,6.37223765179786,-5.956620674965221,19.027259646608492
2011-06-20,6.4845025295438745,-6.001369146743976,19.464485618345556
2011-06-21,6.244659940893515,-6.524866047227203,18.27237052133952
2011-06-22,6.059847528148772,-6.17680300367046,18.74409857800876
2011-06-23,6.013146589585726,-7.306350669431718,18.750338563949146
2011-06-24,6.2059333387591336,-6.534825558665864,18.56817369710147
2011-06-25,6.287068243932547,-6.138227363856181,18.787679576465926
2011-06-26,6.372443578951539,-7.732904618992978,19.39073865715704
2011-06-27,6.510969739150841,-6.677578903063643,20.54672662068409
2011-06-28,6.285436782387318,-5.869264350736528,17.68219892677072
2011-06-29,6.103221994898575,-6.057177306866412,19.021925298767393
2011-06-30,6.047974716801615,-6.113016232102803,18.832902984741228
2011-07-01,6.221947261205426,-5.640237635863664,18.039239050005502
2011-07-02,6.275155198249793,-6.08244765954702,18.29545413247759
2011-07-03,6.32488800597487,-6.08015829360883,18.045738737644726
2011-07-04,6.421651741539958,-6.15068710302665,18.638019368368482
2011-07-05,6.149981489730079,-6.943423644482778,18.14654678055928
2011-07-06,5.919095844060729,-6.052600036975463,18.729773043749663
2011-07-07,5.814526226676175,-6.96113019316487,18.675938056068574
2011-07-08,5.940391521758662,-6.130629913210626,18.482441012759146
2011-07-09,5.948502955295826,-6.996953743096001,19.05318808128718
2011-07-10,5.957821856311515,-7.072020616913523,17.949518097939052
2011-07-11,6.020353509453315,-6.230771479273392,18.599934832106523
2011-07-12,5.721916289329606,-7.039142056765266,19.146751382534905
2011-07-13,5.472759599808525,-7.397262144584691,17.679278993510795
2011-07-14,5.35916448916562,-7.3288865933645395,18.534387159190064
2011-07-15,5.485698245544896,-6.957457381278829,18.119640696624963
2011-07-16,5.504308475667621,-7.152940475390536,17.844909344942497
2011-07-17,5.533779595233954,-6.59820667853618,17.93261029402033
2011-07-18,5.625634948673442,-7.423856181048847,18.237318690811485
2011-07-19,5.364923470497221,-7.025671137277423,18.36856765190045
2011-07-20,5.1608638555491355,-7.126557595747722,18.096582927976712
2011-07-21,5.098479291858284,-6.669170835637922,16.77559932774922
2011-07-22,5.280893006315514,-6.735747460420841,17.16595475952841
2011-07-23,5.358468866280633,-6.887302403458581,18.20351925894596
2011-07-24,5.448318537611563,-7.148890996587801,18.053481690856877
2011-07-25,5.6002568634610626,-7.592092257000034,18.5206509365962
2011-07-26,5.3976427437955845,-7.104734545019876,18.07268895212479
2011-07-27,5.248076820673242,-8.041046570740056,17.469598484555284
2011-07-28,5.235087380618943,-8.716299093058298,18.078277469523027
2011-07-29,5.460473151349058,-7.023796039504358,18.764131024871666
2011-07-30,5.5734857798036215,-7.063018105679998,19.575285119430614
2011-07-31,5.690372196837104,-7.031727936877048,18.712311065621247
2011-08-01,5.8603574381190136,-6.226157089815175,17.861291631683596
2011-08-02,5.666504340339395,-6.511574281726943,18.447314245772507
2011-08-03,5.516420817414133,-7.183654417932488,18.329763259565276
2011-08-04,5.493945807166905,-5.6509829610055196,17.66398896667775
2011-08-05,5.7014825349189495,-6.789227125784702,17.950910522537722
2011-08-06,5.789162142224206,-6.071187713196799,18.538106937279967
2011-08-07,5.8743584326223255,-6.749872583492447,17.79969040114253
2011-08-08,6.007635120530242,-6.997247628400259,18.35214258661923
2011-08-09,5.7735630654439225,-6.075260185684583,18.038210380485687
2011-08-10,5.581379474896354,-7.332948601983191,17.595513144543336
2011-08-11,5.516621623547097,-6.372536847643689,17.63085505746223
2011-08-12,5.683405326941727,-7.043151292774632,18.151096695576516
2011-08-13,5.733532898278954,-7.271667381333655,17.325152524635506
2011-08-14,5.785953058110191,-6.855595167145507,18.082770534048688
2011-08-15,5.892655887662515,-6.82343552539755,19.43643148827966
2011-08-16,5.639441947771541,-6.711480895310972,18.93385895123652
2011-08-17,5.436539072293617,-7.291470940974099,17.374099167770815
2011-08-18,5.370200747909791,-6.70621001742703,17.878523983426778
2011-08-19,5.544957480574604,-6.430150843155721,18.82291839569854
2011-08-20,5.612706799625538,-8.01477043774531,18.117070693239683
2011-08-21,5.692165023857987,-6.306966440884178,18.16857139085685
2011-08-22,5.834764244790578,-6.972382596346378,17.6399068919956
2011-08-23,5.625433710766169,-6.915769781418116,18.24686898866562
2011-08-24,5.473238875299835,-6.945044758494653,18.68507293106424
2011-08-25,5.463011473924483,-6.749036531487642,17.448520339385045
2011-08-26,5.6976411936627605,-6.667031687831198,17.541360518244453
2011-08-27,5.827213483976747,-6.183197950242555,17.717914517457448
2011-08-28,5.968515295624713,-6.917501833835538,18.55374049701252
2011-08-29,6.170990666562407,-6.770064482195501,18.827785871881336
2011-08-30,6.017583647740134,-6.533601392037125,18.395748990987055
2011-08-31,5.915440035097407,-6.321435878083416,18.37850402057328
2011-09-01,5.9475994203394364,-6.078169471510242,19.140041445861513
2011-09-02,6.215346272149027,-6.892043793085447,18.31513365055797
2011-09-03,6.367402797468979,-6.552270451493144,19.20890974184609
2011-09-04,6.519483676313913,-6.389110097800194,18.97146884776429
2011-09-05,6.720293052598828,-6.2526905012319975,19.777442443257428
2011-09-06,6.552399939593185,-6.459074878647452,19.196073232853987
2011-09-07,6.422962414790186,-5.774610752298337,19.54891495479903
2011-09-08,6.41543130170026,-6.616634673782549,17.810711102553707
2011-09-09,6.631901537458852,-6.31399105230269,17.945218955051992
2011-09-10,6.722293782786936,-5.487167147839337,19.688447750836563
2011-09-11,6.803886502567472,-6.367935992079655,19.133889851506716
2011-09-12,6.927279361159732,-5.883318648808365,18.65714807294888
2011-09-13,6.677224868987091,-6.802133200936505,20.04928394484952
2011-09-14,6.4632997298697195,-6.084794117357543,18.441536971526904
2011-09-15,6.371547929779822,-6.232963273946982,20.151381736606634
2011-09-16,6.5067653416434075,-6.119253057417868,19.811688163032947
2011-09-17,6.5216101681184995,-6.010591475689127,18.71289362595912
2011-09-18,6.536061357294323,-6.644623140342941,20.06244838190265
2011-09-19,6.603307830677707,-6.616661296956909,20.253335199227536
2011-09-20,6.3105074883669365,-6.897927016838573,18.48915240648849
2011-09-21,6.069389445739958,-6.1685483933124985,18.629387527005825
2011-09-22,5.967833467464889,-6.581136333079474,18.8792071048879
2011-09-23,6.112098164641182,-6.865860722484117,18.2340856096323
2011-09-24,6.1558838836682845,-6.1050208704503195,18.79863881065228
2011-09-25,6.21975379826381,-5.428278677130443,18.27517223808651
2011-09-26,6.356997151029075,-6.2482001732607575,19.225088191058326
2011-09-27,6.154374415202385,-6.30336256332393,19.09838407312966
2011-09-28,6.022718311882238,-7.203981031942896,19.510834078399743
2011-09-29,6.048524790246202,-6.860571800225021,18.56026971580087
2011-09-30,6.336205334093783,-7.210598798189735,19.098105354648034
2011-10-01,6.537185981221925,-6.109778380404047,18.449116780299903
2011-10-02,6.7693756994758045,-5.936941234372622,18.761450778041976
2011-10-03,7.083086896021104,-5.224342278167896,20.178067167559337
2011-10-04,7.061846389941763,-5.023664923885431,19.665740057044825
2011-10-05,7.11306911143918,-6.602547625501818,20.185349028738536
2011-10-06,7.31972677729366,-4.987671900625487,20.60278998740166
2011-10-07,7.782680912939654,-4.914854607045925,19.797337923631794
2011-10-08,8.14986353406264,-3.9647157407445444,21.064711828987416
2011-10-09,8.53582603399264,-2.727492955212326,20.846529846076056
2011-10-10,8.98773698910523,-2.9425148022600482,21.62194361174737
2011-10-11,9.086265237428755,-3.201836609123342,22.59904959975923
2011-10-12,9.236318661833518,-3.191173337436691,22.247305277396784
2011-10-13,9.518769287991551,-3.051253588818633,22.18092933550586
2011-10-14,10.03283266434546,-2.4744993354280087,23.12181446775098
2011-10-15,10.425283707501535,-1.7707826282479462,23.277046323391247
2011-10-16,10.810028732841971,-2.4132217985829967,23.817896672645254
2011-10-17,11.234113880041065,-1.8226659820043476,23.868462927136566
2011-10-18,11.278606121932647,-0.842337527506581,24.043559156330783
2011-10-19,11.349317459428239,-2.045729954425075,24.586649624783938
2011-10-20,11.528503415109956,-1.3787462305472176,25.025660838037805
2011-10-21,11.917204610007001,-1.4142853744587487,23.959043244773092
2011-10-22,12.164414714144314,-0.3833401234015331,24.919463645659555
2011-10-23,12.38659585492828,-0.12798353461155007,24.776327205722644
2011-10-24,12.633623274559863,0.8970500983590476,25.350338638777675
2011-10-25,12.489597178113378,-0.03635706665847869,24.968157558075994
2011-10-26,12.36349424979434,-0.33672029806429343,24.86839178576513
2011-10-27,12.340791893374163,-0.038531564593959185,24.93286428235722
2011-10-28,12.525735938750227,0.1966443865422507,24.51488006652464
2011-10-29,12.570437022255962,-0.04160990598963912,25.447687502901395
2011-10-30,12.594318548664733,0.08370473712925776,24.97651841359437
2011-10-31,12.649999707147828,-0.4674314503042152,25.223841051283486
2011-11-01,12.32405297596897,-0.11018633447534538,24.503680755786064
2011-11-02,12.027609859356904,-0.3772074200756069,23.500159433429303
2011-11-03,11.847948918882416,-0.6999582163396552,24.527111415121542
2011-11-04,11.890737563276046,-0.760051091834299,25.447548859831954
2011-11-05,11.80911322582621,-0.6576413957439516,23.901499026441535
2011-11-06,11.723126950808133,-0.5975685325157891,25.678576190790203
2011-11-07,11.68563266827647,-0.15764108780874275,23.313068378366562
2011-11-08,11.283061102947121,-0.7691317881052466,23.66240081391282
2011-11-09,10.926051294229516,-1.3909567821097002,22.628622757012888
2011-11-10,10.701072772643784,-2.1342478233922395,23.574129163589493
2011-11-11,10.712708622348902,-2.0332165999166496,23.29433465791718
2011-11-12,10.612783647125674,-2.0707406861690427,23.49690101250287
2011-11-13,10.519859116143785,-1.9398758453011253,24.013158230178206
2011-11-14,10.485175738030946,-2.050119911686191,22.991461411831903
2011-11-15,10.093482142032274,-2.361486468576621,22.772957840491266
2011-11-16,9.753720190322689,-4.192529593503767,21.659907700167576
2011-11-17,9.550698576646695,-3.2453701879388546,22.416583261662385
2011-11-18,9.587423460463231,-3.7299776874559427,22.0239586683337
2011-11-19,9.514269025632538,-3.073868644099926,21.805304237030857
2011-11-20,9.448508301541231,-3.918854574535878,21.56643161805531
2011-11-21,9.440284978164208,-3.3387466651128204,21.380408670627812
2011-11-22,9.073462822697444,-3.903989109808394,21.629226828934513
2011-11-23,8.756323613278568,-2.922773552080697,20.847571502156377
2011-11-24,8.573244907633839,-4.064563809119146,20.654208857301
2011-11-25,8.627026529948912,-3.905595356678654,21.146142287596536
2011-11-26,8.56804906248479,-4.660757822039768,21.791413679524418
2011-11-27,8.513785324673108,-3.8968435618194057,21.15004923127745
2011-11-28,8.514746439869253,-4.816070956563692,22.894996938045573
2011-11-29,8.15530015972132,-4.386521087952927,21.55040784035502
2011-11-30,7.844333581793027,-4.21923980543885,20.69146975840564
2011-12-01,7.666892915634213,-4.698131643493991,19.558091190860413
2011-12-02,7.726470591458369,-5.229624706443093,19.578033245387836
2011-12-03,7.674124436457158,-4.9507255152935565,19.12558037628209
2011-12-04,7.627951321358077,-5.421401359417291,20.182923013556767
2011-12-05,7.638998233132841,-5.203554699837178,20.251599104987214
2011-12-06,7.2920496922128555,-4.950025110726794,20.807361465042206
2011-12-07,6.996264751277046,-6.195070054646915,19.939806275074215
2011-12-08,6.836797150398706,-5.682538840834876,18.814961779833084
2011-12-09,6.917069631484599,-5.418000750825131,19.907077501030116
2011-12-10,6.887887612684915,-5.466595059316353,19.277071133559264
2011-12-11,6.866914852982481,-6.9138948370387885,18.402082285609694
2011-12-12,6.904594035385795,-5.7123737190403165,20.26002692324502
2011-12-13,6.584950905458357,-5.390460386999726,18.648281369427625
2011-12-14,6.3162546754010345,-6.373643427495113,19.070941890125386
2011-12-15,6.182667513163187,-6.480096374412147,18.770641717331106
2011-12-16,6.286553159495257,-6.175937324745863,19.472084491384088
2011-12-17,6.277628739283259,-7.189342306892113,18.551984556212847
2011-12-18,6.2724811245396745,-6.471940824704085,19.679610666548456
2011-12-19,6.320529406390885,-5.903741327095743,17.91231531485196
2011-12-20,6.004870686917313,-7.232951750248329,18.35128949522064
2011-12-21,5.732980465718857,-7.0382085881622745,18.154503675199997
2011-12-22,5.588399041588026,-6.978838629147103,18.417790469054335
2011-12-23,5.6730726542153,-6.765474173029779,17.81215342671732
2011-12-24,5.636532237862887,-6.608470553331604,18.049975697950003
2011-12-25,5.595430112440707,-6.363776943501602,18.811359393447255
2011-12-26,5.599515333852413,-6.398254043923865,18.655379400862216
2011-12-27,5.232484303626982,-7.449677318978298,18.247659110150558
2011-12-28,4.902677547874672,-7.198764268060895,16.316712735531667
2011-12-29,4.694753980992554,-7.681785202157226,16.785885365561075
2011-12-30,4.712011540044112,-8.87460518796627,18.74870155297583
2011-12-31,4.605537486575219,-9.16432766013445,16.79951798751236
2012-01-01,4.4937093797322385,-7.544663304796704,17.381932146819782
2012-01-02,4.428128356641722,-8.524084306927643,17.314422623588552
2012-01-03,3.9944224444616143,-8.515614503804082,16.51106417448914
2012-01-04,3.602892116929528,-8.467980819288464,16.483466063471365
2012-01-05,3.3401308545267625,-9.691624289831669,15.807821217395936
2012-01-06,3.311291136650655,-8.980654653936027,14.902136822114798
2012-01-07,3.1691807584237557,-9.126484533710276,16.349587046196053
2012-01-08,3.0337120779477713,-9.14140560382881,15.495265919983943
2012-01-09,2.957787390064304,-9.072027172458672,15.620928712758587
2012-01-10,2.5280596223111,-9.95752187215078,14.747232848900559
2012-01-11,2.1555419036361756,-11.216962130004344,15.084319711922966
2012-01-12,1.9271999280990566,-10.741738321833799,13.806344917197272
2012-01-13,1.948198494284802,-10.20470338983122,14.971076137496963
2012-01-14,1.8709878243109395,-10.597825378211096,13.441696687506248
2012-01-15,1.814752715230051,-10.062852829732499,13.743381189946602
2012-01-16,1.8313078858276377,-11.124608429912447,14.184299534681113
2012-01-17,1.5058785939400696,-11.445553895965203,14.393799815555413
2012-01-18,1.2477396675882861,-11.14815941215399,13.745282941255093
2012-01-19,1.1418461875134316,-10.440172209384285,13.600476186174589
2012-01-20,1.2911262572079232,-11.504988467351476,13.551204672856242
2012-01-21,1.345620284928084,-11.687443705233882,14.469498751971761
2012-01-22,1.4219884484219016,-11.393117563426195,13.891260055667008
2012-01-23,1.5694681589211736,-11.42532435077688,13.31165241780683
2012-01-24,1.370718931869623,-10.50723331548408,13.816905212377247
2012-01-25,1.2325260658839832,-11.317880294895495,14.166397590052913
2012-01-26,1.2374946008694212,-10.867105806750603,14.694500077009106
2012-01-27,1.4864022502547947,-11.352929123463952,13.78916954739514
2012-01-28,1.6273940660388932,-10.41474192114248,13.418893454903282
2012-01-29,1.775538964770881,-10.904687223560414,14.748601568062528
2012-01-30,1.9788285561286711,-10.882027904233926,14.067794617390648
2012-01-31,1.8190545142400998,-10.744850305981213,14.85483509961887
2012-02-01,1.7025349674828045,-10.719841751452137,14.824258227276454
2012-02-02,1.7118207206978675,-10.693608640413396,14.174151749520046
2012-02-03,1.9480496361108943,-9.258966917580791,14.294644862796094
2012-02-04,2.0601318625948006,-11.274496109346057,15.475908895456323
2012-02-05,2.164286274762985,-10.618180907113361,14.435891615991553
2012-02-06,2.310009093385711,-9.753575348256659,15.508535484636289
2012-02-07,2.0809117392133745,-10.270963605099688,15.084219000640786
2012-02-08,1.8853994674130221,-10.366845475059371,14.063033476676733
2012-02-09,1.8083228976815766,-10.874706454678778,15.196920403929463
2012-02-10,1.953272260401596,-11.532102090349024,13.933506241224967
2012-02-11,1.9716986935267484,-10.39368665951372,14.663356724983094
2012-02-12,1.9823847011088938,-10.353040989853318,13.829852014716456
2012-02-13,2.0373465493823426,-11.900645680745116,14.323919514499682
2012-02-14,1.7226074608193995,-10.974645585455649,14.300641837282829
2012-02-15,1.448814914522579,-11.546670765186878,14.130848026264896
2012-02-16,1.302835832160668,-11.897410211571598,13.886852575320148
2012-02-17,1.3900009901004236,-11.102405248856712,13.42650574118543
2012-02-18,1.363184325976786,-11.51415055818968,13.778661653441056
2012-02-19,1.3422403601284478,-11.041757370518134,14.835158169370773
2012-02-20,1.3798833623317401,-10.471558329775034,13.553168148249432
2012-02-21,1.0624477002641446,-12.59396329405235,12.69809027217603
2012-02-22,0.8005029600194438,-11.739536844860112,12.373131459134466
2012-02-23,0.6804575987672208,-12.08694622711727,13.30741782182587
2012-02-24,0.8068221516041723,-11.9585731941572,13.617514740313213
2012-02-25,0.8313170529715226,-12.602970381287504,13.43280683611775
2012-02-26,0.8723474143809664,-10.908441898017678,13.239019578173979
2012-02-27,0.9961205335177228,-11.976992606691509,14.188692821312957
2012-02-28,0.7718778973505533,-12.75714409161713,13.193788790862195
2012-02-29,0.6081464410296231,-12.15053982716977,12.809970910827351
2012-03-01,0.5892085092610193,-12.389487759193274,13.180297737099986
2012-03-02,0.8174261654968147,-11.697445753666189,12.509490889243152
2012-03-03,0.9424098945887169,-11.080591653257864,14.005512241300199
2012-03-04,1.0805523130453705,-11.48062277428913,13.916429819895061
2012-03-05,1.281007735442075,-11.573156853246044,14.82499019725131
2012-03-06,1.126554156399647,-12.205685405784795,13.900727071314021
2012-03-07,1.0243083493735101,-12.511103084125365,13.388525294075876
2012-03-08,1.05742502412122,-10.827980112589888,14.167656209515918
2012-03-09,1.327448398058901,-11.076479067581884,13.459499690601268
2012-03-10,1.4834988022356588,-11.475421427816354,13.801311133654021
2012-03-11,1.6418145200356422,-11.080141430383776,14.066106339792855
2012-03-12,1.8517295781478849,-10.123200614132468,13.81769773470157
2012-03-13,1.6965242091331314,-11.178065179008742,14.485396854640374
2012-03-14,1.584119129079073,-10.489639086804313,13.741147154527624
2012-03-15,1.5987452820427004,-11.155376024505378,14.28417852362506
2012-03-16,1.8432583613351206,-10.987141964463099,15.40979022283738
2012-03-17,1.9682818986339599,-10.243425884310943,14.350529267057476
2012-03-18,2.091700468928921,-10.994139517979363,15.146972361770729
2012-03-19,2.2645852194972482,-10.798628874888452,15.269558016567485
2012-03-20,2.0719900249159013,-10.690939671823058,14.171708688878764
2012-03-21,1.9235910410513406,-10.904030866776964,14.211074824662253
2012-03-22,1.9053029375084645,-11.34109293607843,15.091167020975414
2012-03-23,2.121542696668575,-10.220356477659141,16.10904884703906
2012-03-24,2.224326252221562,-10.611079745726075,15.120238371199816
2012-03-25,2.332720857768272,-9.44631315957293,14.759035450759947
2012-03-26,2.4987365578857865,-11.270114018294617,15.53839567711253
2012-03-27,2.3080960161482307,-9.832070184093894,15.926876673866609
2012-03-28,2.170856186753948,-10.591567769375464,14.344867082429738
2012-03-29,2.1730155645231055,-10.388600400085958,14.35185019420724
2012-03-30,2.418778086232639,-10.994210355715433,14.021679637113351
2012-03-31,2.5596588668503157,-9.549138520701113,14.117844292100536
2012-04-01,2.7139543020158947,-9.844395624120462,15.642104749152805
2012-04-02,2.9326592925549013,-10.086106793563195,15.478190416284866
2012-04-03,2.8002699915296656,-8.988192510687627,15.999803911020773
2012-04-04,2.7254444962430067,-9.945615515976822,14.715169764002367
2012-04-05,2.7926539786968863,-10.183181648743814,15.861604534939863
2012-04-06,3.1044939476355755,-8.902091131265061,16.456643820260084
2012-04-07,3.310839349725926,-9.125859123832985,15.3694893072133
2012-04-08,3.528364514186978,-8.00205237262098,16.779993684996697
2012-04-09,3.8065091650799325,-9.116294093929172,16.89612906440367
2012-04-10,3.7283274120740697,-8.644597645845506,15.948407340921655
2012-04-11,3.701190739348079,-8.598813244882352,17.131692395204077
2012-04-12,3.808476212438224,-8.68295642899476,15.861217169277777
2012-04-13,4.151908489806882,-8.23024469052562,16.048076615838138
2012-04-14,4.380738440545028,-8.182788132999988,16.530228709170977
2012-04-15,4.611278693494643,-7.039648895361602,17.260244498676368
2012-04-16,4.892876909880125,-7.873199029160136,17.544158021988974
2012-04-17,4.808763517430345,-8.280764415992973,17.4453452545506
2012-04-18,4.76674501645817,-7.910941760475175,17.836546647309248
2012-04-19,4.85087442864204,-6.952844817567442,17.138486432787357
2012-04-20,5.1637680747909736,-7.129642512092628,18.426300237699554
2012-04-21,5.355752312137942,-7.132874290326005,18.427467317457154
2012-04-22,5.544361589205642,-6.664697731557466,18.283141053080975
2012-04-23,5.78026981465603,-6.820953227822903,18.27406928406098
2012-04-24,5.648093116654493,-6.726078748928946,17.66950326540305
2012-04-25,5.557036534765758,-6.625010937009375,18.65992428177875
2012-04-26,5.592517695469051,-6.709222488670601,18.11031233192514
2012-04-27,5.858438141251117,-6.419872310762338,18.84720097640533
2012-04-28,6.006287385140432,-6.05099432731306,18.359975327609323
2012-04-29,6.154602403414976,-5.9926147839417165,18.615210500259046
2012-04-30,6.354865789249166,-6.606895731213892,19.085214496691982
2012-05-01,6.192281704138291,-5.895302316193021,18.43832913440994
2012-05-02,6.076403030611665,-6.614184947607337,19.15704944140106
2012-05-03,6.092743413403882,-6.04129362923971,18.927789596809113
2012-05-04,6.345045249854289,-6.283834877067772,18.85379220901367
2012-05-05,6.484388834596258,-5.595739993947033,19.001217848683368
2012-05-06,6.628665242325802,-6.657469861508695,19.10325653154098
2012-05-07,6.8284957837712525,-6.216180782046905,18.864779690145184
2012-05-08,6.66803653668603,-6.140109290011453,19.693595466893097
2012-05-09,6.555640491841922,-6.840436819939302,18.131603104021348
2012-05-10,6.575509934997472,-6.255522737934948,18.308549464975947
2012-05-11,6.830008888800488,-5.214826985841577,19.81046073949882
2012-05-12,6.968819449555465,-6.23845590468165,19.49044917529621
2012-05-13,7.108463140652294,-5.881552090221412,18.716091755106444
2012-05-14,7.298268608202921,-5.680735324761805,20.790953982868988
2012-05-15,7.12122264947743,-5.096784608216922,19.72574910486946
2012-05-16,6.984675647216032,-5.329108185541259,20.014139230884336
2012-05-17,6.972032653122613,-5.679635498921002,19.917047106651808
2012-05-18,7.18509869828144,-4.8280349091549395,20.382005750075425
2012-05-19,7.273261089120561,-6.2495629599358224,20.496774868870325
2012-05-20,7.353028937715991,-5.6691115160952785,20.101946220070182
2012-05-21,7.474010609696684,-4.845077871698177,20.999941502070488
2012-05-22,7.219765689284319,-5.008071111087835,19.005988136384428
2012-05-23,6.998502407768493,-4.842580714680142,20.315183867939947
2012-05-24,6.894751921344489,-4.979674769759367,19.456291370965864
2012-05-25,7.011688425105878,-5.728406341076149,19.463662697638714
2012-05-26,7.000278526393438,-5.556708349447763,19.792340713528535
2012-05-27,6.978781027640063,-6.514363897247722,19.405008323647287
2012-05-28,6.9986789143588215,-6.000502903876402,19.402389162070495
2012-05-29,6.645481438891195,-5.423564228095563,19.184218771889718
2012-05-30,6.329368678367745,-6.4841022551977066,19.25002666539469
2012-05-31,6.136811483927022,-6.843490610280866,18.322989408190168
2012-06-01,6.172837392922492,-6.430746354186217,19.12835344495463
2012-06-02,6.090127519114342,-7.440759574265984,19.621795570821387
2012-06-03,6.008467122392687,-6.816686804711683,18.961914332913448
2012-06-04,5.980633118354013,-6.175708760249744,18.713131059942175
2012-06-05,5.593157752518464,-7.6488825539689556,18.178527740148162
2012-06-06,5.256941981120418,-6.026686558835136,17.933561545741956
2012-06-07,5.05885243321192,-7.471236572359507,17.116269354724324
2012-06-08,5.103973248437528,-6.399380166694598,17.577947222168234
2012-06-09,5.04469827083361,-8.049362557711923,17.954698155027938
2012-06-10,5.000186493470482,-7.039696935402037,17.497397035054583
2012-06-11,5.022263928756125,-8.117473321974366,17.838838127478834
2012-06-12,4.6962107664101636,-7.972718164360256,17.594295708900088
2012-06-13,4.431406730736127,-8.847049504689688,17.235479909522216
2012-06-14,4.312967631713415,-8.054425269018108,16.451257233494786
2012-06-15,4.4440432993197945,-8.140973434765375,17.084660893926454
2012-06-16,4.474961083516098,-8.70850023168499,16.97539328257088
2012-06-17,4.522736361439407,-8.124347460075427,17.147064751243263
2012-06-18,4.637031660301953,-7.8318390169070815,17.576694166759033
2012-06-19,4.4010016243102354,-8.626006019138961,17.954432642161528
2012-06-20,4.22199508403764,-8.102111279298159,17.437191044807516
2012-06-21,4.183245598491528,-8.120737726270567,16.477881873935225
2012-06-22,4.386219111741158,-8.518186591917972,17.022006943972343
2012-06-23,4.479801481220238,-8.521617745773508,16.73260171257252
2012-06-24,4.579846058246783,-7.4180290679812515,17.36838666114118
2012-06-25,4.735161869811276,-6.795425579552116,17.36584010662679
2012-06-26,4.528378803459512,-8.011424948276172,17.501007812430306
2012-06-27,4.366660484687815,-7.498350228191621,16.911027037589438
2012-06-28,4.3333959225893075,-8.981832944652938,16.819280297523903
2012-06-29,4.5305385544763155,-7.6675367300883615,16.956817728807366
2012-06-30,4.607775719411598,-8.732275031146235,16.766453341328813
2012-07-01,4.682049290089916,-7.380782912133617,16.91159013170174
2012-07-02,4.803508821116412,-7.534433705256453,17.768370108183102
2012-07-03,4.556334660873519,-8.316458699570592,17.13522464022491
2012-07-04,4.349402967381551,-7.416689535808634,16.883033602506888
2012-07-05,4.267925123684201,-8.156248282960714,16.91458743557191
2012-07-06,4.415731730155954,-8.739668696091451,17.089872633283928
2012-07-07,4.4443858315538876,-8.078424193162693,17.631952954134615
2012-07-08,4.472647769215699,-7.9510050178357,17.13751039275965
2012-07-09,4.552374661316655,-8.333461200438048,16.5918364835959
2012-07-10,4.269293538404446,-7.5621763078461814,17.929115223536584
2012-07-11,4.033621542960393,-8.462918545262303,16.174921502388138
2012-07-12,3.931667001540244,-9.644101864845526,15.289296300866981
2012-07-13,4.06808266562277,-8.457006860663745,16.038707292873845
2012-07-14,4.094956670069342,-8.266938805110364,16.723737681283644
2012-07-15,4.131264236519076,-8.786059492379959,16.870947745664004
2012-07-16,4.22876348829791,-9.151909858234303,16.944966775197905
2012-07-17,3.9727744836060235,-8.519514342737212,16.092926968733703
2012-07-18,3.7728146686137647,-9.475957599107588,15.675137887300671
2012-07-19,3.7142240713328887,-9.048927530556384,15.71243340799185
2012-07-20,3.9004507785399896,-7.401111453650671,17.148333230046305
2012-07-21,3.9821812470043234,-8.786556314634483,16.058819399076953
2012-07-22,4.0768372646005275,-7.723315961575895,17.150039504729488
2012-07-23,4.2345215381702115,-8.035675721429712,16.71185306368619
2012-07-24,4.0388494886537565,-8.027151652267708,16.272254392528314
2012-07-25,3.8976388380954905,-9.304847067605335,16.50165643559963
2012-07-26,3.8945886499308697,-9.145633155710076,16.66185174094235
2012-07-27,4.1316167128164105,-8.253100394891181,15.578562922134124
2012-07-28,4.258038224382526,-7.844605789052315,16.065978866241238
2012-07-29,4.3901061008540125,-9.080435529348327,15.931695013168873
2012-07-30,4.576993550097609,-7.697829235698892,16.822189992107194
2012-07-31,4.401655340353342,-7.358485411522369,17.520233402295815
2012-08-01,4.27153842712226,-8.437613927232531,17.505215779415654
2012-08-02,4.270272932067712,-9.121096541969834,17.58404039821183
2012-08-03,4.500011972123583,-7.927215748636081,17.67066156808554
2012-08-04,4.610603191345617,-8.648813283917548,16.41137038494738
2012-08-05,4.719112509980255,-7.642476324477242,17.428227585387294
2012-08-06,4.87578120463886,-7.58602226133856,17.508462925770772
2012-08-07,4.664853502782988,-7.0984397538595845,17.927814369316245
2012-08-08,4.495246358055151,-8.133616423383625,17.508995225018303
2012-08-09,4.452193628418736,-8.299361442910902,16.887505160639193
2012-08-10,4.639534571507931,-8.021450276044762,16.87472943573856
2012-08-11,4.708831072293499,-7.819567485261472,16.964531335048367
2012-08-12,4.778835780261065,-6.9134675108077355,16.558286588433127
2012-08-13,4.901393983340283,-7.804972578707149,17.253023123281917
2012-08-14,4.662218114571465,-7.121904885826108,17.187214278128796
2012-08-15,4.471508218792399,-7.931657917393646,16.67765732818279
2012-08-16,4.415552159836043,-7.835079368169708,16.420523990407375
2012-08-17,4.598976891526482,-8.582765285417757,18.07588460795561
2012-08-18,4.673836423647572,-7.46822816356164,17.139875224902255
2012-08-19,4.759059645540958,-7.788302506458493,17.276661014840748
2012-08-20,4.906341558364669,-8.285744386440728,18.129670788458764
2012-08-21,4.7009172505573575,-7.85287250412688,17.14787382370996
2012-08-22,4.552192081915256,-8.61337353309651,17.028699470149395
2012-08-23,4.545361687990931,-8.14933215645046,16.559528977789657
2012-08-24,4.78369265504032,-7.299202724770676,17.267765097564283
2012-08-25,4.917648730915845,-7.602443066891784,17.3742841429301
2012-08-26,5.0643846963562655,-8.112439923071658,17.303208876590695
2012-08-27,5.273690165509827,-7.433466077248484,16.885831488849973
2012-08-28,5.128821159834557,-7.157621919376752,18.45030505769244
2012-08-29,5.037191264295167,-7.293568713074606,18.24146783388518
2012-08-30,5.0820542022904,-7.743656341910901,17.68563382822976
2012-08-31,5.364846836529251,-6.651301457123044,17.631787743866056
2012-09-01,5.534375603881717,-8.221824085386148,17.446085178584337
2012-09-02,5.7063666911114135,-6.303719411403344,18.015696593901662
2012-09-03,5.929460495930006,-6.972316606331343,18.208067581546644
2012-09-04,5.7860866373177755,-6.7423274409469025,18.863726783731046
2012-09-05,5.683189935131333,-6.218323645995001,18.06628711573271
2012-09-06,5.703938039825883,-6.863565877945683,17.393429977815188
2012-09-07,5.950078832550244,-6.376030276242764,18.41372100459017
2012-09-08,6.071130013355458,-5.3211583962290065,18.853475350011607
2012-09-09,6.18392091025794,-5.75392343825833,18.92254921329764
2012-09-10,6.3385671061671065,-6.2523618098314975,19.14666500167619
2012-09-11,6.119314528170682,-7.075234515317745,19.037820976320738
2012-09-12,5.9352241195379944,-7.188329922707708,17.70763034861779
2012-09-13,5.87182877807637,-7.969098768188865,18.570384900253732
2012-09-14,6.033431960244009,-6.460662790731006,17.853538938670372
2012-09-15,6.07223189010729,-5.981002733266145,18.89701339737437
2012-09-16,6.107793128205489,-6.526006101869034,18.23686166834505
2012-09-17,6.1929479735082635,-6.139549910473961,18.50614799702989
2012-09-18,5.914566321146932,-7.451339555815253,17.726539007052907
2012-09-19,5.684167121686076,-6.417100059720673,17.403488521870095
2012-09-20,5.589505141600814,-6.68092801116853,18.19323049293923
2012-09-21,5.736804374613852,-6.102077386384944,19.164285039378875
2012-09-22,5.7798238725680955,-6.620473413849227,17.90722166505107
2012-09-23,5.839279408183536,-6.039642482878498,17.979845110844234
2012-09-24,5.968704880858015,-6.687979891718207,18.770441354095514
2012-09-25,5.755193265890178,-6.984298604664852,18.645405509539522
2012-09-26,5.6099911364868404,-7.122109384918454,17.350369144049647
2012-09-27,5.6200810220858095,-7.207400046313368,18.25684603062117
2012-09-28,5.890423180028272,-7.319159243716176,18.269595210522287
2012-09-29,6.073042432759892,-6.91235993452919,18.91709317582676
2012-09-30,6.286483024762068,-6.473292894086045,19.229625933730855
2012-10-01,6.581714622353716,-5.758275187987711,19.120327897267398
2012-10-02,6.542928159794959,-6.348362428539454,18.764858736072334
2012-10-03,6.57819418479185,-6.252126782970792,19.59333318581317
2012-10-04,6.771116348765595,-6.261089132311135,18.92148047491968
2012-10-05,7.223149802918723,-5.930284050642407,19.09328965153129
2012-10-06,7.58276818810576,-5.1933845119632736,21.21171277536637
2012-10-07,7.965000114002928,-4.652702500515342,21.49932881418111
2012-10-08,8.417416153777248,-3.9708355664834594,21.68414646359886
2012-10-09,8.5210029796994,-4.218743919335547,21.288532432711975
2012-10-10,8.680895290402065,-3.6033764786983618,22.3041153763991
2012-10-11,8.978096302656505,-3.3208298146188007,21.6898943629813
2012-10-12,9.511854876773889,-2.542548646654823,22.379743892580713
2012-10-13,9.928881497670957,-2.485927563005015,22.371787859460998
2012-10-14,10.34292280610083,-1.7678681078029903,22.677478869513994
2012-10-15,10.800774801721353,-1.8264740914174402,22.209997450009226
2012-10-16,10.883170758470216,-1.2568142951465282,22.70642400765962
2012-10-17,10.99551425163741,-0.9190722195190101,23.40608891253088
2012-10-18,11.21958815662509,-1.6859296899528966,22.836573119408353
2012-10-19,11.655908109331568,-0.9833098178165469,23.92723390618818
2012-10-20,11.952903390741346,-0.5106574274337083,25.097421686818908
2012-10-21,12.226445967749576,-0.4299095123445831,24.7895285603278
2012-10-22,12.525809115322817,0.40799592744549973,25.410741574395875
2012-10-23,12.434493191759387,-0.00805254242384283,25.090973558447775
2012-10-24,12.360890681244197,1.1652333831133612,24.841150336179208
2012-10-25,12.389923212977383,0.027300555934013204,24.74608108415182
2012-10-26,12.625320978127327,0.6161009848443537,25.16331389103371
2012-10-27,12.718729466246716,0.22992162399838675,25.51213732410522
2012-10-28,12.789166185359685,0.5845375689908898,25.631726604076142
2012-10-29,12.888910642789725,0.13771809276969346,25.16882221650189
2012-10-30,12.604266879685344,0.5378710703225889,26.419322898281905
2012-10-31,12.346172217508757,-0.019792238447535422,24.621342881883766
2012-11-01,12.201786251813864,0.08731326767219855,25.107145038597313
2012-11-02,12.276731588415348,-0.0196633233822361,24.393218159900766
2012-11-03,12.224172038540871,-0.6086803403393106,24.515121711211766
2012-11-04,12.164251434830302,-1.2495555357330281,24.648743706825286
2012-11-05,12.149976535979148,0.6699439326714853,24.263165776663477
2012-11-06,11.767983196038692,-1.529365654242189,24.750927536560305
2012-11-07,11.42915904016358,-1.6508677262892728,23.51743030548655
2012-11-08,11.22025598289185,-1.94507474123441,23.548269331112284
2012-11-09,11.246163126742816,-1.3880102437339426,24.463959748264173
2012-11-10,11.159024574305418,-1.1697686661671733,23.137487181474224
2012-11-11,11.077723944292492,-2.461606618772381,24.418916948966146
2012-11-12,11.053817543217406,-1.4612341520016794,23.516127306903908
2012-11-13,10.672353754702144,-3.066088332580372,22.84393219887114
2012-11-14,10.342550225622075,-3.1519788516030554,22.120108321548454
2012-11-15,10.149460524001734,-2.505430342676319,22.402580781476168
2012-11-16,10.196299196205846,-3.4651242345006166,22.509580959188114
2012-11-17,10.133608244448379,-2.996114819229796,23.140993282583192
2012-11-18,10.078785445018752,-2.6547181402236104,22.04077855405015
2012-11-19,10.082055269743924,-3.2464308209197026,22.645659709482832
2012-11-20,9.727318997755823,-2.771481588105159,22.224982322237498
2012-11-21,9.422854862255967,-2.8462604417339743,22.869691994312006
2012-11-22,9.25299943187823,-3.746547062163152,21.85106027700569
2012-11-23,9.320478948687525,-4.096113783421108,22.588417870163386
2012-11-24,9.275573710550155,-3.522705988293477,21.504823067346887
2012-11-25,9.235636251093466,-3.66936256166741,21.763910823434326
2012-11-26,9.251044664721814,-2.5035449375237557,22.147084490816848
2012-11-27,8.906028479038541,-4.734669631634598,21.404091524146754
2012-11-28,8.609338936456638,-4.039418107907347,21.30945381099406
2012-11-29,8.4458960688914,-4.077524903173617,21.83258406206026
2012-11-30,8.519082599636924,-3.753018335744071,20.510688274822165
2012-12-01,8.479869156874257,-3.285551153209454,21.61849895352062
2012-12-02,8.446292987976747,-4.301770875524827,20.61225690253074
2012-12-03,8.469372950930396,-4.494933104110966,21.58210292344999
2012-12-04,8.133899561149049,-4.643401777032287,20.045166342452216
2012-12-05,7.8490732345741625,-5.358317504110977,20.696958770592182
2012-12-06,7.700124252590783,-5.135775488296872,20.32514047731334
2012-12-07,7.790585450888526,-4.298590647807331,21.28402793353005
2012-12-08,7.77140288054479,-4.894051916104149,21.191235551499684
2012-12-09,7.760407166134772,-5.041995647728176,19.392405340288786
2012-12-10,7.808228627762102,-5.179705941626114,20.226202098977865
2012-12-11,7.49909498182146,-4.2444268314180436,20.439438709729345
2012-12-12,7.241484542729943,-4.741140100220699,18.607898582447028
2012-12-13,7.1197679844015305,-6.183961848942645,19.594986910951523
2012-12-14,7.2365089633671875,-4.798767125649619,19.044759221682586
2012-12-15,7.241607940423375,-6.026646847004421,20.277527010132495
2012-12-16,7.25181083166542,-5.479322301041887,19.494936266813014
2012-12-17,7.316664313976323,-6.29312725111694,20.177304420000027
2012-12-18,7.0193552492792515,-5.463381597153529,18.314466303220396
2012-12-19,6.76740573343473,-5.364707895363222,19.9193354222351
2012-12-20,6.644355391261625,-6.076265288390017,19.310082728670967
2012-12-21,6.752099807177444,-5.6829777948403555,19.063712654765506
2012-12-22,6.740068085977409,-6.101635061419497,19.537031432465078
2012-12-23,6.7247599454981355,-6.090763504786223,19.174562610293236
2012-12-24,6.755723090284838,-5.187337103011391,19.533804716698295
2012-12-25,6.416407443094368,-6.2134427907044385,18.521699723613875
2012-12-26,6.114867070839441,-7.070948286737887,19.124845034400177
2012-12-27,5.9354409985008045,-6.625693965045903,18.751855563468613
2012-12-28,5.981081629713374,-6.752441391412002,18.23741985143668
2012-12-29,5.902513862928967,-7.461596011082882,18.415040443745788
2012-12-30,5.817745664402937,-7.148108725198985,18.546386571555438
2012-12-31,5.778011463561686,-5.7892964559819955,17.169308222341428
2013-01-01,5.3685858048523025,-6.740784289523332,17.776661076054086
2013-01-02,4.99943916723063,-7.490635590236969,18.551230492512918
2013-01-03,4.756868406349666,-8.298443611471297,16.915949317707494
2013-01-04,4.7457719503830385,-8.320185873171132,16.167102774814534
2013-01-05,4.618754360317615,-7.989087895846115,16.732634344953784
2013-01-06,4.495582602875454,-8.915158263489783,16.022411787128036
2013-01-07,4.429077006517828,-8.075286320412433,17.583098014234146
2013-01-08,4.00587590967627,-8.876654731195796,17.384915728314834
2013-01-09,3.6370474101547057,-9.11762047358435,15.720208056985864
2013-01-10,3.4096820458889163,-9.153067831813651,15.688228348485477
2013-01-11,3.4291377483914496,-8.999478987791406,16.615111015935074
2013-01-12,3.348122687800399,-8.742088357790784,15.768400326128138
2013-01-13,3.286139131709451,-8.89549456181455,15.929136574302447
2013-01-14,3.2953718030473618,-8.70937091799852,15.914416023167693
2013-01-15,2.9614599841442626,-9.284825915699866,15.161571806382769
2013-01-16,2.6941267274956244,-8.926670830947206,14.747963481912377
2013-01-17,2.578798667259344,-9.086837523820266,16.065927577181153
2013-01-18,2.7188871562060877,-9.707581088774479,15.772672608199938
2013-01-19,2.7649154653432753,-9.832355067187146,14.806230131594425
2013-01-20,2.8340140449063522,-10.08408271588332,16.12130424886067
2013-01-21,2.9758659972550583,-10.115927569573216,15.767310141358422
2013-01-22,2.773540499548196,-9.963106092362185,15.409034607430282
2013-01-23,2.6341858950942316,-10.082982839176672,14.843354291359704
2013-01-24,2.640714219580182,-10.679723333508447,14.526313956200404
2013-01-25,2.894146121756467,-9.614727482471876,15.24022216992304
2013-01-26,3.0427991635533043,-9.020036716663915,15.174345809949678
2013-01-27,3.2018398091258784,-9.345897180056756,14.822976732157718
2013-01-28,3.419279675611437,-9.533388130742097,15.156516619512814
2013-01-29,3.2768523627391533,-8.610422180449758,16.555695995734574
2013-01-30,3.180741357510426,-8.963702013453023,16.86356461729768
2013-01-31,3.2132897911977136,-9.199230224636377,15.280546494258207
2013-02-01,3.4753602818942535,-8.783340777703948,16.04997505332301
2013-02-02,3.6155274054608495,-8.858598983544821,16.04720686689166
2013-02-03,3.7496229598063193,-8.476454046436624,16.828198536274027
2013-02-04,3.926714753260512,-7.4881336479548395,16.35271114909408
2013-02-05,3.7299556909164755,-8.430623262984799,15.562380627974296
2013-02-06,3.5672743983777573,-8.52281196325345,16.339131566804447
2013-02-07,3.523039169274689,-8.8896962875115,15.779031595406884
2013-02-08,3.7003647166777323,-8.272677505377493,15.760536143328263
2013-02-09,3.7502457208610678,-8.516094804803926,16.869416987383605
2013-02-10,3.7910389498468104,-9.42224830576734,15.641363873237854
2013-02-11,3.8743764113802723,-9.802377993020679,16.04338667310151
2013-02-12,3.585948105617464,-9.981385328103036,16.031423330547124
2013-02-13,3.3361274301564126,-8.862463797016222,15.360172718792086
2013-02-14,3.211572801438093,-10.218975942884079,14.880152734674628
2013-02-15,3.317476665607021,-9.191415912953769,15.614363954620604
2013-02-16,3.3066474517089395,-9.584131461836549,15.941127455006725
2013-02-17,3.298947627647665,-9.571095429171663,15.467902776916988
2013-02-18,3.347171486222636,-8.732118620009507,15.693484695324509
2013-02-19,3.0378021513283127,-10.016347888854398,16.083127781760627
2013-02-20,2.781621503340847,-10.150163614874193,14.73546838239361
2013-02-21,2.665306944211294,-10.436162543033852,14.828750261460787
2013-02-22,2.7936862316727367,-10.925692805265717,15.315135271496915
2013-02-23,2.818835691107321,-9.271857130281427,15.133203646195051
2013-02-24,2.8595444284980385,-9.932457408327094,15.11651482045254
2013-02-25,2.9672273586720173,-9.462071047144367,15.275299445191884
2013-02-26,2.7267254739598035,-9.794734403447203,15.639999616092728
2013-02-27,2.546965767079926,-9.965693102118344,14.524566939764837
2013-02-28,2.5126132610056118,-9.744070594723734,15.564918039675481
2013-03-01,2.72638476785193,-10.173199841738224,15.991887207236202
2013-03-02,2.838207985048163,-9.259813331709454,15.412157546545007
2013-03-03,2.9647468083800947,-9.672238219775291,14.294869879281503
2013-03-04,3.155373938965005,-9.265587796055433,16.01225441408411
2013-03-05,2.9930275288177737,-9.805017113907686,15.576763612967602
2013-03-06,2.88492270310435,-9.703360339565142,15.341854920967034
2013-03-07,2.9142489856933067,-10.005160662960586,14.579531122733849
2013-03-08,3.182522013814739,-9.980396773748716,15.25292359531392
2013-03-09,3.3387721383290336,-8.994389878102892,15.96082426112618
2013-03-10,3.4990900298568395,-8.703341229336727,16.389340311687015
2013-03-11,3.7126098813165833,-9.667341689271245,16.26836972907077
2013-03-12,3.562366750275573,-8.377430193086967,16.563265389328407
2013-03-13,3.4559989671563796,-8.21227637907829,16.18390885833091
2013-03-14,3.4774270086631955,-9.20178028703244,16.696463154494
2013-03-15,3.7291778669914395,-8.768019427619366,15.11660993776614
2013-03-16,3.8615384074192223,-8.824628487087077,16.13717668926154
2013-03-17,3.99205895407258,-8.55949187492317,16.61365711493254
2013-03-18,4.1714890030557665,-8.254684915530163,17.88884980953247
2013-03-19,3.984583064364317,-9.013284394872699,16.44854605737658
2013-03-20,3.840749122169821,-7.907726000474653,16.388192887713714
2013-03-21,3.825672735114743,-9.047246185367026,17.23313728953277
2013-03-22,4.043587439909453,-7.849789317052429,16.716812773021058
2013-03-23,4.146376545785508,-8.73999382328515,17.063006284937376
2013-03-24,4.253029069756376,-9.270225727921943,17.518679911252608
2013-03-25,4.415533093109914,-7.78593373005297,17.220927945402043
2013-03-26,4.209603329886364,-7.9788748039608945,17.146207081141203
2013-03-27,4.055428519336044,-8.307987614604885,17.05473701246072
2013-03-28,4.039148211124903,-8.034201931893504,16.492329179445893
2013-03-29,4.265154356317245,-8.187795662909952,17.840043721761706
2013-03-30,4.385190930625932,-7.63360492456241,17.403286115062063
2013-03-31,4.517816741803627,-7.886079930471499,17.15157562610851
2013-04-01,4.714314409012211,-8.102109351776697,16.618423570369572
2013-04-02,4.559484173899287,-7.714813064646387,16.80734930933974
2013-04-03,4.462295244244668,-8.379642466145473,16.909057143899684
2013-04-04,4.507527452807419,-7.599963844442033,16.415483741354567
2013-04-05,4.798073215556286,-7.383247606582252,17.488304794158253
2013-04-06,4.984083780933434,-7.700917456138548,16.595816506380775
2013-04-07,5.182481043093374,-8.1281889585309,17.862733521817283
2013-04-08,5.4429163883244405,-7.433903247061243,18.48393280930677
2013-04-09,5.348613699572505,-7.236025397171796,18.355831628497803
2013-04-10,5.307067715474405,-7.2718506895386055,18.421184385996405
2013-04-11,5.40172909794059,-7.14971496596084,17.817447771311354
2013-04-12,5.734344882766652,-6.589405494838584,17.906711628552678
2013-04-13,5.95413715342162,-7.9123437686030424,18.21929138528095
2013-04-14,6.177340251982749,-6.0895967196583705,18.31333942178984
2013-04-15,6.453177258484204,-5.415058089595289,18.186259952150973
2013-04-16,6.364712368290343,-5.598352668026807,19.283732769537902
2013-04-17,6.319550125514582,-6.0864741435545175,18.555208502865522
2013-04-18,6.401512891451517,-5.903802862014765,19.17746812051956
2013-04-19,6.712965509168954,-5.322661931006145,18.869081295762967
2013-04-20,6.903970543275971,-6.415951897960471,19.316782258251067
2013-04-21,7.091795182722372,-6.006750874652964,19.110940612909175
2013-04-22,7.326851522555647,-5.1566729182938555,19.362329431306897
2013-04-23,7.193508018962747,-4.396605857813191,19.080566441888458
2013-04-24,7.100744384366986,-5.475601610354759,20.061052021167608
2013-04-25,7.133782713882058,-6.3184570560722495,19.37596558305368
2013-04-26,7.396365276662184,-5.219751192565115,19.245777763557818
2013-04-27,7.539863838295586,-4.9707077179391765,19.511016460075638
2013-04-28,7.682743058248332,-5.1826786520620685,20.078691084672585
2013-04-29,7.876461058644212,-4.410008577490298,19.732008402933896
2013-04-30,7.706246220879519,-4.6195786032572554,20.714829023517705
2013-05-01,7.58172358192182,-4.785616948992956,20.252277089071196
2013-05-02,7.588524535564797,-6.028002320214293,19.77777245510205
2013-05-03,7.830550966732855,-6.032465212119269,20.30130099975688
2013-05-04,7.959079138580731,-4.678296223756469,20.53688247775819
2013-05-05,8.092226074726616,-4.247014284145781,21.315791951952296
2013-05-06,8.280861469483527,-3.8327255061123573,20.45174755573588
2013-05-07,8.109403858870865,-4.320781662225429,20.602480257682167
2013-05-08,7.986473849587189,-5.05518896612862,21.50832807552243
2013-05-09,7.996537302661814,-4.358652343168431,20.105105210976877
2013-05-10,8.242208581564316,-3.1962817944943738,20.233443600735313
2013-05-11,8.373397987051257,-4.396843152195415,20.749065460331103
2013-05-12,8.506824780548442,-5.146661406581264,21.680190697056872
2013-05-13,8.691977385838538,-4.096278054791761,21.003117458244883
2013-05-14,8.511957999889953,-4.312523456401625,21.135659684294573
2013-05-15,8.374182894864632,-4.087142738395677,20.97772765631222
2013-05-16,8.362069825755228,-4.06955615812422,20.2671160539056
2013-05-17,8.57738124938062,-3.9831890352323236,21.07396784339176
2013-05-18,8.66940619415053,-3.9997844532467366,21.48050567059397
2013-05-19,8.754501060279248,-4.87757941273004,22.007724403348465
2013-05-20,8.882070013559582,-3.95196405779924,22.24907160801652
2013-05-21,8.63542150136933,-3.2945172197241916,21.070639490174948
2013-05-22,8.422471717560395,-4.31509997372988,20.785685310858586
2013-05-23,8.327426237030519,-3.9802537894592995,21.464806825776794
2013-05-24,8.45310860094903,-3.617497263973264,21.06029641872855
2013-05-25,8.450119035210696,-4.387974654002154,21.288270845770157
2013-05-26,8.436344183935352,-4.340809626618278,20.339431076130744
2013-05-27,8.462899365452456,-5.522801120026752,20.635041462816748
2013-05-28,8.114940941835735,-4.892728406765551,20.859508688758986
2013-05-29,7.8023208784006925,-4.813569472068453,20.309120893793704
2013-05-30,7.611216114644156,-5.265482780943734,21.20518743954674
2013-05-31,7.64640303809365,-5.468419416908382,19.36550571272273
2013-06-01,7.560361819492785,-4.956192810058099,19.857417469326197
2013-06-02,7.4727330856656184,-4.990997086493747,19.032136738936497
2013-06-03,7.436210003391947,-5.006169783234055,19.851960376198903
2013-06-04,7.037304855961688,-5.199424837288849,19.726116407453457
2013-06-05,6.68696355953175,-6.592144459221892,18.580552319569705
2013-06-06,6.472161950435282,-7.076144528314396,19.178840618940505
2013-06-07,6.498155147036464,-6.336683597050705,19.330174931293094
2013-06-08,6.417565528324166,-6.429888626804892,18.64068375479081
2013-06-09,6.349832336950457,-6.034936873565618,18.673182911132063
2013-06-10,6.347106242280619,-6.967903244905216,19.71697596802331
2013-06-11,5.995027929511178,-7.231460025018552,19.198786675694095
2013-06-12,5.703363867906207,-7.118909801895108,18.22752752439705
2013-06-13,5.557632524537758,-7.907777643629863,17.4851948876402
2013-06-14,5.661391507313213,-7.081455230284601,17.611954989389215
2013-06-15,5.665370127967078,-6.114606101652768,17.833925019329044
2013-06-16,5.686969139739139,-6.494962977822139,18.98413005844983
2013-06-17,5.7762095670787685,-5.906742904072517,18.453700405964582
2013-06-18,5.516568151169753,-7.051310423409168,17.719197187491098
2013-06-19,5.3156709430871185,-6.229281224125036,17.655536688115628
2013-06-20,5.256976658077093,-6.954533241003867,17.446972063784674
2013-06-21,5.442118638720405,-7.514150330951185,17.84048375163519
2013-06-22,5.520088346546529,-6.228002999879071,18.075627570847065
2013-06-23,5.606780676842319,-8.21053928126101,18.515019983213
2013-06-24,5.750981708211935,-7.041171251748565,18.130486927370352
2013-06-25,5.5352352976583425,-6.209329534894876,18.674865240637196
2013-06-26,5.3665591656886535,-7.3392909933978565,17.44000639087791
2013-06-27,5.328141449650836,-7.809096857413853,17.14112416149649
2013-06-28,5.521686208772502,-6.567462155218972,18.899755099677677
2013-06-29,5.596590718115242,-7.308269040735622,19.121861218097845
2013-06-30,5.669475048413746,-6.998229333854274,18.37018063281706
2013-07-01,5.790145024431905,-6.758790397116188,18.86570703312612
2013-07-02,5.542425718512508,-7.70473160620339,17.693379866004555
2013-07-03,5.334837112703782,-6.865236549908137,18.073635311183445
2013-07-04,5.252244110501376,-7.389020740769943,17.471760238507787
2013-07-05,5.398150763008866,-6.617390546869835,17.806996685852415
2013-07-06,5.423823065835458,-7.093986514892922,18.796567986508595
2013-07-07,5.447762435739966,-7.096159624244029,18.242023108217587
2013-07-08,5.5216126169259425,-8.379740555756955,18.046979929582907
2013-07-09,5.230938827175175,-6.971329118692713,17.496177091670628
2013-07-10,4.985852377923029,-7.575615830705639,17.726237038170286
2013-07-11,4.872614449827444,-7.897048832679449,17.775412116426644
2013-07-12,4.995890244328446,-8.672330983086168,17.89130658007038
2013-07-13,5.00783903820247,-7.081967176219246,17.738456128554844
2013-07-14,5.027563200875034,-7.9467811780982345,17.13028158158527
2013-07-15,5.106999626941777,-6.4681865633991515,17.294926070353196
2013-07-16,4.831692827430767,-7.037864396487032,18.076651078365582
2013-07-17,4.611423065035478,-7.955277394494702,17.40361293525069
2013-07-18,4.531823079191952,-7.539261542070432,17.17715136645724
2013-07-19,4.696654202921376,-7.214460921791121,17.425240646278386
2013-07-20,4.7569267093328955,-6.4119542652360755,17.76721561356973
2013-07-21,4.83038650833644,-8.494725969138182,16.994647128088587
2013-07-22,4.967450484657693,-6.859309756034638,18.078410312401456
2013-07-23,4.752028371739636,-7.935320608847256,16.310818241756127
2013-07-24,4.592203050540633,-7.980846218248016,17.99817494374708
2013-07-25,4.5719012202904175,-7.159201401936668,16.83452334076698
2013-07-26,4.793223589640638,-7.945230546107284,17.339069669233567
2013-07-27,4.905617767550836,-7.971282306431683,17.461158695583414
2013-07-28,5.025414360675864,-7.324640636024199,17.259936639962124
2013-07-29,5.201807048064628,-6.4404514405544395,18.265917600697
2013-07-30,5.017713146834302,-7.735397022232544,17.56792155981108
2013-07-31,4.880485358292234,-7.382778022767871,17.414910916204825
2013-08-01,4.873605659942094,-7.518787748202899,17.06562567186785
2013-08-02,5.099029758375073,-7.410169431777715,17.41092982587349
2013-08-03,5.206364819889898,-6.0753330042285585,17.385242607578803
2013-08-04,5.312400809017518,-7.0680492247733575,17.795183308951422
2013-08-05,5.467076321249052,-6.52973663152937,18.321573652097086
2013-08-06,5.254315828947113,-7.778832132298125,18.570838001093218
2013-08-07,5.082709713870914,-8.117569468790977,16.582761698509724
2013-08-08,5.037168995011541,-7.554980216222001,16.57617134448927
2013-08-09,5.221224341925387,-8.07667278601037,17.044151529948017
2013-08-10,5.286153463311458,-6.871668192217249,18.53428408894973
2013-08-11,5.350458731164688,-6.920408995977297,18.13187982573426
2013-08-12,5.465777569025274,-7.4702753410774605,17.751831688961136
2013-08-13,5.217664228748118,-7.358827146872497,17.74279583226567
2013-08-14,5.016216047010517,-7.045560152093978,18.348449292239096
2013-08-15,4.947677768763585,-7.4570763796986075,18.088225100737738
2013-08-16,5.116695116493196,-6.76986813402289,18.195527005656192
2013-08-17,5.1754031455709075,-7.103050514038783,18.312098883505875
2013-08-18,5.242872514060662,-7.845319303206971,17.63822826381936
2013-08-19,5.3709972418195635,-6.73529516157832,18.161884482093075
2013-08-20,5.145263375035743,-6.950966356267104,17.94377974845878
2013-08-21,4.975372159055,-6.388539620070262,17.335449273489363
2013-08-22,4.946851520881233,-8.61919220172455,16.866745860461183
2013-08-23,5.163326948279331,-7.1556968246526305,18.19262000290519
2013-08-24,5.275636908028333,-7.577549573768748,16.65352027202807
2013-08-25,5.401315237525234,-6.813311961553581,19.08324375900579
2013-08-26,5.590523112117123,-7.004279284875335,17.640058530360502
2013-08-27,5.42686878003376,-7.8125153562013985,17.1856212598632
2013-08-28,5.318087225678775,-7.14179592245839,17.83791134603994
2013-08-29,5.347711943476103,-7.216316048083493,18.2081433553781
2013-08-30,5.617408158935714,-6.560340748113225,17.97282857678888
2013-08-31,5.776150808474393,-5.7394570330505355,18.803911940958226
2013-09-01,5.939767853348579,-6.338673509079077,17.776232118937482
2013-09-02,6.1569296974987004,-6.327808388571936,18.72360369952901
2013-09-03,6.010021148612719,-5.770379427250606,19.684572482622798
2013-09-04,5.905866462306815,-7.304342078004726,18.30360419188832
2013-09-05,5.927438210747051,-6.641238071066429,18.21142222791838
2013-09-06,6.1762180948443826,-5.6656242386078945,18.82131644840901
2013-09-07,6.3013920545215,-6.155196369781301,19.751618967023358
2013-09-08,6.419399585770698,-6.13951197276023,18.234631297122107
2013-09-09,6.579917679765499,-7.243962114280248,18.39182253660327
2013-09-10,6.3667157937242145,-6.41494190200017,19.12296614119704
2013-09-11,6.188352692396424,-6.018854537528357,18.783205948407478
2013-09-12,6.129846523138685,-5.451952700609451,19.77870273706919
2013-09-13,6.29498717303866,-5.225326525742677,19.15098030331728
2013-09-14,6.335474475531305,-6.272990539275931,19.319107548289544
2013-09-15,6.370403639640344,-6.105940243074421,17.98246579514656
2013-09-16,6.45217999339724,-5.807790759198296,18.729529867216485
2013-09-17,6.167301293532379,-5.38519146262541,19.58131472140926
2013-09-18,5.926980398060781,-6.916130258940096,17.30554776718708
2013-09-19,5.818741683578476,-6.5484109025898976,17.773318091644207
2013-09-20,5.948662279435537,-6.396023579875787,19.020180805857866
2013-09-21,5.970443658148206,-7.165892571400653,18.3404036514504
2013-09-22,6.004836819940243,-7.131023813752236,18.762468713058333
2013-09-23,6.105504867928965,-6.9739997739822455,18.685260438400384
2013-09-24,5.859762722962723,-6.7504192108537,18.871812337164442
2013-09-25,5.679168020953031,-7.4286165627991725,18.30727758816035
2013-09-26,5.651097534390035,-7.756257604979995,18.72992205583933
2013-09-27,5.880980835919915,-5.931997101914614,18.805391821701345
2013-09-28,6.021377055927674,-7.1719879624378455,18.285346234929907
2013-09-29,6.191417941636766,-7.251900205518331,18.180684419056014
2013-09-30,6.4427006407934675,-6.5663178365253,18.320939059567447
2013-10-01,6.360069251759424,-6.30577603531974,18.828597442674784
2013-10-02,6.352258160700474,-5.690796363541457,19.23230326535674
2013-10-03,6.503530197908424,-6.521543859397415,18.870256913628566
2013-10-04,6.915979769540781,-5.393534915252007,19.11966550475823
2013-10-05,7.238685045733919,-4.855917535033215,19.31581294386345
2013-10-06,7.587230480560546,-4.835426050791528,19.91986090444076
2013-10-07,8.009681046629462,-4.889236455991861,20.656774724265297
2013-10-08,8.08744513341818,-5.0722377055031025,20.779119767979154
2013-10-09,8.22599704194288,-4.1972891535876915,20.51003749720744
2013-10-10,8.506590081285015,-3.1922712556442248,20.759176723619024
2013-10-11,9.028628513402209,-3.0064877408405217,21.306568062839375
2013-10-12,9.438880685591629,-4.096429471137305,21.93083182481959
2013-10-13,9.851053099725924,-3.3242132591132534,23.021809182058455
2013-10-14,10.311805530535576,-2.0314221525145473,23.22005481011488
2013-10-15,10.401643160898086,-2.3757224439114797,22.9064865104677
2013-10-16,10.525656000170105,-1.9995886987724938,23.9700159423736
2013-10-17,10.76523625556689,-2.01738023233368,23.674777666128932
2013-10-18,11.22044190557321,-0.7104347674806099,25.131331508977404
2013-10-19,11.539189153130003,-0.49533027218786724,23.526535847247782
2013-10-20,11.836794170124868,-1.1637880108817358,25.22835958104592
2013-10-21,12.161945211339152,-0.4702958533486177,24.565479411395366
2013-10-22,12.097542306081852,-0.8091128273608277,24.279382827708165
2013-10-23,12.05137627180845,-0.6995117976369479,24.93199999778889
2013-10-24,12.107779393092162,-0.10247502249259853,24.539605507153674
2013-10-25,12.36991783540414,-0.2544445890411795,24.619768523570634
2013-10-26,12.488910387305502,-1.1691181406020295,24.27734316852893
2013-10-27,12.583295899832123,0.7824189992501028,25.673376048501442
2013-10-28,12.704932445197098,-0.6357854466243477,25.133553433235363
2013-10-29,12.439767279942942,-0.2060268608052087,24.99321824743531
2013-10-30,12.19845111525578,0.2813627369659416,24.40363955787739
2013-10-31,12.06793063022931,-0.8477525618008644,24.409480417704064
2013-11-01,12.153690681573135,-0.0777359167372897,24.641431242046384
2013-11-02,12.108831943082244,-1.1725283817640442,24.871276284817103
2013-11-03,12.053507210368444,-0.026578564041397044,23.763291078688567
2013-11-04,12.040799966235696,-1.2800036447206837,24.90456115997096
2013-11-05,11.65748455968832,0.1948233346785909,24.400239725718524
2013-11-06,11.314641460841607,-1.2669608586314303,23.8446372720577
2013-11-07,11.099261184699898,-1.7081583189328005,23.446613664783623
2013-11-08,11.11650770671426,-2.912349185836869,22.602262035520482
2013-11-09,11.018826207921895,-1.08460823172057,24.669603873561645
2013-11-10,10.925417254915036,-2.2287071384493164,23.168525848519465
2013-11-11,10.888159681756445,-1.49598911920674,22.71129534472903
2013-11-12,10.492420042589375,-2.199240444586272,22.60583272575415
2013-11-13,10.147720503142224,-3.040177294710348,22.18577305033405
2013-11-14,9.939397108946086,-2.6472188866395174,22.991473765455517
2013-11-15,9.97091758699111,-2.7929127804652203,23.029037908393754
2013-11-16,9.893041891078385,-2.1128280283418146,22.237833977846467
2013-11-17,9.823346055216756,-2.0301178449221653,22.137649840318243
2013-11-18,9.812190212679933,-2.7351962248586186,21.54313939072107
2013-11-19,9.443567411773488,-2.784638057668828,21.276258735914084
2013-11-20,9.125804065265868,-3.2727489709790456,21.785747722502638
2013-11-21,8.94324317461276,-2.935742470136955,21.875268793392692
2013-11-22,8.998578944277169,-3.29431286125151,21.858759599443204
2013-11-23,8.942025722903143,-4.437551642769186,21.650970275477814
2013-11-24,8.890841834561893,-4.49084247721233,21.278030801739764
2013-11-25,8.89528942502728,-2.750882953240582,21.10559942564711
2013-11-26,8.539467477765893,-3.501112325734873,20.138532740644866
2013-11-27,8.231989596729838,-4.243451405764534,21.328579024785874
2013-11-28,8.057638666741013,-3.2560113871295266,20.182527673018047
2013-11-29,8.119668152796123,-3.8763102955812627,20.39999464983637
2013-11-30,8.068934259077253,-4.735084937293937,21.113262036864118
2013-12-01,8.023380890647974,-4.583574955886427,20.26428108330203
2013-12-02,8.033959973246345,-4.070674387220221,21.233659673650852
2013-12-03,7.685425720834477,-4.8006148549498135,20.079220067217566
2013-12-04,7.386975841364456,-5.432062917668405,19.65279548623963
2013-12-05,7.223873098824657,-5.437173162983959,20.09691985623726
2013-12-06,7.299718172477993,-5.748395520856749,19.92901184032917
2013-12-07,7.265559048619561,-6.001339805542573,19.821713096097834
2013-12-08,7.239359705226944,-4.863374970026043,20.20584835319012
2013-12-09,7.271911239466496,-5.804039643330105,20.05891264519827
2013-12-10,6.947624380726573,-6.039822908568963,19.960991899508077
2013-12-11,6.675176480082113,-5.044716891063015,18.797844854371327
2013-12-12,6.539146239067426,-5.162774455143423,18.416934339522143
2013-12-13,6.6423067128329505,-5.447102982064717,19.086455108488284
2013-12-14,6.634761179383622,-6.071220961600711,20.079357929743857
2013-12-15,6.6334437741864924,-5.0070390547285015,19.48696545941949
2013-12-16,6.688066988802253,-6.263985429133126,19.268463621020505
2013-12-17,6.381953767807289,-6.581784903254541,18.39081754254261
2013-12-18,6.122725967715052,-6.429589418318662,19.69183309348286
2013-12-19,5.993981036700431,-6.366705952322288,17.988663169739983
2013-12-20,6.097626013877433,-7.244226155836177,17.592105458716084
2013-12-21,6.083052016902565,-6.850875743263044,19.04708490376027
2013-12-22,6.066669753179831,-5.672377939451406,19.55087258836486
2013-12-23,6.097886891989038,-7.101957995760697,18.898994405561403
2013-12-24,5.759963914071497,-5.974108902736626,17.785805205207144
2013-12-25,5.460719264745076,-7.264484559229494,17.83563373890744
2013-12-26,5.284214943108916,-7.782270468010566,18.5820543773878
2013-12-27,5.33309113600201,-6.858542976030848,17.621138354043605
2013-12-28,5.257732829363733,-7.268118586819747,17.233664174024067
2013-12-29,5.175788960035353,-6.7835745318999825,17.950937464847552
2013-12-30,5.1381252390068335,-8.285002439374097,16.917461007904354
2013-12-31,4.7296478160521165,-7.505200159449592,17.265902717009016
2014-01-01,4.359969410807334,-8.306256685676033,16.993833431972156
2014-01-02,4.11505006567582,-8.966292838268629,16.26998421008517
2014-01-03,4.099482347206341,-8.307716224020476,16.419985035332584
2014-01-04,3.9656053068082415,-7.967973993599387,16.79687493812162
2014-01-05,3.8329692624408453,-8.542479504905906,17.63567732455885
2014-01-06,3.7542341072679184,-8.548204092986463,15.779063027008354
2014-01-07,3.3159399201080704,-9.566477735073265,15.500660151759286
2014-01-08,2.92912308973253,-9.527581349281027,15.016335437344546
2014-01-09,2.6809116298334352,-9.950923025537111,15.51524151868269
2014-01-10,2.6767709212266597,-10.559275350849747,15.290504121644359
2014-01-11,2.5695854474196937,-9.892352113337349,15.295338786613522
2014-01-12,2.4790996470843862,-10.029573822680225,15.19375699059125
2014-01-13,2.4578014245784128,-10.673273555764078,15.745789091845197
2014-01-14,2.091687674930647,-10.946307268128844,14.751835302858039
2014-01-15,1.7908853437494807,-11.440265719225488,14.196913340832406
2014-01-16,1.6412617225000576,-11.1990975250182,14.229358652971955
2014-01-17,1.746694951158302,-10.783962969848135,14.920218607299667
2014-01-18,1.758189746737067,-11.733765067364137,15.214414158528506
2014-01-19,1.7933606639094615,-11.178073537690132,14.420809732476162
2014-01-20,1.9023653632679731,-10.528141977401475,16.201342994933245
2014-01-21,1.6687259584653096,-11.284626996066642,14.784538328718819
2014-01-22,1.500010493324277,-9.772826674865863,13.933010661620044
2014-01-23,1.4795066366510286,-10.9507421997978,14.484271079233986
2014-01-24,1.7085568559571058,-10.721964278605178,14.791662369592446
2014-01-25,1.8357383281082056,-10.836189554926657,14.895023128148315
2014-01-26,1.9764081329259264,-10.141798260525558,14.491282986271813
2014-01-27,2.178694495677477,-10.816161681888943,15.54475617997888
2014-01-28,2.0243705396984684,-9.866231656888067,14.882991695715553
2014-01-29,1.919581136182794,-10.965570111484478,13.255972794520227
2014-01-30,1.9465536631264015,-10.142315313801761,14.368361052213402
2014-01-31,2.20596088423251,-10.243658903300242,14.562512735496572
2014-02-01,2.346118411502427,-9.969773864598732,15.228490501979485
2014-02-02,2.4825367827515983,-10.293181379822435,15.129013191134305
2014-02-03,2.663908700242004,-9.813416407225604,15.695388137572587
2014-02-04,2.4729679740344794,-10.589275095972662,14.936434514519403
2014-02-05,2.3171911399557334,-11.513716507530233,14.675712902374634
2014-02-06,2.2804732373777985,-11.056434340617171,15.160619223990043
2014-02-07,2.4654469026287487,-9.486161350635712,14.179758701725302
2014-02-08,2.5226284322161328,-9.975332165663534,15.37212598172643
2014-02-09,2.5699122496700273,-11.236043180576438,16.715363341844437
2014-02-10,2.6584958973258495,-11.253346681227816,14.305601827032433
2014-02-11,2.3736737998986785,-9.381407597471219,14.368621957523567
2014-02-12,2.1254725529980205,-10.250902746815012,14.408976198230274
2014-02-13,2.000261034582047,-10.636045064995416,14.551539028196014
2014-02-14,2.103006286234282,-10.561122463954177,14.516516456344542
2014-02-15,2.0863605371929026,-10.108554418718084,14.53273845337721
2014-02-16,2.0701024027855675,-10.659003824959846,15.30439439569613
2014-02-17,2.1070158105429426,-10.91989388451776,15.45958104185488
2014-02-18,1.7836461266766546,-11.273564303746959,13.297621403722093
2014-02-19,1.5109072215042842,-11.442643151473602,13.684385258907819
2014-02-20,1.3756734895442944,-11.655084714423493,13.60921127464057
2014-02-21,1.483028201561155,-10.580427185982096,14.078709250390185
2014-02-22,1.4853536932737064,-11.22859784197974,14.55335183926221
2014-02-23,1.5017862527463808,-10.890442036436598,13.019115255329583
2014-02-24,1.5841187947247408,-10.590214404591721,14.34735152248087
2014-02-25,1.317590048502844,-11.354562394403827,14.062643558693987
2014-02-26,1.111532993230976,-11.108661367200579,13.839227882634095
2014-02-27,1.0510153229161467,-11.996251934801167,13.718018386875732
2014-02-28,1.2391418924412565,-11.647184865843437,14.17107717627975
2014-03-01,1.326203072564947,-11.86232618101574,13.874392023088667
2014-03-02,1.4291901943620853,-11.148349606381629,13.990801135066517
2014-03-03,1.5977594336799066,-10.92697881287692,14.071142486361177
2014-03-04,1.4150811186744234,-11.46575653922162,13.586911633812191
2014-03-05,1.2885454950970923,-10.821399948178975,13.958332128681327
2014-03-06,1.3014561253140369,-10.987484265091767,14.373278873300892
2014-03-07,1.5553794048889795,-11.397131334849886,13.630762237863644
2014-03-08,1.6993328374849117,-10.119823180389728,14.16959261617954
2014-03-09,1.8493321777783152,-10.724447717511108,14.13948637840537
2014-03-10,2.0543779682939545,-11.205113634917282,14.124601283757253
2014-03-11,1.8973178970349989,-12.27627933072313,13.909685363109237
2014-03-12,1.7855557372851552,-10.367650125542667,14.599574550730825
2014-03-13,1.802738061314241,-11.340733781282296,14.637863599564232
2014-03-14,2.0510875142432847,-10.23040566676794,15.18893945293941
2014-03-15,2.1805658672085664,-10.233134065287869,14.632228105738294
2014-03-16,2.3083877951379765,-9.908667475892358,15.296755932468306
2014-03-17,2.4849669717069203,-10.444084182345758,14.973878207433891
2014-03-18,2.294732173238793,-10.167128868340166,14.831323642077022
2014-03-19,2.1467855775882656,-10.512298169571352,15.211208813481935
2014-03-20,2.1265359911860733,-10.570813530083251,15.34863927328123
2014-03-21,2.3379774025795004,-10.082405357612302,14.978911642188876
2014-03-22,2.4327977162886563,-10.282561217842948,14.791585555668815
2014-03-23,2.529840221153329,-10.008805510996533,15.515476276677665
2014-03-24,2.6810009213771377,-8.87278998174529,15.043897873820733
2014-03-25,2.4720008394392003,-10.354759620728187,16.14237376123101
2014-03-26,2.3130067348465566,-10.174096848919596,13.83066147385395
2014-03-27,2.290234034038981,-9.901844230167526,14.467095401307805
2014-03-28,2.50820320582089,-10.470471041273013,15.283950268047326
2014-03-29,2.6188350226123704,-9.370123054715839,14.875384345369914
2014-03-30,2.7409075827601557,-8.545259976172249,15.999475297643478
2014-03-31,2.925958269816748,-10.32564278097547,13.656823067482497
2014-04-01,2.759069532611393,-10.32379151198896,15.222419980511978
2014-04-02,2.6495114401375606,-10.670361718862502,15.11048219591561
2014-04-03,2.6823740682969532,-9.967026510974549,15.139508926914754
2014-04-04,2.9608599899728514,-10.202300103354473,15.275235904971225
2014-04-05,3.1354211514728507,-10.049523200445826,17.144086383032008
2014-04-06,3.3232616949482128,-9.717344650072167,16.274769246705254
2014-04-07,3.5742884692710244,-9.54146036950337,15.839844056604479
2014-04-08,3.4719466059086317,-9.984116249564318,15.70132906982448
2014-04-09,3.423911578681597,-8.53484613634858,16.485550858563734
2014-04-10,3.5137692880643314,-8.642941288175797,16.007322441807233
2014-04-11,3.843352989784935,-9.600173617547606,16.561330350674357
2014-04-12,4.061920007505643,-8.589266181492277,16.829546012301243
2014-04-13,4.285688594684876,-8.589909641639132,16.394965785755332
2014-04-14,4.563815678101559,-8.188661880098227,17.66215222691502
2014-04-15,4.479252064064772,-7.823796485588152,16.36786723841531
2014-04-16,4.439445968593483,-8.927376923998528,17.61375969625584
2014-04-17,4.528026108703723,-7.83849926407269,17.411729642735217
2014-04-18,4.847133133488616,-7.250717846147395,18.422486691004053
2014-04-19,5.046582556593429,-7.319475458351386,18.234812593921767
2014-04-20,5.243380032321221,-7.855648369983918,18.159023084955496
2014-04-21,5.487670424997595,-6.7296950406092355,17.498738970915284
2014-04-22,5.363558187212566,-7.508002031396908,18.558646721776604
2014-04-23,5.2797710311253425,-7.2615321796154415,17.899459245294686
2014-04-24,5.3338622385548575,-7.116176073606325,17.935400641105797
2014-04-25,5.616807617900467,-7.483007919637533,18.374955025715032
2014-04-26,5.779810053202187,-7.116517113268528,18.709790162057192
2014-04-27,5.94120565319478,-5.315944354043355,19.442506783864403
2014-04-28,6.152368579188876,-6.762878674450395,18.321510196127516
2014-04-29,5.998490638604177,-6.2107129257273455,18.683647503696804
2014-04-30,5.889208923848843,-6.160485176401693,18.90828746793634
2014-05-01,5.910215157808699,-6.162707849790978,18.618903742416567
2014-05-02,6.165517879700994,-5.4969220294717855,18.224795356458593
2014-05-03,6.30654284617243,-6.709197692674294,20.31153170373074
2014-05-04,6.45159449309952,-6.569241925619245,19.749563414658724
2014-05-05,6.651761638916451,-5.777845753921068,19.24993451462222
2014-05-06,6.491706350723329,-7.055114183252725,18.948495512044694
2014-05-07,6.380308993624736,-6.384366780963246,19.62175056763871
2014-05-08,6.402302611352789,-5.270642442920827,18.802654984445763
2014-05-09,6.660567019836325,-5.318605910137543,19.84382483665266
2014-05-10,6.805267020094614,-5.353747850869804,18.890604443592576
2014-05-11,6.953356420044114,-5.600694546253146,19.78503381406463
2014-05-12,7.154529737644811,-5.4952553652812615,19.32115150098536
2014-05-13,6.9920590851576225,-5.175092732271374,19.363362697862257
2014-05-14,6.873487763531568,-6.619941781210187,19.204927546673233
2014-05-15,6.8823121987922224,-5.703964075490943,19.213456862418123
2014-05-16,7.1203211072981265,-5.6767300485058705,20.15838002718654
2014-05-17,7.2367748685029,-6.394170529441002,18.81407568620497
2014-05-18,7.347945477790352,-5.244948668258368,19.713969076929022
2014-05-19,7.503097786020847,-6.00059996855043,19.719138185526422
2014-05-20,7.285348547096811,-5.898130668060158,20.76822132831964
2014-05-21,7.102374041901145,-6.44482063040527,18.895515661884108
2014-05-22,7.038097391700459,-5.458911317315375,20.39857463166506
2014-05-23,7.195024187821295,-6.185231046864908,19.991996011486393
2014-05-24,7.223409424022783,-6.036225103165252,19.521911368156562
2014-05-25,7.240776380839202,-5.841501718668964,19.70529398246536
2014-05-26,7.297868707211281,-5.313848228176877,19.656424410422844
2014-05-27,6.979473006475467,-6.221575255518255,19.671973789902328
2014-05-28,6.695083705570284,-5.302754236438731,18.81605655418844
2014-05-29,6.530542526691779,-5.731452198354227,19.177956734292813
2014-05-30,6.5903225548341755,-6.871630830043815,19.331745456418812
2014-05-31,6.526641374760775,-5.715344406214302,19.297318117743774
2014-06-01,6.458925490477998,-5.712431227315833,19.481234880185042
2014-06-02,6.439708866850937,-5.78152454556682,18.8875356088131
2014-06-03,6.055404477880326,-5.507918195960213,18.25069450209983
2014-06-04,5.716922154226531,-6.803670149165879,18.118718972852268
2014-06-05,5.511266453899699,-7.756368245517301,17.906803000965304
2014-06-06,5.543785803122258,-6.654700705295925,17.12022551930893
2014-06-07,5.467258445524728,-7.556541787451549,18.96360641832407
2014-06-08,5.4013382561640375,-7.150128447467799,18.022017693046198
2014-06-09,5.3984438563065575,-7.525105660322709,17.09660759825525
2014-06-10,5.044530244172467,-7.429575068059532,16.967669897663825
2014-06-11,4.749716288431697,-8.027864776367936,17.71178220468102
2014-06-12,4.599901583529953,-8.346143425127872,16.87508881907115
2014-06-13,4.699043415578115,-8.730374800446318,17.55576256115236
2014-06-14,4.698278619029821,-7.476460381984808,16.710648423099784
2014-06-15,4.7154123844640985,-8.049598776189745,16.725783043176108
2014-06-16,4.8008562476285315,-7.732042697955185,17.285525013728904
2014-06-17,4.53845309431195,-6.924152156176164,17.803070404411372
2014-06-18,4.33616101251919,-8.649422163792543,16.180573251501542
2014-06-19,4.27772788513139,-8.776236740173621,17.63820463247228
2014-06-20,4.465025822296422,-7.8561988330733294,16.49633793565055
2014-06-21,4.547228568983055,-8.393677057012152,17.219529070378115
2014-06-22,4.6403523562417845,-8.778660108732527,17.394717301597815
2014-06-23,4.793240934387225,-7.490710805704193,18.00926439802969
2014-06-24,4.588431274533203,-7.45237808635525,17.552025615385677
2014-06-25,4.432870605406032,-7.840577111592689,16.54974247690243
2014-06-26,4.409615732137948,-8.218590779436507,17.586236295727375
2014-06-27,4.6201830359288865,-8.366734857805223,17.633137211191773
2014-06-28,4.713731856611465,-7.0389384319100685,17.85579347429338
2014-06-29,4.806601573263247,-7.544131585879801,17.426644872264912
2014-06-30,4.9482832523574105,-7.270644211743437,17.34912528979381
2014-07-01,4.722262762260932,-7.572755326911423,17.588416133320326
2014-07-02,4.536706702428848,-8.120593942293864,17.89298088560602
2014-07-03,4.476123024621259,-8.289236223876062,16.985754034670563
2014-07-04,4.64366589743302,-8.05808261229224,17.816557604677996
2014-07-05,4.69026885652827,-7.784522663445175,16.82872634945814
2014-07-06,4.734128044445452,-7.974994917340526,17.060108403762744
2014-07-07,4.82661800265292,-7.0071344099597095,17.529030677883483
2014-07-08,4.553078565192665,-8.526238198656468,17.114043358699117
2014-07-09,4.323445861345076,-7.937349065444993,17.13043138185934
2014-07-10,4.223860923074177,-8.604438024031687,16.65703956714626
2014-07-11,4.358926978435031,-7.796413650249924,16.85717556905604
2014-07-12,4.380800869195404,-8.36672421241972,16.5295774501208
2014-07-13,4.4086416169736875,-8.193773312809656,16.34763974934534
2014-07-14,4.49449960923036,-7.996960190556727,16.781076119725927
2014-07-15,4.22408572132065,-7.634487427890176,17.094688525525893
2014-07-16,4.007393884228751,-8.635460411214158,15.793555668156067
2014-07-17,3.9303108161786033,-8.835692046137948,17.611592330684488
2014-07-18,4.0968839353004025,-7.629787307897951,17.154285226680674
2014-07-19,4.158432542920194,-7.989024961435326,16.702097392279814
2014-07-20,4.233024678677575,-8.171237837530777,17.008746936580707
2014-07-21,4.371402239802539,-8.680046441502933,16.846372157750814
2014-07-22,4.157792571921103,-7.793554075915021,16.79592827295613
2014-07-23,4.000578735395713,-8.835207673423486,16.969418622108428
2014-07-24,3.983960701946909,-8.718689972699057,14.692601656102513
2014-07-25,4.210276921194005,-8.209021743929346,16.300220042399847
2014-07-26,4.329169702237941,-8.865783167578691,17.171830308019217
2014-07-27,4.4571151495298755,-7.61598478397541,17.109721724357122
2014-07-28,4.643398615743488,-7.574940984397928,17.837879676092378
2014-07-29,4.4709723309177285,-7.918554791523121,17.438329769383923
2014-07-30,4.3471659920085,-7.549431991619507,17.1076552154448
2014-07-31,4.355381319057437,-8.288480368773081,17.61956507629109
2014-08-01,4.59743897840497,-7.66596983402125,16.51807516052026
2014-08-02,4.722760520147507,-7.459663376653617,17.098889097892616
2014-08-03,4.847905537147728,-6.898609072065012,17.223171704858117
2014-08-04,5.022544759293725,-7.464254375055447,17.639173629709095
2014-08-05,4.830305784652975,-7.1388923393631645,17.321982551820184
2014-08-06,4.679462565200991,-8.150778714485238,16.89872367193199
2014-08-07,4.654600269143601,-8.757508025956945,16.458117619377056
2014-08-08,4.858924800950237,-7.100973120524052,17.616179030467976
2014-08-09,4.943400746471374,-7.809058580964105,17.673275371491368
2014-08-10,5.026239277470685,-7.520672759078102,18.023170985483105
2014-08-11,5.1588182242103064,-8.10522717949755,17.019503878853335
2014-08-12,4.926472636370802,-7.293630788237533,17.672665243930517
2014-08-13,4.7391286443696625,-6.903457186187066,18.22258341037918
2014-08-14,4.682913962603387,-7.14755159512812,17.094388379094315
2014-08-15,4.862416008902296,-7.142379364848741,17.214493161070724
2014-08-16,4.929773023313591,-7.128888881797001,17.31007701789499
2014-08-17,5.004121209978118,-8.087487514522374,17.00658795059654
2014-08-18,5.137481428278867,-6.588530399785323,17.844926796846146
2014-08-19,4.9155248586511595,-7.608693510790081,17.264508675861503
2014-08-20,4.748191313168931,-7.399460284883945,16.44600695324778
2014-08-21,4.721294116057366,-8.380929611650942,17.43593517307712
2014-08-22,4.938782818106037,-7.177852343001615,17.567990986302352
2014-08-23,5.051849113032924,-6.694591782476117,17.50571082135394
2014-08-24,5.178398657740423,-8.53022804035135,17.271864386971078
2014-08-25,5.3689717012227955,-7.507699194749056,18.049819389122984
2014-08-26,5.207551042468787,-8.07301443866226,17.753805491212113
2014-08-27,5.102229823228664,-8.143671541202487,18.104565851659835
2014-08-28,5.13687168961711,-8.123997165050044,18.431030692156753
2014-08-29,5.4134330074420705,-7.460681125014439,18.020018633711068
2014-08-30,5.58113077727189,-7.390157030280277,18.879630263036653
2014-08-31,5.755977135462621,-6.762414253879537,18.867753998812972
2014-09-01,5.986761488954848,-7.3755892391791855,18.34695324629522
2014-09-02,5.855916959979733,-6.02778487941116,18.353396130465065
2014-09-03,5.770241869010188,-6.4595597930129465,18.855640963086458
2014-09-04,5.812607131454494,-6.106260278255219,18.177776501991747
2014-09-05,6.0843177628488245,-5.905821532101581,19.03662855931443
2014-09-06,6.234310861433671,-6.1767101528234205,18.37297496561254
2014-09-07,6.378709929069727,-5.1926500302769885,18.965814506467876
2014-09-08,6.566815836714718,-6.080311668251258,18.897962015014485
2014-09-09,6.381970676459859,-6.568260820268211,20.072172222866644
2014-09-10,6.232265116929279,-6.83613234836355,18.619878065201668
2014-09-11,6.202220354540781,-7.21590614964568,18.05835549319193
2014-09-12,6.395113397414346,-5.9062515133352935,19.120258066581258
2014-09-13,6.46212890513638,-6.426888595674963,18.766345226704143
2014-09-14,6.521858590078961,-6.71404766564432,19.18052920196641
2014-09-15,6.626229891490521,-6.427017704709687,20.162993202923612
2014-09-16,6.36130179173588,-7.354790291685957,19.327091453897072
2014-09-17,6.137900196953827,-5.322616659214709,18.927430468402804
2014-09-18,6.043225908518834,-6.228904908944212,18.420835616068008
2014-09-19,6.183105930887986,-6.001714214307904,17.937634083595036
2014-09-20,6.2110733668511795,-6.713061006963557,18.069343951676615
2014-09-21,6.247798896030753,-6.487610998173269,18.252869439213367
2014-09-22,6.346957444445487,-6.121615925125523,19.238485275113604
2014-09-23,6.095969664164978,-5.7920283616080095,19.614666399931803
2014-09-24,5.906592198478051,-6.838663610679292,18.189165883283344
2014-09-25,5.8664910714847185,-6.792893746557022,18.36505788789676
2014-09-26,6.081469982090345,-7.194599047234001,19.195801615019015
2014-09-27,6.204539479813986,-5.934141336638548,18.007974998326482
2014-09-28,6.35535041538389,-6.373603868436213,19.002499492374877
2014-09-29,6.586075329713267,-5.722218333669983,18.72561902349843
2014-09-30,6.482177112079523,-7.232892717883205,18.931700155551393
2014-10-01,6.4530382777865105,-6.097487402676986,19.401342015455477
2014-10-02,6.583584258558306,-6.350060500143438,19.653312782581164
2014-10-03,6.976571244842548,-5.727681364768637,20.26196769817067
2014-10-04,7.281723055075358,-5.075718806073527,20.403582241756833
2014-10-05,7.615238701927267,-5.113626443100424,19.334880929805745
2014-10-06,8.025752422537899,-4.547301065586047,20.871221695800347
2014-10-07,8.095183485212365,-4.259103312543354,20.874092955225258
2014-10-08,8.229447037912077,-5.038100210079317,21.565216142749925
2014-10-09,8.510157297170156,-3.7692851553087485,21.484358218147605
2014-10-10,9.036991569445018,-4.032059670731535,21.944530878801185
2014-10-11,9.45689763591595,-3.621492325666054,21.994864647591225
2014-10-12,9.883664382525014,-2.935044760612327,21.997190963015413
2014-10-13,10.363935857985204,-1.7560153076918243,24.1931130973996
2014-10-14,10.478104734345854,-2.580445965610715,22.43669488092656
2014-10-15,10.631055379246066,-1.0069658947852433,23.95529125072644
2014-10-16,10.903887091400568,-1.2057830572756025,23.828963142845396
2014-10-17,11.396285572001307,-1.6198796009434304,23.48142672588796
2014-10-18,11.755725080952242,-0.6842056238858075,24.036875654748954
2014-10-19,12.097021414863773,0.21862912109740887,24.711954448009454
2014-10-20,12.46831647256108,-0.5974573895408039,25.103997281574408
2014-10-21,12.451931275076937,0.1916151463087777,25.52377304654639
2014-10-22,12.455058824109088,-0.28375855427799007,24.868072049624814
2014-10-23,12.561428773013155,0.20688060844227193,24.808161514733776
2014-10-24,12.873613611934054,0.5788707139336917,25.799005260512292
2014-10-25,13.04216060442127,0.43806473193440854,25.550883286304057
2014-10-26,13.185071509460462,0.5268711606801505,25.068226168223894
2014-10-27,13.353712806702973,0.4419846542765979,25.479623356906732
2014-10-28,13.133595244272161,0.6842514897535869,25.510974703514503
2014-10-29,12.934995991715141,0.8910764119371886,26.791554574230727
2014-10-30,12.844557164860884,0.062356072889979006,25.361583643171972
2014-10-31,12.967532062279753,0.2642666665200166,25.320877124861084
2014-11-01,12.956864790479734,0.611217003724487,25.34286126629348
2014-11-02,12.932626515542413,0.3646800952058512,25.44358542685126
2014-11-03,12.94789199620767,-0.009729787110005066,24.804942557735117
2014-11-04,12.58949586585511,0.1326997622717227,25.618323370306932
2014-11-05,12.268642290803825,-0.1236323365939709,25.25241050084478
2014-11-06,12.0725018080897,-1.008945166227395,24.909774456952274
2014-11-07,12.106466414169446,0.02892631859843053,25.03237357936083
2014-11-08,12.023248021196629,0.16057693002391488,25.817955564372316
2014-11-09,11.942342686748095,0.052335947684043205,24.864504005731053
2014-11-10,11.915943197224232,-0.8109200080883665,24.077090667724843
2014-11-11,11.52973818986245,-0.6237931213975575,24.642071330720142
2014-11-12,11.19356999134541,-1.5389784665247517,24.727340853825126
2014-11-13,10.993083405057549,-1.1238099263535297,23.7578843931146
2014-11-14,11.03203487390037,-1.8798128646141172,23.908542640201556
2014-11-15,10.961445467180024,-1.5204612139551215,23.944019962584377
2014-11-16,10.899118455659151,-1.231534066964972,23.492027256961823
2014-11-17,10.89560248807884,-1.5490152070804732,24.061434212329853
2014-11-18,10.535037107775171,-2.021412760068928,22.716184699740694
2014-11-19,10.225851503216942,-2.577200089948281,22.165545475093122
2014-11-20,10.052447638757172,-2.9148194545908583,22.36220968773845
2014-11-21,10.117536334950865,-2.5273784454495587,23.202267621250982
2014-11-22,10.071309140187621,-3.4713489978538936,23.310534749012707
2014-11-23,10.030966416510378,-3.3590367177744267,21.87525975545516
2014-11-24,10.046682583769199,-2.8214524595978263,22.30196083782307
2014-11-25,9.702445461746732,-2.9284934838967938,22.580507311326688
2014-11-26,9.406741065234323,-2.906010533936904,21.99860556799291
2014-11-27,9.244215701620682,-3.393196827371374,21.30782549721304
2014-11-28,9.317984860498747,-3.1063400263458494,22.536076050329942
2014-11-29,9.278772842388321,-2.680534175533382,21.919554748279708
2014-11-30,9.244404802821958,-3.710584486550551,22.269175757849464
2014-12-01,9.26573351587732,-3.728172912702901,21.489161537678353
2014-12-02,8.927439218907951,-3.236270868073475,21.129919839242596
2014-12-03,8.638675331641863,-3.867761988149223,21.618773699287825
2014-12-04,8.484693307227968,-4.427257454280458,20.884514338797672
2014-12-05,8.569117437582804,-4.000555044440077,21.342493280359232
2014-12-06,8.543054775329894,-3.6234947773608943,20.632766120010196
2014-12-07,8.52456290760215,-3.1095098414251123,22.05323200189442
2014-12-08,8.564558755157455,-3.8686517864968,20.95614231308562
2014-12-09,8.247607410857526,-4.57924091302361,20.55300655237721
2014-12-10,7.982564225403619,-4.412599968985117,21.13696143124979
2014-12-11,7.854203562124276,-4.775060460240827,20.21075411049012
2014-12-12,7.965504951698495,-3.876971951816034,19.725675942140448
2014-12-13,7.96678146506496,-5.232339849051788,21.63857921269145
2014-12-14,7.97517245395758,-4.995187291173334,20.504476453808646
2014-12-15,8.040583023518746,-4.6267565896867255,20.454196482500187
2014-12-16,7.746508244376015,-4.644900727139124,19.56761628007272
2014-12-17,7.50071413955464,-4.289192238730391,21.143685211887806
2014-12-18,7.386907566708249,-4.787067066699343,19.435211061654435
2014-12-19,7.507064337588149,-5.752588436677132,20.135276529003278
2014-12-20,7.5105989604915955,-6.115058205508763,19.553775778199956
2014-12-21,7.5138967245429695,-4.667718031385186,20.133324005612767
2014-12-22,7.566289107332866,-4.532052088807618,20.336172596072387
2014-12-23,7.250909222325447,-5.180472217930007,19.392186013686814
2014-12-24,6.975398184163419,-6.2686845944047835,18.851605438178524
2014-12-25,6.823593526524153,-4.660499719230942,19.460106139061065
2014-12-26,6.897868232779987,-5.61236408358317,19.913927699184175
2014-12-27,6.84830321411785,-5.293128560759244,18.934181173041853
2014-12-28,6.792213653109546,-6.219607894227426,19.51229147618808
2014-12-29,6.780110155545955,-5.429151025561371,19.181551817502818
2014-12-30,6.39653165442037,-6.688486601087243,19.707602204674323
2014-12-31,6.050721433668716,-5.91774450068088,18.794187895433048
2015-01-01,5.828278145674267,-6.858338990323612,18.948172019793184
2015-01-02,5.833451352086865,-7.153525709475187,17.551140458865312
2015-01-03,5.718265594826724,-7.096084079205094,17.710069667856565
2015-01-04,5.601994757016178,-6.742139963307605,18.632965670003692
2015-01-05,5.537069129117537,-6.799594195676052,19.284602344944357
2015-01-06,5.109853684337924,-7.423823724224108,17.36341881612589
2015-01-07,4.731270532787155,-7.985854305333607,16.96018427813659
2015-01-08,4.488399024348286,-7.4824466773932325,17.537147555539406
2015-01-09,4.486724572051484,-8.529402995833141,17.591328641440967
2015-01-10,4.379221644787056,-8.565796777111753,16.86505121949374
2015-01-11,4.28579398686537,-8.10306487765806,17.153982577173796
2015-01-12,4.259155593285266,-9.251076206060544,16.62105048490205
2015-01-13,3.885591839417665,-8.455544345581709,17.984423243529925
2015-01-14,3.575574381682509,-9.031591395106759,15.214107479404953
2015-01-15,3.415363677300989,-9.207171248616767,15.624983398477223
2015-01-16,3.509270290370326,-8.418610898895242,16.290442423896085
2015-01-17,3.5087602404441833,-9.069458185670605,16.261514626513716
2015-01-18,3.5319269733139502,-9.83605869892121,14.683181808753314
2015-01-19,3.6294127312719997,-8.995225932627552,16.918415928481725
2015-01-20,3.38521771559909,-8.96831947236912,16.030820482508837
2015-01-21,3.20736942451112,-9.700974332074363,16.113982381206014
2015-01-22,3.179584587688363,-9.611476443022807,16.151712969148004
2015-01-23,3.4035932836639837,-8.81650792123967,16.241523689253043
2015-01-24,3.528308805544264,-8.943148559413785,15.950191421395402
2015-01-25,3.6693641020381156,-8.766734584822384,16.458536353052732
2015-01-26,3.875095806089876,-9.080004677850471,16.447479558024103
2015-01-27,3.727412516930744,-8.373474168427487,16.74864290430989
2015-01-28,3.6325180794103282,-8.891152863540349,16.144757480003985
2015-01-29,3.672620777038015,-8.909124463146814,16.07875532240851
2015-01-30,3.948296698499192,-8.417843895999129,16.157205239374345
2015-01-31,4.107689733219399,-7.89120089993005,16.92932848115375
2015-02-01,4.266068162158238,-9.050421548527307,16.81241733996385
2015-02-02,4.471818269672498,-7.054919174196603,17.279598420820054
2015-02-03,4.307311347774974,-8.111992476858237,17.082274017522455
2015-02-04,4.17961484328303,-8.634534973150767,17.229193805447977
2015-02-05,4.1721788726543,-7.3053244914420645,16.251153462683135
2015-02-06,4.387166966298911,-8.630386829094906,17.057477924276526
2015-02-07,4.474614377197793,-7.913723833350199,17.03036364197614
2015-02-08,4.551935051956619,-7.6164531987214215,17.140374531655027
2015-02-09,4.669859043177419,-8.753972702428973,17.248928368145737
2015-02-10,4.413238270426965,-8.708505535921939,17.00674330790127
2015-02-11,4.191693055941921,-8.494456064977655,17.408920455356846
2015-02-12,4.091232427760123,-8.7641674128116,16.077691964957804
2015-02-13,4.216518862285043,-8.87350876343404,17.2509896941507
2015-02-14,4.219962602418601,-8.056473270262641,17.140608453489715
2015-02-15,4.221168390861756,-8.06049685665504,17.453605547443015
2015-02-16,4.272818029924831,-8.518009476468425,16.88425633518447
2015-02-17,3.961428152537999,-9.09187017525628,16.639704215516794
2015-02-18,3.6979569114171644,-9.398135869872045,15.695276292582655
2015-02-19,3.569393627457575,-8.34337733702985,16.357696643649465
2015-02-20,3.6810028561815784,-8.779655974845415,16.02474320599196
2015-02-21,3.6854085119717825,-9.334428992538387,16.441120241128864
2015-02-22,3.7020410967371236,-8.816404241429789,16.44405774761916
2015-02-23,3.783031349848413,-9.35684369749122,15.9920959515396
2015-02-24,3.51398931184929,-8.679045828646222,15.890687685051855
2015-02-25,3.304641831254366,-9.74997533050142,16.035500391629164
2015-02-26,3.240461612984898,-9.138924647864116,15.264638464365094
2015-02-27,3.4249580878030446,-9.121790329045083,16.62284119524667
2015-02-28,3.5088143609354185,-8.317500695365405,16.607473119604435
2015-03-01,3.6093917433258995,-8.876076314921514,16.63141955581058
2015-03-02,3.776683522496812,-8.9422876505322,17.381126494313477
2015-03-03,3.5941552371979557,-8.714404587573776,15.874897879047221
2015-03-04,3.469442738376494,-9.190996366658123,16.135959166986307
2015-03-05,3.486039420037928,-10.23197889721193,16.293471453926475
2015-03-06,3.7456412654350335,-9.153883531279412,16.256710416502788
2015-03-07,3.8973324605016595,-9.080275408074542,16.75158444658465
2015-03-08,4.057131742072635,-8.473809706178686,16.402838253297222
2015-03-09,4.273980009937277,-7.919546525039702,17.61604752240827
2015-03-10,4.130605578338926,-9.469782915566682,15.841655578666888
2015-03-11,4.034237724444528,-8.706445876949305,17.220963179883235
2015-03-12,4.068299572456544,-9.13222916805226,17.832234049376606
2015-03-13,4.334748902172292,-7.869500550294093,17.186800986755156
2015-03-14,4.483249865348686,-8.710978722815389,16.07989512074736
2015-03-15,4.63069628825119,-6.989056528799811,17.151675083460017
2015-03-16,4.827167862938298,-6.747357741277223,18.08075735589373
2015-03-17,4.656756614604181,-7.903481360296371,16.850515807474128
2015-03-18,4.528235521256725,-7.643651598403045,17.0664421162089
2015-03-19,4.52670171299469,-7.271210635654685,17.492905417297806
2015-03-20,4.755864356153879,-7.478265916792744,17.131835541408723
2015-03-21,4.86716180456361,-7.334921142688553,17.29277192364428
2015-03-22,4.979230329874774,-7.5289120460838355,18.252198212465505
2015-03-23,5.143807353323636,-7.93631045394369,17.207306908394212
2015-03-24,4.946508124546849,-7.744687743229775,17.256564105948808
2015-03-25,4.7974491747161,-7.790765352449792,16.48802652555073
2015-03-26,4.782852272677274,-8.286344568184143,16.788227148874835
2015-03-27,5.0073001035453135,-7.336395202605459,17.447924990686765
2015-03-28,5.122829147027725,-7.650270107931721,16.97760104446783
2015-03-29,5.248382718112271,-7.585947794267469,18.568003427611124
2015-03-30,5.435707480939306,-6.971557484006852,17.08618826029818
2015-03-31,5.270132497826632,-7.069681779905301,18.120391445239704
2015-04-01,5.161203983152638,-6.320466969197953,17.129367140442838
2015-04-02,5.19430906574606,-7.032774041245997,17.319177587847026
2015-04-03,5.4729591011102094,-6.84541924902017,17.255159500518396
2015-04-04,5.647917101418461,-6.393143828685739,18.045891260730055
2015-04-05,5.836691134062998,-7.2254035332405895,17.773632139358956
2015-04-06,6.089475719927999,-6.839950463267463,18.112781731627365
2015-04-07,5.989978885329796,-6.216085834166913,17.635475427770256
2015-04-08,5.946106544287615,-6.639695852126084,19.13181594338756
2015-04-09,6.041635982199874,-6.422510477257148,17.942857919899087
2015-04-10,6.378547456849914,-6.792598035334156,18.68715971729936
2015-04-11,6.606197012570526,-5.673624498972138,19.01672829282755
2015-04-12,6.840850984051202,-5.657223354112786,19.194862850706127
2015-04-13,7.131662985704694,-5.297721621100339,19.891634570151837
2015-04-14,7.061529981368363,-5.195063529414899,19.058401052667357
2015-04-15,7.037798259384574,-5.070594896909364,19.720393431665194
2015-04-16,7.143950465270431,-5.550806430888241,19.80617361272603
2015-04-17,7.481942339731761,-4.857431101892582,20.48440524525345
2015-04-18,7.701372150845837,-6.139708761984169,18.52272649751394
2015-04-19,7.919003453368368,-3.703687912022735,20.38815690559741
2015-04-20,8.184722385545038,-4.337277713692601,21.421767540937566
2015-04-21,8.082366757180129,-5.045507799308439,19.82638158275532
2015-04-22,8.020398636728922,-4.643106149992621,20.379084449963734
2015-04-23,8.083552668510453,-4.700760036673536,19.79890009857841
2015-04-24,8.375130009338836,-4.315910979546621,20.934433896543727
2015-04-25,8.546122239213048,-3.751080527130807,21.660503951547348
2015-04-26,8.71468732696959,-3.66291113078802,21.3939549891307
2015-04-27,8.932060346762608,-3.390689664996273,21.41902693916367
2015-04-28,8.783337676455934,-3.396187670314732,20.308234722788225
2015-04-29,8.678107809434792,-3.7614579658650573,21.68226647403908
2015-04-30,8.702062337301081,-4.56965265431219,21.438132808821464
2015-05-01,8.959258180968826,-2.7530335087496294,21.16323029439332
2015-05-02,9.101216438231774,-3.7864760900295082,21.35595243210602
2015-05-03,9.24638073611415,-3.5022464655142755,21.860111851688934
2015-05-04,9.446018360187733,-1.4658000339250377,21.94333099102533
2015-05-05,9.285003219222654,-3.2079766867224118,21.595346781008246
2015-05-06,9.172453844440708,-3.3931337593492974,22.563414600620003
2015-05-07,9.193359786597819,-2.6846256406529836,22.049404586840915
2015-05-08,9.450867037550431,-3.3066000522179717,21.452492639727794
2015-05-09,9.595407150182947,-2.3085072149344072,21.948661175478556
2015-05-10,9.744192028131309,-2.7951929990483513,21.834531560771754
2015-05-11,9.947156545407744,-2.156471826251479,22.21388485390362
2015-05-12,9.787786780467961,-3.5626628355403755,22.965696247620887
2015-05-13,9.67380566688591,-3.3813418530144963,21.97859040461866
2015-05-14,9.68884794572176,-2.596766082036263,21.84912057899438
2015-05-15,9.9347935319347,-1.7872166841966035,22.81108610413864
2015-05-16,10.060942464251244,-2.34298848411179,22.372135286460082
2015-05-17,10.183551961236484,-1.900629518654339,22.832182203076258
2015-05-18,10.351816395003574,-2.9187867442495103,22.618772848123704
2015-05-19,10.148726759956883,-3.195133244117429,22.593066587402078
2015-05-20,9.981780410334354,-2.6151759050002736,22.29832804036645
2015-05-21,9.934672133993226,-2.295768501565536,23.005631062400344
2015-05-22,10.095360622491995,-3.621004767329726,22.754969850465024
2015-05-23,10.128065536892493,-1.613756444712768,22.392252949993477
2015-05-24,10.149970920596456,-3.6503955770612184,22.37662216091366
2015-05-25,10.211460692312304,-2.566627124195058,22.38029568420975
2015-05-26,9.896950914899918,-2.878347532683362,22.50391870468803
2015-05-27,9.615564810845827,-3.2073183166522514,22.605290316572777
2015-05-28,9.452782548614662,-2.561529782671988,22.728324084307424
2015-05-29,9.512735491417212,-3.090086248472671,21.929442562929953
2015-05-30,9.447329081994594,-2.465773251141775,22.08674060444424
2015-05-31,9.375716287525318,-2.995756638179563,21.63416114875942
2015-06-01,9.350204174833756,-3.8297405296149805,21.524725313794224
2015-06-02,8.957032258644489,-3.3022184265011716,21.86349984797224
2015-06-03,8.606995708581177,-3.2973008512440978,21.4409855699863
2015-06-04,8.387046973129586,-5.392153190658945,21.877918580273658
2015-06-05,8.402546948153985,-4.444882307786214,20.27016978677519
2015-06-06,8.306351158641034,-4.1632277288962145,21.214232459308565
2015-06-07,8.218253992905286,-4.879177851239849,20.90694937682469
2015-06-08,8.190874460825922,-4.370354286331733,20.009050904306086
2015-06-09,7.810422778991404,-4.953003993672399,20.71056785080746
2015-06-10,7.487321266853453,-5.474902200614975,20.487171254305743
2015-06-11,7.307813235993063,-4.5557301585941,20.201670523033567
2015-06-12,7.376230844814978,-4.699386418678722,19.56333423153424
2015-06-13,7.344106956445491,-5.735446631513428,19.929731096004826
2015-06-14,7.329653344320383,-5.3598099071957055,18.992059791232098
2015-06-15,7.383687778028825,-4.605004475264193,20.432468753414554
2015-06-16,7.090448135841933,-5.2853280927955675,20.411216720002656
2015-06-17,6.858265687556895,-6.04904578078607,19.365639668417273
2015-06-18,6.771229744101352,-5.105273049207457,19.204001899785105
2015-06-19,6.931513058661249,-5.130434386190767,19.757795025053916
2015-06-20,6.988541373995425,-4.916335762744258,19.008269974784135
2015-06-21,7.058527809926967,-5.9124354670841655,20.389202205220627
2015-06-22,7.190453014057258,-5.178865768621226,19.78234912883401
2015-06-23,6.966927700998157,-6.607101102505517,18.744301141845707
2015-06-24,6.794908335719297,-5.8031152749505095,19.690274542162015
2015-06-25,6.757396943588855,-6.542084375917238,18.56606518982783
2015-06-26,6.955793427942769,-5.471042611430115,19.84669095045659
2015-06-27,7.039083025730438,-4.839772173133321,20.239079031877836
2015-06-28,7.123379093549017,-6.255382919558358,20.086103688212457
2015-06-29,7.257901922935489,-4.770228122137844,20.506689387052397
2015-06-30,7.02583027034275,-6.039268735135983,19.135808900000026
2015-07-01,6.834996700294065,-6.534682476913105,19.47384837163637
2015-07-02,6.7695583400342345,-5.596665245715481,19.587294238544516
2015-07-03,6.932312297094267,-6.078690323221146,19.85009496034721
2015-07-04,6.973839470248087,-6.014585859197034,19.836891135025237
2015-07-05,7.011998243020116,-5.685260009831371,19.07646654911674
2015-07-06,7.097850214225336,-5.8928313103768994,19.55119704079764
2015-07-07,6.8164562223452245,-5.702168264076783,19.427142541590086
2015-07-08,6.577515402975338,-5.707492413514364,19.604438357183962
2015-07-09,6.4669805392082695,-6.718488130934142,19.43873891444626
2015-07-10,6.589320589558653,-5.1857383182894425,19.346353948730602
2015-07-11,6.5966156802892435,-6.192689522949008,19.02418734049671
2015-07-12,6.608007484747682,-4.9347636991668935,19.287426369739
2015-07-13,6.675588412101257,-6.411421546512171,18.71328578690321
2015-07-14,6.3851689269630665,-5.850891977684326,19.329621921771736
2015-07-15,6.146896568889467,-6.6123000434450425,18.353864557134088
2015-07-16,6.046860501708759,-6.14765820662184,18.515815618563217
2015-07-17,6.189352770609534,-6.958680126571529,18.81642771426822
2015-07-18,6.225971561637881,-5.986218305543956,18.367557584845482
2015-07-19,6.275089108043199,-7.3499938109073915,19.085722026279935
2015-07-20,6.38776710997028,-6.048223296591067,18.35645914261276
2015-07-21,6.148558171783519,-6.329087641035018,18.349711035978235
2015-07-22,5.966165771788386,-6.464685464304193,18.501972410796142
2015-07-23,5.9250953344497095,-6.984029258033554,18.178901621682996
2015-07-24,6.127966155115028,-5.852622946686508,18.718001006578074
2015-07-25,6.224667918553494,-6.151692654860668,18.622676542957244
2015-07-26,6.331882823469829,-5.66859361975189,19.031794094538366
2015-07-27,6.499054517222929,-4.901336440668283,18.94960722766439
2015-07-28,6.309240702672626,-6.061511155275279,18.412403501883258
2015-07-29,6.169820358950183,-5.934637837917194,17.87384110818428
2015-07-30,6.16418669010098,-6.198148046782503,18.671382570410675
2015-07-31,6.394094256468606,-5.370354809957265,18.173033343734485
2015-08-01,6.508842935339442,-6.907729810509553,18.738235807560347
2015-08-02,6.624818862141425,-6.233537969881679,19.03581990684561
2015-08-03,6.791472956091867,-5.379908448586065,18.540701794163503
2015-08-04,6.592173571348075,-5.560622320593571,19.71967250504495
2015-08-05,6.4349041846487385,-6.445326849985002,18.600103549327287
2015-08-06,6.403937494649782,-5.562883939624347,19.86498453282005
2015-08-07,6.6021549343820025,-6.075099152000359,18.95199038077004
2015-08-08,6.680195059879052,-6.377419068559273,18.717385697374212
2015-08-09,6.755952029374298,-6.350351507106667,18.857559833419106
2015-08-10,6.880506055702295,-6.380237429810355,19.924658044049387
2015-08-11,6.638923829856897,-4.966533744140815,18.768947093706796
2015-08-12,6.440901418799519,-5.552043550728556,19.105855600364425
2015-08-13,6.3723826928327005,-5.463559016328348,19.354397505635443
2015-08-14,6.537824001998606,-6.930602782069784,19.013036889679466
2015-08-15,6.589290269139502,-5.940965010712768,20.242296371506843
2015-08-16,6.645905353830414,-5.956442799109606,19.683308406542277
2015-08-17,6.759740095227973,-5.677845277633141,18.690381981073266
2015-08-18,6.516577396347486,-5.560943117314501,19.277919077975678
2015-08-19,6.326528014560363,-6.397458438161068,19.328056548849904
2015-08-20,6.275631036307649,-6.439728006775799,18.89056598316756
2015-08-21,6.468110409874167,-6.587391571045486,18.0898983909902
2015-08-22,6.555473068395485,-5.780246404414231,17.94218742852008
2015-08-23,6.655971558953151,-6.625437937416169,18.346645111479294
2015-08-24,6.820514340361979,-5.459959095737093,19.035652403323464
2015-08-25,6.633462564490243,-6.143188817401006,19.234721038771553
2015-08-26,6.503286169776783,-6.34300622434067,19.000545532452502
2015-08-27,6.5142121627866345,-6.068677540726361,18.81242048235715
2015-08-28,6.768535123769091,-5.950562597908927,18.83388222279293
2015-08-29,6.915773932295942,-5.857552614734019,19.24380194326669
2015-08-30,7.072195938054724,-5.578451116624569,19.19969044372758
2015-08-31,7.28678994228772,-5.989778095194238,19.419568908296842
2015-09-01,7.142124953034178,-4.865135101270535,20.6045370610557
2015-09-02,7.045065690391256,-5.013412012504116,20.18461734752946
2015-09-03,7.078475918407345,-6.435318657672651,19.111614761757984
2015-09-04,7.3435779465868585,-5.0765852307406165,20.048060084011173
2015-09-05,7.4891507604604595,-5.001703224570526,20.261234612166003
2015-09-06,7.631086672035876,-5.205515693826564,19.970650664710465
2015-09-07,7.818386764108765,-4.158048517604775,19.945593525375934
2015-09-08,7.634031276522796,-3.813006383642939,20.17500233299723
2015-09-09,7.485695397829398,-4.968922884975381,19.07234560060336
2015-09-10,7.457441345853784,-5.314289145469412,19.791765825337453
2015-09-11,7.652055214968831,-5.249002262467158,20.31308013423114
2015-09-12,7.720211511149307,-5.1046877400319,19.955178782399603
2015-09-13,7.779986043558512,-5.518370720963524,20.97980820684428
2015-09-14,7.882798521316163,-3.8343725864334006,20.703735097478187
2015-09-15,7.614222346730175,-4.758623101604836,20.19001720676287
2015-09-16,7.384633644142113,-4.369803559225438,20.43397031545298
2015-09-17,7.280832173313217,-5.260295695744484,19.658607802884262
2015-09-18,7.408304511823671,-5.0068541325791225,19.920966048872174
2015-09-19,7.420314422795229,-5.6424263368031475,19.922034105395195
2015-09-20,7.4373431050662075,-5.158939069321321,20.99493292214795
2015-09-21,7.512962679314896,-4.122914921560556,20.451206242945503
2015-09-22,7.234582326543231,-5.947487456516434,19.91529033801251
2015-09-23,7.014040909268015,-5.589456320321232,18.8064634874447
2015-09-24,6.939180330991129,-5.909692194466666,18.770698110843895
2015-09-25,7.11607139492174,-5.5402276581567875,20.071932307418553
2015-09-26,7.198078185274791,-5.495645986631874,19.304355905856053
2015-09-27,7.305284474030231,-5.2327053924239975,19.705411081627002
2015-09-28,7.490365987585337,-5.467895117157051,19.768582662170974
2015-09-29,7.3393480914531,-5.367124526588328,18.979488842371083
2015-09-30,7.26222252084907,-5.549242549097665,19.802165938532315
2015-10-01,7.344556870673189,-5.273449378414574,19.31103100031326
2015-10-02,7.689767738261834,-4.538618959693029,19.523962272799366
2015-10-03,7.948242372394972,-5.068407571068571,21.407934303651746
2015-10-04,8.236830890897116,-4.1334293388636505,20.90007420798766
2015-10-05,8.604791229270477,-3.250996626418329,21.00846205397354
2015-10-06,8.634624520628975,-4.621888276072177,21.275773410157214
2015-10-07,8.73277254182284,-3.6839171584012593,20.886744112460384
2015-10-08,8.981308865641608,-3.202038601661931,20.618814898948976
2015-10-09,9.480292514906662,-3.6865827711077013,22.462026919402025
2015-10-10,9.876966907607013,-3.519607365480226,23.558740527171622
2015-10-11,10.28532418051232,-3.3785690141867994,22.405484590649994
2015-10-12,10.752115221793316,-2.1555354012053005,22.969868861844464
2015-10-13,10.857741473454796,-0.9817322662489412,23.818185528260972
2015-10-14,11.006998735356543,-1.5407484286954376,23.81992070466008
2015-10-15,11.28080348120924,-1.8557054449875756,23.37051714639214
2015-10-16,11.778569655884546,-1.7634419499490255,24.855904096428706
2015-10-17,12.147418240671085,0.632369636121709,26.545067721199228
2015-10-18,12.501739507144961,0.17976707563698144,24.65167123095604
2015-10-19,12.88918846151612,-0.19184482370598274,25.75521490514903
2015-10-20,12.891550042702132,0.3232944069511795,25.178595037668263
2015-10-21,12.915445123146105,-0.36068290582911927,26.20641692544059
2015-10-22,13.044008929979885,0.8366208926054864,25.919119206852077
2015-10-23,13.379211220097869,0.17236626560942617,26.700762473290112
2015-10-24,13.571002077318187,0.6208657224278612,26.08723668945637
2015-10-25,13.736805005453439,0.24490230915555386,26.338037293067533
2015-10-26,13.927439694010307,0.9935076138882066,27.347556310223645
2015-10-27,13.727912963094493,1.5245106449523789,25.444188374695162
2015-10-28,13.548050894017866,1.0244465005546508,25.595419332077366
2015-10-29,13.474105680219669,1.999320134879372,27.310532501459587
2015-10-30,13.611008355962625,0.5453891717621282,26.26640952845043
2015-10-31,13.611452952034586,1.3354132427123793,26.85316277481139
2015-11-01,13.595335245436747,0.24061395388965728,26.141559451986396
2015-11-02,13.615629745700527,1.2547218930538038,25.276768419201577
2015-11-03,13.259144430730633,0.47792279749080996,25.37425611052074
2015-11-04,12.937126960671703,1.423255425225579,25.397018910641684
2015-11-05,12.736856325917831,-0.6906760329361978,25.383792116657936
2015-11-06,12.763891200234038,0.3243585906951318,24.77614342353227
2015-11-07,12.671160355291915,0.5127322584245291,25.678132388685288
2015-11-08,12.578417814543453,-0.8189493203185926,25.433988477862588
2015-11-09,12.538145622701812,-0.3763010800552188,25.473920772480625
2015-11-10,12.13634272662042,-1.3694341298652004,24.592640891305773
2015-11-11,11.783172461872908,-0.7208955021622014,24.41871807990341
2015-11-12,11.564601189345566,-1.462972711867439,24.303990788991996
2015-11-13,11.584697807698351,-0.8251453679262024,23.7800514006655
2015-11-14,11.494777867174559,-1.1288918144763436,23.51151725632472
2015-11-15,11.412913295757246,-0.7879328886855341,23.918658783924275
2015-11-16,11.389888960923434,-0.8989432944193445,23.030116537187755
2015-11-17,11.01004297275146,-1.4785126227341272,24.68547827236589
2015-11-18,10.681961742115437,-1.9595833093587507,22.747980935813036
2015-11-19,10.490161009980898,-2.0771206085275744,22.67717756944423
2015-11-20,10.537421435223983,-2.647129858446399,22.95365307405611
2015-11-21,10.473961549435668,-2.1193486659890075,23.312940319301656
2015-11-22,10.416968418550555,-2.207742144270904,22.328101018213175
2015-11-23,10.416566826007035,-1.7466822450717736,22.913128070922095
2015-11-24,10.056663745866295,-1.7669029664939107,23.058983702383955
2015-11-25,9.745639253729186,-2.420142395200264,22.399387392002865
2015-11-26,9.568015488961134,-2.8402080413731263,21.926904131559347
2015-11-27,9.626772900484035,-3.35450638110351,21.303084388885566
2015-11-28,9.572497453268696,-1.9007437363158093,21.949988298116963
2015-11-29,9.522880197702813,-3.3115196322567457,22.380653517065642
2015-11-30,9.528651236650028,-2.8823120626186864,21.667216928609424
2015-12-01,9.174386195994627,-3.893747188570911,22.59884742791881
2015-12-02,8.869157757366755,-3.091300139653307,22.143013099039816
2015-12-03,8.698165305061583,-4.114999855168233,21.24952448722895
2015-12-04,8.76501333929751,-2.2898997947716575,21.337116216678645
2015-12-05,8.72082368866034,-3.7601392671280713,21.229263629294163
2015-12-06,8.683704172322434,-3.6740410609424536,20.76318394251905
2015-12-07,8.704656848262179,-3.3280969275863463,21.172510789271822
2015-12-08,8.368364872887307,-4.187842766362612,22.526013439239335
2015-12-09,8.083831239520958,-4.483271696982211,20.36191232756321
2015-12-10,7.93600292341789,-4.971977258886487,20.75741992628849
2015-12-11,8.028051313049712,-3.9192056227700016,20.91339327043915
2015-12-12,8.01049393304217,-3.9879398471775565,19.65613070733369
2015-12-13,8.0006798276961,-5.718161092768294,20.068788328881762
2015-12-14,8.048721214514682,-4.343452158967833,20.371421633767376
2015-12-15,7.738309677780186,-4.9349285038733655,19.65029426239536
2015-12-16,7.477389209659765,-4.738559429515822,20.13291065526508
2015-12-17,7.3498184921442355,-4.237396922240354,20.062380010099137
2015-12-18,7.457692026735103,-4.747124082015166,20.077100553551425
2015-12-19,7.4505037461751,-5.812078051509085,20.459673293590715
2015-12-20,7.444674051283047,-5.140339826262724,20.23272111291954
2015-12-21,7.4895214469603495,-5.48139336464233,19.803959699608562
2015-12-22,7.16811564833269,-5.493032927249999,20.41793191927063
2015-12-23,6.887983146508375,-5.312710908731723,19.163650345371163
2015-12-24,6.732796432851862,-6.243836786545626,18.881198104908783
2015-12-25,6.80471545676514,-6.694707070481029,19.838238109464083
2015-12-26,6.753564115764627,-5.40558035962103,19.61632371824116
2015-12-27,6.696362110121262,-5.5403109800190045,19.338991723170302
2015-12-28,6.683292971244511,-5.526669744039987,19.369919033139947
2015-12-29,6.298545029865707,-6.086459455926567,18.646591406799438
2015-12-30,5.950996474465857,-6.137970543570307,19.07443884523059
2015-12-31,5.725876123693017,-6.756505247333527,18.88185244827145
2016-01-01,5.727069166184539,-7.144893044511939,17.222201627526513
2016-01-02,5.60625158068204,-7.3939877772731215,17.77447509210229
2016-01-03,5.482374693084104,-6.426344224846456,17.676636789562885
2016-01-04,5.407581982427622,-8.796012415429075,18.0208393638416
2016-01-05,4.967996345527818,-6.728221456150101,17.283094063857412
2016-01-06,4.574350513200118,-7.576741543159233,17.174573967239258
2016-01-07,4.313593837669488,-7.48992120102389,17.659906100771543
2016-01-08,4.291146306527859,-9.376485420654658,16.872963035328166
2016-01-09,4.159985056233319,-8.475490544995866,16.81014370396448
2016-01-10,4.040086313062046,-9.642759248511199,16.87191560986516
2016-01-11,3.9843062112615195,-8.878024564714964,16.573793946893446
2016-01-12,3.5791398612282004,-10.046433708221736,16.097950022009872
2016-01-13,3.235332312962325,-9.763251393598745,15.48561893451337
2016-01-14,3.039475345684997,-9.667788274030084,16.593265152373462
2016-01-15,3.0962613859380888,-10.30040253368509,14.931170642355022
2016-01-16,3.0575799941244792,-9.834972570706787,15.299644087971982
2016-01-17,3.0419797268186013,-9.759835792479588,16.48526106034055
2016-01-18,3.1005784173418376,-9.872169479729802,15.770522349758624
2016-01-19,2.817860562771944,-9.356130522764612,15.03077000248922
2016-01-20,2.60233451801374,-9.831700926230528,15.814740300598771
2016-01-21,2.5381822484297087,-10.443546695768061,14.334340828466209
2016-01-22,2.727571561258736,-9.921792920587425,15.358442544902593
2016-01-23,2.8198147093459727,-9.361434798685803,15.427138507749058
2016-01-24,2.9308945068764634,-9.817773036002254,14.939349987823732
2016-01-25,3.1094392577660996,-9.352797439688254,15.662082802336824
2016-01-26,2.937583418255659,-9.375745176586419,15.39965338687116
2016-01-27,2.8216849531886137,-8.952284654531724,15.377593290934492
2016-01-28,2.8440304716691314,-10.349960435549505,15.791982747380114
2016-01-29,3.1051965197362565,-10.314702478276047,15.161207511583244
2016-01-30,3.2532495486818274,-8.63096340415083,15.940326582138265
2016-01-31,3.403304531375389,-9.349885132451488,15.547452083129095
2016-02-01,3.603522601493011,-9.76123010858955,15.161886859623397
2016-02-02,3.435983980212169,-9.633858932433498,16.254066020055596
2016-02-03,3.3074067811728383,-9.656756216577866,15.615169529166517
2016-02-04,3.3008427103531472,-9.245228337895083,16.007569116069266
2016-02-05,3.5180182718549706,-9.023899773773595,16.597107114284313
2016-02-06,3.608504528067059,-8.692758964778598,15.932234715093708
2016-02-07,3.689236198476017,-8.779157282806331,16.284848748757376
2016-02-08,3.810461543551412,-8.90851162102928,15.526785823191446
2016-02-09,3.5565605993239635,-8.887449656132787,17.696137678168352
2016-02-10,3.33670384759173,-9.507461955595094,16.430338128926287
2016-02-11,3.2364839834132137,-9.694719692593068,15.77767227654633
2016-02-12,3.360191140330076,-9.413307649827408,15.788262171325885
2016-02-13,3.3599164261919525,-9.727168829392548,14.583000961990175
2016-02-14,3.3550063622106956,-9.490960848965694,15.83988097626636
2016-02-15,3.39795143278897,-9.558763873142974,15.770857071428129
2016-02-16,3.075147975931551,-9.347231261451538,15.576037374038801
2016-02-17,2.79750701941835,-9.838130246886378,15.360215522939024
2016-02-18,2.652044057991327,-9.906786905734226,15.612027525324075
2016-02-19,2.7441212414775285,-9.897740891643979,15.161660347094271
2016-02-20,2.726527681269391,-9.509949734568645,15.015005490363064
2016-02-21,2.7189210437834626,-11.04439502259582,15.20722770647887
2016-02-22,2.7737139204144006,-9.713604500499521,14.845480700104744
2016-02-23,2.4768441846659552,-10.300493784571293,15.211229305944485
2016-02-24,2.238402623051052,-11.298633737478307,14.921033491701806
2016-02-25,2.144251227114208,-11.479888070636582,14.999242726814774
2016-02-26,2.2983027378580103,-10.098791568158068,15.419973255045075
2016-02-27,2.3516460267532397,-10.715137503793835,14.65604767750697
2016-02-28,2.42203914733642,-10.753620839305967,14.370365165165511
2016-02-29,2.5598520400604974,-9.974522635016807,15.510171833939037
2016-03-01,2.348896465964849,-9.508736140692754,16.088760103259663
2016-03-02,2.197114739918209,-10.769808059927131,13.931700673185146
2016-03-03,2.1882589038749933,-10.46592040445829,15.535221502165712
2016-03-04,2.424229203835115,-10.977740048994741,13.93592995384044
2016-03-05,2.554254795990322,-11.030206978112318,15.793369830797612
2016-03-06,2.694436973699082,-10.283069315923825,15.755217172041819
2016-03-07,2.893735515717668,-10.331078990953992,15.379259423630367
2016-03-08,2.7348345481384415,-9.209301497870007,15.134790906383985
2016-03-09,2.624858539793579,-10.345151792464918,15.682826417242968
2016-03-10,2.647069378835674,-11.335635738900564,15.027164513022708
2016-03-11,2.903212978138973,-9.258437005663312,14.610851795435961
2016-03-12,3.042698206009643,-10.472260857779043,15.207631344629293
2016-03-13,3.1821285937459645,-9.197166380297132,15.703828667857556
2016-03-14,3.3712678627363735,-9.262445609521613,15.989854465457386
2016-03-15,3.1938763733731217,-9.923493723772214,15.643403217162033
2016-03-16,3.058390070382792,-9.072558606930984,15.505511171389644
2016-03-17,3.0495740425466757,-9.344217952846167,15.398094893381245
2016-03-18,3.2708204943452954,-9.321952248786062,15.343778912506812
2016-03-19,3.3732754146714727,-10.670096350411637,16.477896950803213
2016-03-20,3.4753159768412734,-8.712685761501398,16.393933904044925
2016-03-21,3.6284613420216396,-7.9223243290149155,15.956075392800171
2016-03-22,3.4181555961519283,-8.520843039298935,16.44193178549428
2016-03-23,3.254395973028908,-9.23458406826996,15.352831071633668
2016-03-24,3.2233399634472177,-9.088618824962444,15.8021273942117
2016-03-25,3.4295624504975657,-8.67250426172245,15.909806837758685
2016-03-26,3.5251483203734044,-8.795578761143881,15.91781888779727
2016-03-27,3.6291435353868664,-8.693423657964308,15.308258822436231
2016-03-28,3.793448055037579,-8.12230794957519,16.312162331584823
2016-03-29,3.603589790479276,-8.139460749601009,17.077795635083362
2016-03-30,3.4693529299065298,-9.241038213109622,16.138392777825718
2016-03-31,3.476394145389015,-8.223397054261252,16.416398869645022
2016-04-01,3.7285174620581705,-9.08828002204906,15.79667829733624
2016-04-02,3.8767926223558202,-9.136304187649534,16.99012100821716
2016-04-03,4.039039078081515,-8.644385441382237,16.15080159050897
2016-04-04,4.2657579318398104,-8.644530013903953,16.273971300195957
2016-04-05,4.140949771966643,-7.871931356957921,16.521980619765266
2016-04-06,4.072790358622285,-8.512922845709879,16.96473849321168
2016-04-07,4.145296195577765,-8.425867359160343,17.57226984744575
2016-04-08,4.46064924154326,-8.627411749659183,16.3328970124905
2016-04-09,4.668364062193856,-7.947969812133361,16.627817533291108
2016-04-10,4.884818065939186,-7.941297902688645,16.871462980684907
2016-04-11,5.159225742258243,-7.7134957179419095,17.023629416147514
2016-04-12,5.074493573021243,-7.611701132880875,17.605962142207947
2016-04-13,5.037926468106505,-8.09372053500695,18.05740674123298
2016-04-14,5.13291685371046,-8.256056331528113,18.443767743629557
2016-04-15,5.461284988164015,-6.6705087633349605,17.1518375964975
2016-04-16,5.672453374307247,-6.548435867698165,17.67556255527745
2016-04-17,5.882975738608544,-7.578645034403827,19.110096033141804
2016-04-18,6.142501586680965,-6.131026767574508,18.545175215570797
2016-04-19,6.034613356537579,-5.771336127081667,18.771811443711027
2016-04-20,5.9675076204038415,-6.275725758535295,18.30823307671985
2016-04-21,6.025652292615923,-6.389674042774934,17.281940163352637
2016-04-22,6.312089451188662,-6.219093875540367,18.204655552854586
2016-04-23,6.4775678463965685,-5.89997533098382,18.73854410476985
2016-04-24,6.6400269051458665,-6.483832066829727,19.256929305392813
2016-04-25,6.850514672301721,-5.535811364189337,19.26485394962265
2016-04-26,6.693978190678186,-4.722712921782412,19.1450138522542
2016-04-27,6.579899254177238,-6.321354934174781,18.673173741631096
2016-04-28,6.593908932931987,-6.419167832805009,19.28511741500872
2016-04-29,6.840051832711006,-5.350456565725027,20.24390907423038
2016-04-30,6.969885388302559,-5.614399540123312,19.078346923294667
2016-05-01,7.101937059942666,-5.472133904132711,19.69372024963445
2016-05-02,7.287602735460869,-4.985973188042223,19.83111446542805
2016-05-03,7.111925475926336,-5.707727607657839,19.88371145734166
2016-05-04,6.984227930093301,-6.089209614757492,18.893589388342143
2016-05-05,6.989731949701077,-6.072994908558835,18.985624175687672
2016-05-06,7.231836238934673,-5.006767078576426,20.481264126702417
2016-05-07,7.361236950137962,-4.952953688038787,19.85849920108388
2016-05-08,7.495413459803693,-5.701408858946917,21.031618156555112
2016-05-09,7.684561764003862,-4.218667350627575,20.422454418689853
2016-05-10,7.512413564832887,-4.937314099987203,20.87258646438626
2016-05-11,7.386913136352662,-5.517209632213024,20.515927318919587
2016-05-12,7.391884131973617,-4.724652966992743,20.39977115761174
2016-05-13,7.629355704574032,-5.400380852211458,19.915645373033943
2016-05-14,7.748731341882285,-5.807798649855247,20.408385509669657
2016-05-15,7.866321139908161,-5.250764441992434,20.30837952558672
2016-05-16,8.031318486691323,-5.071894493504528,20.465608766404202
2016-05-17,7.82665785027152,-4.05620764075618,19.90188795041713
2016-05-18,7.659724513146541,-4.9117415214983975,19.880022102241938
2016-05-19,7.614047338851536,-4.882847273552572,20.984325290132027
2016-05-20,7.791643068950506,-4.733299329206422,20.25764862477198
2016-05-21,7.842194910689168,-4.4386515819358054,20.611960715489943
2016-05-22,7.882585747027937,-4.279409772414971,20.81339791007391
2016-05-23,7.962866814556817,-4.187938635835354,20.720284221894012
2016-05-24,7.667098685806188,-4.717784351661087,20.17850102816155
2016-05-25,7.404035807284603,-5.768886216920954,20.376787953720466
2016-05-26,7.2587863434374675,-4.924872073552693,20.32917570148796
2016-05-27,7.335116726187951,-5.4887502870499425,20.199691715414215
2016-05-28,7.2845847826648065,-5.254480134912203,19.54575704804072
2016-05-29,7.226023063947643,-6.272509660015139,19.757722845046544
2016-05-30,7.2114546524686265,-4.485851545709141,19.909008783697573
2016-05-31,6.82687981570178,-6.2687793766417235,20.08797297938678
2016-06-01,6.482906342414142,-5.198574268469512,19.341046862549348
2016-06-02,6.266356903471384,-6.857888979594527,19.040395404962243
2016-06-03,6.282524388253212,-7.347681261255141,18.791175635431568
2016-06-04,6.184260553973074,-6.024022693667854,18.580642408315537
2016-06-05,6.091420944888133,-7.2495101989148685,18.6934081985357
2016-06-06,6.056749522535296,-5.178072306009888,18.82962707442162
2016-06-07,5.666642332299938,-7.287249645110162,17.543005007576983
2016-06-08,5.331763765242296,-7.623710710518285,17.942380876761394
2016-06-09,5.138649222503887,-6.351198658726688,17.620255909861303
2016-06-10,5.191965326644588,-7.586288634700367,18.198764201490587
2016-06-11,5.143612931688406,-7.438104225802612,16.70342401155952
2016-06-12,5.112195526093351,-6.916715950472347,16.95051367403123
2016-06-13,5.148935839464097,-7.497154383476207,17.790610622376935
2016-06-14,4.838479098114637,-8.604570093976907,17.704542830276452
2016-06-15,4.589555383437723,-8.122182743646526,16.819873466451547
2016-06-16,4.48663360249915,-6.757018228987055,17.11181809068439
2016-06-17,4.63223676192661,-8.232263527979324,17.05725536017413
2016-06-18,4.681387032780225,-7.029948916247972,17.952839420659707
2016-06-19,4.745277555773116,-8.333810337989158,17.81149632362497
2016-06-20,4.873100166778948,-7.262893365073888,17.941353292319132
2016-06-21,4.647617841139193,-6.969376217029751,17.93615946649492
2016-06-22,4.475876774339329,-7.883918066855684,17.743395395358505
2016-06-23,4.440904380917266,-8.546320605932753,17.165481261725624
2016-06-24,4.644061641680911,-8.052278028332774,17.617124398874296
2016-06-25,4.734232425236517,-7.825014161664379,17.247417755873823
2016-06-26,4.827369917869516,-6.645703922387477,17.335633694951337
2016-06-27,4.9724807503760795,-8.043074813364223,17.27948215235276
2016-06-28,4.752483348183643,-7.376176577597457,16.586642489215887
2016-06-29,4.5749114000213265,-8.264915271449732,17.864720916724554
2016-06-30,4.523593802055266,-7.805980346254416,16.884331177307356
2016-07-01,4.700980056470374,-7.527190810702888,17.917108976597845
2016-07-02,4.7572945594888,-7.502406172383924,17.145661833807527
2016-07-03,4.8100409582300525,-7.928195803979971,17.248961600816042
2016-07-04,4.9099384160165584,-7.6491669832802485,17.7560053807529
2016-07-05,4.641727732225736,-7.41156886815799,17.129797557251905
2016-07-06,4.4148197586483,-9.123207937929664,16.90492304517365
2016-07-07,4.314919097144966,-8.221082356416064,16.366234570795026
2016-07-08,4.446293718544061,-7.378381374284405,16.54267994661838
2016-07-09,4.460875582636197,-7.876544813858131,17.456952405717622
2016-07-10,4.477715018708347,-8.25356909908421,17.64075188721597
2016-07-11,4.548872174542528,-8.376264753312064,17.222079628762863
2016-07-12,4.2601847930289605,-8.369479817405686,16.262637316347572
2016-07-13,4.021885877061693,-8.119732478752427,16.873534098156032
2016-07-14,3.9202051186076887,-8.32752096850512,15.71328789461401
2016-07-15,4.059625368794074,-7.755824136877472,16.897438383113784
2016-07-16,4.0919795925640665,-8.125938586736567,16.621167844119867
2016-07-17,4.1359111468570315,-8.502014579985511,16.194647354739818
2016-07-18,4.2427804831424325,-8.068514868809084,17.28436423300888
2016-07-19,3.997457045768215,-8.251180505149039,16.739485134842873
2016-07-20,3.808969172926199,-8.582215654395004,17.25226333525507
2016-07-21,3.7621448784889484,-8.863084176483348,15.9161744481467
2016-07-22,3.959913579822835,-8.97375951892765,17.12857169414499
2016-07-23,4.052452825384057,-8.31654529676848,16.186873085168042
2016-07-24,4.156701334851501,-8.541444702007615,15.87759716476729
2016-07-25,4.322319835571417,-7.937867887742961,17.443880871268142
2016-07-26,4.132536807313105,-8.551842960035135,17.325104908114962
2016-07-27,3.9948502901498153,-7.8807215456823725,16.786138015505696
2016-07-28,3.9927170388139737,-8.685647896565955,16.213873844495335
2016-07-29,4.227897599023546,-8.93682165970778,17.076119746848956
2016-07-30,4.349640020257592,-9.018481253881166,17.966545104641977
2016-07-31,4.474222369497988,-8.824927282945128,16.692914006357693
2016-08-01,4.650934607544681,-7.649408597781484,17.693238664748854
2016-08-02,4.462936272397033,-8.027471993077056,17.3698430104575
2016-08-03,4.31796073240359,-8.029540775678809,17.248268352092403
2016-08-04,4.299997188724722,-7.423297771563695,17.364507980107007
2016-08-05,4.51161919109661,-9.035664208841572,17.31548369211869
2016-08-06,4.603142857746423,-7.197614597294846,16.852955284839677
2016-08-07,4.692135714875077,-7.87087880894391,16.972199469009826
2016-08-08,4.82935772142485,-6.7364855280743345,17.785466953566804
2016-08-09,4.599572151695132,-7.580349828767187,17.850788439110467
2016-08-10,4.412198514735054,-8.553104346704338,17.02810159246491
2016-08-11,4.352940252619516,-7.6251984317887604,16.808577183072543
2016-08-12,4.526057644324282,-8.782837924541584,16.574751368820596
2016-08-13,4.583470819394446,-7.910529815549881,17.14010849634205
2016-08-14,4.6442155096100635,-7.875460922389369,18.052456356337913
2016-08-15,4.760334765108967,-8.521672363835911,17.146712403876755
2016-08-16,4.5176458660594,-7.993945994764248,17.101375506567443
2016-08-17,4.326356017700298,-8.399031211574313,16.559404433552984
2016-08-18,4.272660786920007,-8.053087539253541,17.144813547719345
2016-08-19,4.460996692551727,-8.040086518638489,17.48081394123241
2016-08-20,4.5431335773659995,-7.909350212481023,16.98247341290572
2016-08-21,4.637629828543521,-8.475125532670834,17.304268952590697
2016-08-22,4.795733811179075,-7.707526188064708,17.563019520668067
2016-08-23,4.602170577161625,-8.459046822310263,17.224913257420045
2016-08-24,4.465786964161315,-9.138661181521003,16.652186351605334
2016-08-25,4.4711882771355675,-7.22030527780888,16.094063262267422
2016-08-26,4.721036926313567,-8.50089949979923,16.693985050301798
2016-08-27,4.865197367458139,-7.06421280529714,18.11136025410777
2016-08-28,5.020248920767255,-7.933834149717509,17.37516094414031
2016-08-29,5.235448176506059,-7.654581988781747,18.520781693901444
2016-08-30,5.093578274407967,-7.476362029135737,16.805281764777742
2016-08-31,5.001656328596902,-7.569262341005964,17.284434380181175
2016-09-01,5.042630333048513,-7.264723014871901,17.317365514328554
2016-09-02,5.317734104015024,-7.491738171148025,17.931905117264492
2016-09-03,5.4756828808252305,-6.726123566037507,17.744637403128873
2016-09-04,5.632229581197047,-7.02990601381849,18.607054313004404
2016-09-05,5.836162030289104,-6.519349262565922,18.583152703328683
2016-09-06,5.670177294890315,-6.384429289632304,18.484836834830613
2016-09-07,5.541603507564884,-8.49599224494738,17.470441192421813
2016-09-08,5.534099925469561,-7.000878356191437,17.616558513248616
2016-09-09,5.75000350610844,-7.564560169337494,18.91888745096217
2016-09-10,5.839504674009243,-7.508077536987615,18.762640940829147
2016-09-11,5.9201726549972,-7.36492104636355,18.023502815491632
2016-09-12,6.042911397642605,-7.038912934812794,18.607094886233366
2016-09-13,5.792783216087786,-6.819240750493619,18.114731040753306
2016-09-14,5.579671818205782,-6.656979540732303,18.42147476411741
2016-09-15,5.489916985167741,-7.02474709060157,17.46794487169848
2016-09-16,5.628590907003405,-6.439682634759888,19.211101822579877
2016-09-17,5.648600724297748,-6.5602080299395125,17.341859196422757
2016-09-18,5.67013963092063,-7.7005348443175965,18.533130548505365
2016-09-19,5.746569582738008,-7.703812907152779,18.680106145553612
2016-09-20,5.465174762559467,-6.036605400870633,18.314934637851444
2016-09-21,5.237759415522759,-7.288469796056734,17.608123890856206
2016-09-22,5.152224150575904,-8.432492270918326,17.621985982278396
2016-09-23,5.314792369928414,-7.5188537839098215,17.595126458972963
2016-09-24,5.379072814594249,-7.135389741403232,18.130139748332713
2016-09-25,5.465481758610803,-6.729691850983313,18.780221747710527
2016-09-26,5.627108780485463,-6.426569975268519,18.637346548501178
2016-09-27,5.450465825990887,-6.334390728540749,17.850251223771238
2016-09-28,5.346093403884454,-6.87725720860542,18.360493561059595
2016-09-29,5.4001578937140495,-7.314340158810441,17.573880735935045
2016-09-30,5.716711169453052,-7.415588330419306,16.902112128572686
2016-10-01,5.946797739036986,-5.8306075771652095,18.258723281924212
2016-10-02,6.207931835462784,-6.4266667185766915,17.934264964219967
2016-10-03,6.550027011737256,-5.300312985257146,18.86994196429864
2016-10-04,6.556216335617407,-6.5883942950614856,18.813271371336526
2016-10-05,6.633535209722357,-6.750900618671102,18.921994423572805
2016-10-06,6.864598832006978,-6.072312749188118,19.76864636369621
2016-10-07,7.3499434416419325,-5.463607448234966,19.894932589486785
2016-10-08,7.737214453407709,-4.7059650202611385,20.27867703254106
2016-10-09,8.140721838315015,-3.9886692198478575,20.974453550910468
2016-10-10,8.607443300294445,-4.3047372267196415,20.637908305188493
2016-10-11,8.717911472455402,-4.119043216491261,21.775452459744823
2016-10-12,8.876955466524059,-4.433061873402777,21.88089274561423
2016-10-13,9.165427324518937,-2.8873501749208756,20.893977477058893
2016-10-14,9.682581316686377,-2.8868873217404833,22.624583700211712
2016-10-15,10.07528828429884,-1.8295997181440211,23.207135786389966
2016-10-16,10.457604800031273,-2.6976313787474417,23.160542698540706
2016-10-17,10.87677744447711,-2.453206852733248,23.476861081641783
2016-10-18,10.914118509371848,-1.5057840474084472,23.654024913101054
2016-10-19,10.975723882028875,-0.6611001645564873,23.295599541316907
2016-10-20,11.144164400537175,-0.5711533446514927,24.24134700932855
2016-10-21,11.520819661282378,-1.7572649010195318,24.88703306282084
2016-10-22,11.755037780847111,-0.7784019706746484,23.71701789650508
2016-10-23,11.963642416267017,-0.472568637005332,25.004772061006157
2016-10-24,12.196869057030554,0.23391366355284884,25.685247684310767
2016-10-25,12.039168748670555,-1.1289433637559712,24.08000315062381
2016-10-26,11.899851933771288,-1.466589424111104,24.110307611568693
2016-10-27,11.86470565898916,0.3057807426803348,25.001799522677878
2016-10-28,12.03825506183987,-0.027799252130119655,25.70287861085358
2016-10-29,12.07285449126057,0.1821873469729612,25.24476183114015
2016-10-30,12.0881312871409,-0.8977307342221644,24.34966616869431
2016-10-31,12.136865776242583,-0.34400585554431823,24.146298012591377
2016-11-01,11.805746970454086,-0.9669511416199438,24.96241076384722
2016-11-02,11.505977727006403,-0.9627372674280332,24.2410360971443
2016-11-03,11.324863414230995,-1.931332294174603,24.226053403563093
2016-11-04,11.368055494257225,-0.8640345822159989,24.10752451720431
2016-11-05,11.288635567397183,-0.5622561911087814,23.979838583504076
2016-11-06,11.206562786441399,-0.7824275863780926,23.308729291087158
2016-11-07,11.174567781844662,-1.7887518033371783,23.48121676134218
2016-11-08,10.77893188447884,-2.0069893022888348,23.584277816843812
2016-11-09,10.430124448280601,-2.1124222923911917,22.9953308615268
2016-11-10,10.21443113294168,-2.5662167160229505,21.777892491054473
2016-11-11,10.236243186666368,-2.338723523607416,22.776348686384303
2016-11-12,10.1471917575827,-2.9700695902713354,22.81940815235879
2016-11-13,10.065648528052115,-2.70501362773528,22.08619035420098
2016-11-14,10.042674150249383,-2.5875428414317936,22.33696177628074
2016-11-15,9.662851608535611,-2.853275648309085,21.347459513669055
2016-11-16,9.334975700690126,-2.653918916925418,22.73922972802239
2016-11-17,9.143729986031552,-3.7977096840321853,22.064463132762196
2016-11-18,9.192019870339543,-2.71296951093497,21.917865244614447
2016-11-19,9.130144667056202,-2.6116541514866407,21.930384429560835
2016-11-20,9.075328954052692,-2.516436349041329,21.354249935931502
2016-11-21,9.077693969830321,-2.6775429416566183,22.154670201201778
2016-11-22,8.721105699358473,-4.364459066410617,21.32507319534309
2016-11-23,8.413870636119082,-4.105083446255691,21.13463484572132
2016-11-24,8.240410635080211,-4.243205104879229,20.577377824088778
2016-11-25,8.303585859361043,-4.632160069445257,21.613353477196018
2016-11-26,8.253849244981193,-3.9735566326143728,20.9282592106722
2016-11-27,8.20875361828249,-4.1168645698623445,19.797103517475417
2016-11-28,8.218893226977787,-3.481356039134131,21.187289293888906
2016-11-29,7.868717519319537,-4.763843022061204,20.63114711297297
2016-11-30,7.5671894700152444,-5.788060458171377,20.438248428671745
2016-12-01,7.399421264351379,-4.783440738081376,19.913659361777242
2016-12-02,7.468957779191777,-5.4810075653341235,20.376263083849217
2016-12-03,7.426892714136774,-5.771724297003144,20.766519865597807
2016-12-04,7.391339883339947,-4.737091479607299,19.80224165857244
2016-12-05,7.413342708042419,-4.863578832018368,20.195449349263694
2016-12-06,7.0776608859657495,-5.6160808585852235,19.948357165911133
2016-12-07,6.793407504213529,-6.478901322666485,19.283298768058287
2016-12-08,6.645670170969178,-6.163880591998631,18.632246305524713
2016-12-09,6.737787140295957,-6.365328546517,18.973887935238917
2016-12-10,6.720463573915158,-5.2654843269325005,19.065332502412492
2016-12-11,6.711250486958435,-5.668200620700573,18.656933416269233
2016-12-12,6.760469199145121,-5.402890387983993,18.34326177275218
2016-12-13,6.452019800723428,-6.342229931588155,18.285603010752737
2016-12-14,6.194046199639512,-6.142296923271871,18.7990527664499
2016-12-15,6.070590413794338,-6.420460477438893,17.760324415415187
2016-12-16,6.183905988774123,-6.352208068260714,18.822276386146548
2016-12-17,6.183614443076507,-5.187128235612257,18.5614436600584
2016-12-18,6.186225937363215,-6.519054004771743,18.901395849291095
2016-12-19,6.241105572796968,-6.605494987418948,19.40885844933765
2016-12-20,5.931322390530807,-7.402569786384418,18.866970833375216
2016-12-21,5.664352226396989,-6.540256678116154,18.928301204855607
2016-12-22,5.523765742295741,-7.099993507218496,17.857258689193817
2016-12-23,5.61157028555418,-6.925973990270428,17.674178441119025
2016-12-24,5.577388402331789,-7.118922435278804,17.097467247725678
2016-12-25,5.5379933141252815,-6.843803603357681,17.49338793443639
2016-12-26,5.543282093148703,-7.567338442578401,17.674056118124494
2016-12-27,5.177123180716814,-7.0295940457231465,17.910077495920586
2016-12-28,4.848049231879976,-9.04033565808165,17.395889568288794
2016-12-29,4.640926702194291,-8.075400973941752,17.032465779946566
2016-12-30,4.659271187405569,-8.106001960147497,17.432711231241303
2016-12-31,4.554391958556251,-8.77921802149306,17.14356047620728
2017-01-01,4.444886858830141,-7.71841610871827,16.155452542428176
2017-01-02,4.382569372487066,-7.833906056787984,17.5511309584814
2017-01-03,3.95326577151277,-9.629091567239119,16.666502810047618
2017-01-04,3.5674547354962023,-8.59086623057847,16.38562290753052
2017-01-05,3.311882382529818,-9.184309465573453,15.996599056232375
2017-01-06,3.2918233088250037,-9.08564481792489,15.575168605309557
2017-01-07,3.1601726844589413,-9.429568330720684,15.34284759447039
2017-01-08,3.0368921466012804,-9.993748899867738,14.821791330080806
2017-01-09,2.974892798358284,-9.427347725666257,15.538456337016013
2017-01-10,2.5607945939990686,-9.743405843203023,15.476675164407395
2017-01-11,2.2055357164518354,-8.7871929276524,15.026413973182
2017-01-12,1.9959658929602684,-11.006994772399075,14.102766163855478
2017-01-13,2.0370950206062943,-10.839753333878962,14.996714279701767
2017-01-14,1.9811826639347547,-10.485184997352928,15.029471394443485
2017-01-15,1.9471914040168108,-10.234439317066235,13.548369954678474
2017-01-16,1.9866872986461757,-10.294353460180114,14.394232787687876
2017-01-17,1.684626398316225,-11.472560620992917,14.222295908778566
2017-01-18,1.4500003072137613,-10.513612428257222,13.802641590763532
2017-01-19,1.3674738534497082,-12.259328228656303,14.012435261514733
2017-01-20,1.5396851167499492,-11.513461387159136,14.231847077283577
2017-01-21,1.6163920410898078,-11.433008173574741,14.42724004216215
2017-01-22,1.7139871023670366,-11.656509230264694,13.193363805028268
2017-01-23,1.8814616491913925,-10.771133892926812,13.924699812631555
2017-01-24,1.7012571335842002,-10.906891270929396,13.244595084470403
2017-01-25,1.5799744557110302,-11.064860324719707,13.715967111001099
2017-01-26,1.600072734606421,-10.414690846392238,14.384249833080284
2017-01-27,1.862226063915911,-10.268768621802934,13.900023906674573
2017-01-28,2.014520902393387,-11.961936115598263,14.032760273878608
2017-01-29,2.1720141485049433,-10.854283463486906,14.374607910273333
2017-01-30,2.3827322945548413,-10.605371565978581,14.471034349383709
2017-01-31,2.2285478881483525,-10.377192776767409,14.217471771942728
2017-02-01,2.1159037987958786,-11.095018637432673,14.605961843755567
2017-02-02,2.1275161594612437,-10.083767713951984,13.793779414647208
2017-02-03,2.364724397543548,-10.091056383424513,14.880394564597193
2017-02-04,2.4766711629892924,-10.406963581956983,15.129067035868829
2017-02-05,2.579832659629721,-10.760582015191122,15.159810535463464
2017-02-06,2.723980518369227,-10.823518394235633,14.712435725364168
2017-02-07,2.4930124491726247,-11.253224709208942,15.24411677968512
2017-02-08,2.2956234165266163,-10.038430058220886,14.738301733373381
2017-02-09,2.2169496578084056,-9.981809937509272,14.209372039747839
2017-02-10,2.360855570531787,-9.29393337306445,14.823548405512248
2017-02-11,2.3790480040560733,-9.959741568051927,14.512088003877881
2017-02-12,2.3905402572780967,-9.370408556375247,13.655636683035985
2017-02-13,2.447548733095092,-9.342880746271215,14.97857840904511
2017-02-14,2.1362612642829193,-10.702366066093864,14.722175200832739
2017-02-15,1.8674505484025494,-11.243792511722214,13.931398079891146
2017-02-16,1.7280665716035095,-11.661645017603632,14.307843389721752
2017-02-17,1.8234794312793707,-11.389152005986515,14.73218121927475
2017-02-18,1.8065582618451952,-10.938817062096565,14.13484852258189
2017-02-19,1.7971094859355263,-9.79812216966193,14.091574699060336
2017-02-20,1.8477579892263543,-10.608443840186462,14.752707023628433
2017-02-21,1.544710590002452,-10.80861939991711,14.518397182157278
2017-02-22,1.2983752974154945,-11.616495102296097,13.163980510510347
2017-02-23,1.1949699939484963,-10.92036389019438,13.702534069579894
2017-02-24,1.338791415076456,-10.187703213821518,14.218112669480968
2017-02-25,1.3813293172420074,-12.102001448202191,13.065724031060137
2017-02-26,1.4407479915140446,-11.59721946371352,13.86735806883018
2017-02-27,1.567817435912155,-11.36158869442872,13.120736871768836
2017-02-28,1.3467320897445667,-11.404250699804306,13.025327400806212
2017-03-01,1.1857890165415021,-11.54217579830673,14.355261942547836
2017-03-02,1.1690574708361456,-11.351305400546392,13.586366039137314
2017-03-03,1.398708977905938,-10.740887328032068,13.951645866408201
2017-03-04,1.5241910804815677,-11.65205641110158,14.66127539032168
2017-03-05,1.6617652293191618,-10.425565152472517,15.811025803344247
2017-03-06,1.860489554883625,-9.598569972069598,15.10584856363491
2017-03-07,1.7030829973794424,-11.907625488301232,13.888699958692296
2017-03-08,1.596641445451331,-11.58126419483133,13.9440263034584
2017-03-09,1.6243368070644282,-11.797962945361832,14.756246383035142
2017-03-10,1.8877673823293657,-10.875019652755453,14.162236205444186
2017-03-11,2.0361422057799285,-10.298838276990713,14.358466801953478
2017-03-12,2.1858196337242433,-10.239955897269766,14.52594369612916
2017-03-13,2.3862810018823644,-9.154792601054487,14.896395996809446
2017-03-14,2.220976203296286,-10.254513968069297,14.32294104552744
2017-03-15,2.0980124815747567,-10.359224835896958,14.277447985518963
2017-03-16,2.101818259100865,-11.999009420001297,14.53986811798332
2017-03-17,2.3354514894922986,-9.161123953894702,14.781664870494495
2017-03-18,2.4497365104664723,-10.089704045068913,15.191822500982875
2017-03-19,2.5627511307593993,-9.970412551915352,15.33748752163773
2017-03-20,2.725746339843105,-9.692716339614725,14.686481409877452
2017-03-21,2.523937112694897,-10.329230112645998,14.027360364671287
2017-03-22,2.3671372374395965,-9.488860985222482,14.916624499312839
2017-03-23,2.3413715804141133,-10.360490796369998,14.654185828976624
2017-03-24,2.5511367881223155,-11.599929462251758,14.10957801289858
2017-03-25,2.6484957834675606,-9.904837870303059,14.929867819390232
2017-03-26,2.752529002072131,-10.221444814759959,14.405520740433106
2017-03-27,2.9152257656432967,-9.807479239610068,15.780572614567141
2017-03-28,2.722255040182146,-9.489119902484623,15.223120726589947
2017-03-29,2.5835890281684692,-10.311276704348657,14.738783587576872
2017-03-30,2.585113262419928,-9.60146045539381,16.119660626561824
2017-03-31,2.830894180177828,-9.685038101922899,14.82185772737855
2017-04-01,2.9722892422217853,-10.128318781853581,16.361639342685596
2017-04-02,3.1274219889368844,-9.144774667983102,15.552917381180889
2017-04-03,3.347104633403618,-10.015003311484758,16.628965592130736
2017-04-04,3.2156464247165704,-9.63515308008328,15.163199852863587
2017-04-05,3.141520030258954,-9.53326943574684,15.480796516403101
2017-04-06,3.2090182555793407,-10.659834919023439,15.587892978217589
2017-04-07,3.5205706243190154,-8.148953440416209,16.669196308267964
2017-04-08,3.7259033643851778,-7.920395072491509,16.38350632143012
2017-04-09,3.9415636574617126,-8.591199909760855,16.811828322886242
2017-04-10,4.21688924748482,-8.149206938266053,17.337446383829274
2017-04-11,4.13486021270106,-9.147972726705865,16.811793929199332
2017-04-12,4.102803840321456,-8.455200693045608,17.649259383407184
2017-04-13,4.204083770919149,-8.581242175842508,16.541640401770877
2017-04-14,4.540441976060738,-8.340224832801438,17.899310847964234
2017-04-15,4.761176377397099,-8.717733710803756,17.58165359548751
2017-04-16,4.982674469031784,-7.1026534671484365,18.018819392286375
2017-04-17,5.254383800376869,-6.392819745241444,17.78241292002944
2017-04-18,5.159656149064022,-7.640290078093453,17.842740693700073
2017-04-19,5.106436609576411,-7.680397131810504,17.43828657798956
2017-04-20,5.17892930362469,-7.68907185449346,16.88135611907418
2017-04-21,5.479909049652179,-6.4536277230613734,18.09507496863385
2017-04-22,5.659862784320602,-6.998836739559804,18.473394932746267
2017-04-23,5.836482262555571,-7.178743659067079,18.572288934270382
2017-04-24,6.06059020208113,-5.792827932033493,18.8640268510242
2017-04-25,5.91693811434626,-7.489966963587185,18.950217117376095
2017-04-26,5.81484851992084,-7.157425292888755,18.003188955939496
2017-04-27,5.83983474149618,-6.878825173747831,18.1482317046837
2017-04-28,6.095869068029652,-6.770228635788076,18.64594266281174
2017-04-29,6.234484463260909,-6.77458859314388,19.185760239607976
2017-04-30,6.374232607324123,-7.255052041435591,18.32027589678878
2017-05-01,6.566581542487926,-5.163289057310268,18.77733548698318
2017-05-02,6.396692078880827,-4.74932622457558,19.762546270083647
2017-05-03,6.27404635284308,-7.490024965227828,17.80979258189376
2017-05-04,6.284062184633362,-5.85823243261475,19.337430465864255
2017-05-05,6.530364227359549,-4.769068461395814,19.41461755777897
2017-05-06,6.663897016951656,-6.176408675461958,19.590680636757284
2017-05-07,6.802402388166419,-5.395053829694309,20.583273452165407
2017-05-08,6.99634395300505,-5.818661897920164,19.911227832617946
2017-05-09,6.829716988829823,-5.36666306711067,19.55010662498932
2017-05-10,6.710716110526347,-5.349888093351827,19.848308798976163
2017-05-11,6.72339317595553,-5.277449948051904,19.661367945670918
2017-05-12,6.969975076033625,-6.198896529009591,19.412903400724517
2017-05-13,7.100025076158174,-4.930067743125097,20.195836916541786
2017-05-14,7.229968672037526,-5.658881332959415,20.220253497216156
2017-05-15,7.40906514113434,-4.476612990501934,19.441836499237645
2017-05-16,7.220261654775244,-5.268335326375839,19.89440576998214
2017-05-17,7.070900921194553,-6.120257109889698,19.50572971838513
2017-05-18,7.044413525906874,-5.4724419248243,19.93978441000266
2017-05-19,7.2426634986163725,-5.0952831838369415,19.046317786513118
2017-05-20,7.315129846731,-5.897015138273391,19.708562392426032
2017-05-21,7.3784443163691344,-5.694342193922411,20.243612264914688
2017-05-22,7.4823661066815585,-5.062501460552895,19.40435927310971
2017-05-23,7.210630208901459,-6.131011057956494,18.39169013216068
2017-05-24,6.971640415614626,-5.437248086717403,19.664286242950293
2017-05-25,6.850138509818454,-5.624662095973074,18.982370560736683
2017-05-26,6.949518765123864,-5.532871023824329,20.295167513831004
2017-05-27,6.920971341475738,-4.895343980121529,19.976382631134243
2017-05-28,6.88297589968694,-6.094818766256062,19.59824068373068
2017-05-29,6.887227410373942,-5.355909702682943,19.77817829169336
2017-05-30,6.51943222936667,-5.210159128003549,19.43403327149903
2017-05-31,6.189946995611441,-6.407385694106709,18.762917338125256
2017-06-01,5.985393436952581,-6.106680648459356,18.357734356136426
2017-06-02,6.010919809705884,-7.259653275004922,18.103899671132595
2017-06-03,5.919294122267147,-6.728823299022883,18.90448008418896
2017-06-04,5.83035195666499,-6.922296054400604,18.00087419140022
2017-06-05,5.796882234356433,-6.91902864218864,18.061662518346044
2017-06-06,5.405390208009633,-7.20972185451011,18.153415046497496
2017-06-07,5.066711247405438,-8.106453953182045,17.221284939813447
2017-06-08,4.867609288636113,-7.816588333987514,17.310324435180153
2017-06-09,4.913031203842279,-7.42502075579567,18.311461103390194
2017-06-10,4.855202504007618,-7.309910780106781,16.820476715426356
2017-06-11,4.813087173066077,-7.023618313352159,17.116068071090766
2017-06-12,4.838294685582335,-8.363480156729196,15.96326682324644
2017-06-13,4.515872924963992,-7.7391064335426885,18.085254401447173
2017-06-14,4.254959750534259,-8.278009344065401,16.18016114055895
2017-06-15,4.1404260311305885,-8.609317928364986,17.0047990201475
2017-06-16,4.275180149483324,-7.137839061683875,16.937101983581968
2017-06-17,4.309317971657314,-8.31361760688774,16.769690598341057
2017-06-18,4.3596395375759425,-7.3280970589263426,17.16130988170269
2017-06-19,4.4756139036153,-7.127156452990127,16.711880490469703
2017-06-20,4.240229201355855,-8.217375849335458,16.85212040038938
2017-06-21,4.06069902479323,-8.180861602307893,16.340916039462005
2017-06-22,4.020156392561278,-8.443150141319407,16.258264170218464
2017-06-23,4.2200038294384115,-8.406576711067066,17.737380406128672
2017-06-24,4.309102255642059,-8.04695873254354,17.304253515296544
2017-06-25,4.403318826916954,-8.046655112078675,17.288799160039957
2017-06-26,4.55151426906864,-8.59139521155595,17.9283946301171
2017-06-27,4.33640613578139,-8.608377015553476,16.309338073368878
2017-06-28,4.165278737696753,-8.702373632696016,16.939565118948604
2017-06-29,4.121670906982189,-8.726063548195059,17.102323030174553
2017-06-30,4.307710343861471,-8.56182816001588,15.882445615031363
2017-07-01,4.373277714714422,-8.23788809822236,17.49792507905183
2017-07-02,4.435521390622911,-7.676318381718038,17.999403968436372
2017-07-03,4.544804358935723,-8.218076969808452,16.907119140263184
2017-07-04,4.285520939483835,-8.761196353780827,16.60128402418433
2017-07-05,4.066755434785009,-7.26806524473565,16.686804745209628
2017-07-06,3.9739153975540926,-9.185401577473257,16.865735861456475
2017-07-07,4.111009874038781,-8.416180087729193,16.36763637246998
2017-07-08,4.129757450060106,-9.031840637293321,17.33412615360202
2017-07-09,4.149046642136588,-8.335524106860113,17.024298483939756
2017-07-10,4.220831767006468,-8.63525969559941,16.201127164792222
2017-07-11,3.930903421661333,-9.389430789618084,16.10075639344291
2017-07-12,3.6895070589559777,-8.758319363106741,16.938359045153284
2017-07-13,3.5829435127726343,-7.915633780769054,16.529022013120798
2017-07-14,3.71582278202587,-9.123209206727987,16.049338527015706
2017-07-15,3.740156602927768,-8.915248500471053,16.55728020829284
2017-07-16,3.77775077302429,-10.132582013347104,16.121167783826277
2017-07-17,3.8772905725305273,-8.157791206779617,16.60642974933676
2017-07-18,3.623938157217319,-8.7879048666275,16.764723932425824
2017-07-19,3.427035111520347,-8.838327343427,15.473934007881795
2017-07-20,3.371733265654033,-8.688315861436175,15.93419257553472
2017-07-21,3.561286159018327,-9.468462942228062,16.201710578750703
2017-07-22,3.6461855179547253,-9.305289901784692,17.650456484646128
2017-07-23,3.74366437464419,-8.569052181565601,15.464854065169687
2017-07-24,3.9036486153467322,-8.20875756530182,17.41043424717289
2017-07-25,3.7095943556260833,-8.776376049228572,15.976875815490137
2017-07-26,3.569182555551227,-8.861446214061003,15.599618812658669
2017-07-27,3.566002381182614,-8.263876631074268,15.638822989411766
2017-07-28,3.801892068668284,-9.69465566085735,16.0294649657417
2017-07-29,3.9261201386718243,-8.27531283860196,16.27818652478535
2017-07-30,4.054927207049615,-8.605808733397742,17.351942530035917
2017-07-31,4.237508980408432,-7.708051557385267,16.540026706762568
2017-08-01,4.056876852588838,-7.859999393723654,17.54331153840279
2017-08-02,3.9205667815958716,-8.613936160528544,16.39887107182389
2017-08-03,3.912327490832615,-8.865662039227521,16.62065591260914
2017-08-04,4.134456574320273,-8.142501520139493,17.532591157256736
2017-08-05,4.236967469167114,-9.61134781051815,17.00207521747026
2017-08-06,4.337107946473029,-8.662031382266148,16.563838733373615
2017-08-07,4.485311393298255,-7.375657817438995,16.962456980164898
2017-08-08,4.26601824496875,-8.062239875894498,17.137998684133667
2017-08-09,4.088339422456675,-8.835134106035342,16.300004154435058
2017-08-10,4.037694191564847,-8.155396984126037,16.755303090744214
2017-08-11,4.218092553778865,-8.323024848754832,15.899778025637696
2017-08-12,4.281246774254225,-8.404675596304113,17.171788299904417
2017-08-13,4.3460344035850635,-8.173783940192276,17.115636992096345
2017-08-14,4.464395783748764,-7.889518745051466,17.88263916827575
2017-08-15,4.222105076031714,-7.686843530219077,17.613541413975756
2017-08-16,4.029388254335175,-8.138827205333422,16.26640591295653
2017-08-17,3.972521931135051,-7.779572091942702,16.89487373886326
2017-08-18,4.156084393985674,-8.047811577217127,17.413276356274174
2017-08-19,4.23204450435929,-8.19758968516779,16.890133008931436
2017-08-20,4.319211607183258,-9.022612612108038,16.492920220146104
2017-08-21,4.469129953104483,-7.838537976344055,16.646228192767893
2017-08-22,4.266856885460486,-8.163412138194776,16.987782996716504
2017-08-23,4.121598143432325,-8.444032280750063,17.395076997250122
2017-08-24,4.118333750903161,-8.488778407042577,16.052863749439474
2017-08-25,4.360105174760348,-8.53165348728426,16.04665164190316
2017-08-26,4.497148431967721,-7.155643537597689,16.838036973187624
2017-08-27,4.646395069491468,-9.050272058068956,17.192581261305158
2017-08-28,4.857423077038367,-7.302135722314892,17.954012717041678
2017-08-29,4.713295365365754,-7.9393689635837665,16.56358785900093
2017-08-30,4.62125741139932,-7.679703229750578,17.55518592501969
2017-08-31,4.664425708660221,-8.332802209439203,18.098442768646677
2017-09-01,4.94413584789468,-8.002657040991776,17.782780800759788
2017-09-02,5.109133074659809,-7.242281501986622,18.206305663630832
2017-09-03,5.275125495381434,-8.245388292262039,17.602130018497064
2017-09-04,5.490780370977137,-8.14419796447999,18.027061027437423
2017-09-05,5.338599689947758,-7.476796704492504,17.246951963028245
2017-09-06,5.225645404618947,-7.668390095315434,18.205234694118797
2017-09-07,5.235245012018218,-7.273686272045901,17.342788344466165
2017-09-08,5.469345637628381,-6.5578870068916455,19.08947177309483
2017-09-09,5.57769911423726,-6.726588962416478,18.475381191168793
2017-09-10,5.6773981978038615,-6.469166177761104,19.105415108400322
2017-09-11,5.818844658377645,-7.058339223638071,18.372467890424403
2017-09-12,5.5865860596499655,-6.975329943556935,18.00438665980819
2017-09-13,5.389992540124091,-6.974289629034526,18.37418046472958
2017-09-14,5.314905490338657,-6.761948440817787,17.980385267035448
2017-09-15,5.465927748808995,-6.6264959332374715,18.27999405712108
2017-09-16,5.4955394851799655,-7.6462924709840285,18.410152275624956
2017-09-17,5.523561754923063,-7.128498679203257,18.411305014546556
2017-09-18,5.60305042135261,-5.871674488455613,18.010859149368674
2017-09-19,5.321059277400187,-6.577467488566458,17.741012429903147
2017-09-20,5.089245703831392,-7.603060467920649,17.928429746967396
2017-09-21,4.995452730266131,-7.733453362643626,17.363554706027127
2017-09-22,5.145938986419209,-7.3689738995744625,18.274985912242837
2017-09-23,5.194442417022256,-8.28900559029707,17.14927493371494
2017-09-24,5.26160124166391,-7.986767258611169,17.835405740775442
2017-09-25,5.40081610155587,-7.238204136473213,17.22606722740433
2017-09-26,5.198993185522074,-7.130112070157949,18.0500720733085
2017-09-27,5.067142317626567,-7.11873854539106,17.669993580511896
2017-09-28,5.091964185356615,-7.436809801550286,17.732078080719976
2017-09-29,5.3780981654267865,-7.42902439792297,18.662672998944803
2017-09-30,5.577216247197548,-7.309424733420237,18.421182846448406
2017-10-01,5.807485827771402,-6.570925605167118,18.686138751043543
2017-10-02,6.1194842986142,-5.843194334133607,18.27962925005626
2017-10-03,6.097003906352061,-5.713154225611264,18.829371638714797
2017-10-04,6.147719308558069,-6.753325446744319,18.986876898539336
2017-10-05,6.354850232474108,-6.36515720141177,18.835881102875856
2017-10-06,6.819488761661613,-5.654536211330436,19.079459672987483
2017-10-07,7.18977471034361,-5.637771855215703,20.43611615150595
2017-10-08,7.580439766740809,-5.337792760739199,19.324133312811387
2017-10-09,8.038801237166695,-5.199896589960949,20.682740204293818
2017-10-10,8.145641847039034,-4.515830234146873,20.348656493430266
2017-10-11,8.305946109729732,-4.185675835116606,20.55967378311784
2017-10-12,8.6006239296429,-4.030517885207849,21.039433602930053
2017-10-13,9.128889438137719,-3.11973275441509,22.208058117233435
2017-10-14,9.537477251560937,-3.400361734744916,23.290298423587945
2017-10-15,9.940215851531455,-2.824311702897441,22.483066255163394
2017-10-16,10.38403825270509,-2.122516726264073,22.734776706385
2017-10-17,10.449866078631276,-2.684105719515375,22.94086864444891
2017-10-18,10.543337559211793,-2.8820622278374604,23.292629381803525
2017-10-19,10.746510454491425,-2.1327365677825543,22.9851230481135
2017-10-20,11.160208565846121,-1.8634302005562993,22.99012220095594
2017-10-21,11.433194989675417,-0.4939068426211324,24.663621128462026
2017-10-22,11.681693054025708,-0.958911968153591,23.36626728708243
2017-10-23,11.955336581653814,-1.7312484437130533,24.771406757592366
2017-10-24,11.837987273468022,-0.2395397010909449,24.348910295910144
2017-10-25,11.73839154635357,-1.0968006153523162,23.826047584932795
2017-10-26,11.741809745977594,-0.936630911827798,24.898168402748098
2017-10-27,11.952288352864594,-0.3659517042424301,24.46432963643571
2017-10-28,12.021760280844507,0.8660600090081897,25.054497928035367
2017-10-29,12.069496085197862,-0.012160504293529982,25.356491383654625
2017-10-30,12.147989482412864,-1.4907637438847996,24.822898479043282
2017-10-31,11.843716567916317,-1.1661296082801509,24.532479605824587
2017-11-01,11.567742449833613,-0.7335364173450091,24.124666822778448
2017-11-02,11.407309359065035,-0.7552619239325914,23.6959488180203
2017-11-03,11.468077720711461,-0.30186920277224966,23.9613934877795
2017-11-04,11.40320585919381,-1.2454078571515785,24.352100360641128
2017-11-05,11.332791422253692,-1.0189697265988271,23.855770373411666
2017-11-06,11.30975788530904,-1.4903827538823669,23.6368510913785
2017-11-07,10.920625179697161,-1.5665764077760989,23.20079981734216
2017-11-08,10.576137532285337,-1.3293264128195188,23.52016269167458
2017-11-09,10.362881681214827,-2.192874176198842,23.449116685490793
2017-11-10,10.385565822569124,-1.8415362024704431,22.28622987889455
2017-11-11,10.29614363202553,-2.4938467516552683,22.03695577512962
2017-11-12,10.213304962465596,-1.6742354912629545,22.92862150909765
2017-11-13,10.18841498492089,-3.383479599709849,22.336070738349203
2017-11-14,9.806339161254876,-3.618485724461946,22.89112528304231
2017-11-15,9.476125469872988,-2.941340636940628,22.239103907832675
2017-11-16,9.28267542168252,-2.6209004177013533,23.279031562495387
2017-11-17,9.329072680181625,-3.943370082050977,21.959617399678667
2017-11-18,9.265752220259259,-3.7905593957482027,21.54532754282137
2017-11-19,9.210030388960883,-3.2507468996201756,21.236229454242526
2017-11-20,9.212076604355058,-3.7427581194144004,22.667380441461987
2017-11-21,8.8557632842316,-4.538343565916008,20.265457669528068
2017-11-22,8.54936488447005,-4.106448781850652,20.76365333360076
2017-11-23,8.377237310818263,-4.9049850678899025,21.006394235698473
2017-11-24,8.442146516837656,-4.9980705951549815,20.91673997388649
2017-11-25,8.394429489917565,-4.851924663009482,20.330371804947525
2017-11-26,8.351508512264326,-4.894043209733217,20.10601176373894
2017-11-27,8.363840193129645,-3.7114078722254593,21.763920844888535
2017-11-28,8.015736833670726,-5.160397346212639,20.311976443039068
2017-11-29,7.71603215029949,-3.833092069836251,19.771865308665472
2017-11-30,7.549723904302967,-4.342088102945381,20.09241977664768
2017-12-01,7.620263630234158,-4.655035320440567,21.183019653495975
2017-12-02,7.5786780954469215,-4.222993517245716,20.448472746572328
2017-12-03,7.543044812643146,-5.391922376351081,20.63313166567076
2017-12-04,7.564404495075039,-4.572653928073548,20.29080805000163
2017-12-05,7.227549323064381,-5.567478480056693,20.4022753785624
2017-12-06,6.941660227292031,-5.009069693516745,19.55594098251899
2017-12-07,6.791926751156082,-6.019227715686699,18.935316285377812
2017-12-08,6.881820502123896,-4.821444479049718,19.21942873601502
2017-12-09,6.862207418978184,-6.041219198652448,20.5183910204855
2017-12-10,6.850821529846587,-5.71240616669113,18.7261937298828
2017-12-11,6.898183191103591,-5.20994496163803,19.707485718180465
2017-12-12,6.588400520618609,-6.935271275433199,18.994623725889518
2017-12-13,6.329826824958663,-7.290750062386444,18.647629455639372
2017-12-14,6.206706939231019,-6.219541099445613,18.20860028080278
2017-12-15,6.321482628394696,-5.268895017028816,18.872109563375286
2017-12-16,6.323941225624834,-6.613578023003986,19.282681973219812
2017-12-17,6.33072897423777,-5.074013781253734,19.14904343031034
2017-12-18,6.391310736047364,-5.767633258318162,18.986135630265423
2017-12-19,6.088813375562312,-6.522396702400392,18.79773165559877
2017-12-20,5.830724183313402,-6.9365550585038624,18.68300599880262
2017-12-21,5.7005758340605075,-6.5070135102759235,18.50843727792153
2017-12-22,5.800286664698592,-6.25615931879577,18.844999261582128
2017-12-23,5.779339186122468,-7.558723194700901,18.060487129865756
2017-12-24,5.754317177812486,-7.430653223115096,18.71403288914588
2017-12-25,5.774882090388208,-7.042606028124886,17.21518077450566
2017-12-26,5.424625339281039,-6.469000723927728,17.906739461223374
2017-12-27,5.111767362749046,-8.262707009640268,18.08514537027132
2017-12-28,4.920834703832876,-7.14181410237236,17.784650343844056
2017-12-29,4.954983928864996,-8.708262552946895,18.57712004357112
2017-12-30,4.865155590451459,-7.843564870276124,17.23000153166041
2017-12-31,4.7695791371042215,-7.756413324043899,17.69616602487936
2018-01-01,4.719710293760351,-6.952568658204084,17.021673096628525
2018-01-02,4.301038519158753,-8.225776704468958,16.521380064952968
2018-01-03,3.92373663126336,-8.222392376437643,15.883589921364827
2018-01-04,3.674285238587667,-9.18032498451496,15.953466920316956
2018-01-05,3.657742288581247,-8.476643977698567,15.867767433635203
2018-01-06,3.5268425160233248,-10.050867163075196,15.842315485087585
2018-01-07,3.401449298471399,-9.0530706568077,15.899296436581938
2018-01-08,3.334442029996713,-9.474307020610036,15.545462451121296
2018-01-09,2.9124781406275315,-10.355424966753779,15.186843703551007
2018-01-10,2.5466032625948305,-8.509223963894923,14.749520494609719
2018-01-11,2.323843436510203,-9.635145513435262,13.94169515446071
2018-01-12,2.3494507305355494,-10.277127298986276,14.23260144058067
2018-01-13,2.2759878906440236,-10.26423580242542,15.107054956094299
2018-01-14,2.2227751106048146,-10.347286535319988,15.210178977344745
2018-01-15,2.2417823413242606,-10.230947275884212,14.864401095292145
2018-01-16,1.9184062906052204,-11.033033590122782,14.358329943601502
2018-01-17,1.6621053498368425,-11.42571099178735,14.157712331587245
2018-01-18,1.5580257931377925,-10.205701763894691,13.48708730376006
2018-01-19,1.709289804671155,-10.738901398985476,14.048269640979834
2018-01-20,1.7661298866447521,-10.621653475966065,14.033864254395658
2018-01-21,1.8453914514496108,-10.825328972534361,13.870879391854581
2018-01-22,1.996485548209916,-10.922466839520391,14.339172068019197
2018-01-23,1.8022292620669416,-11.830861111113279,13.969805481747667
2018-01-24,1.6695453119469121,-10.570375398295084,13.752165261188873
2018-01-25,1.6811524318203372,-11.741314496069753,14.481223727860813
2018-01-26,1.9379153309986878,-10.195745599460666,13.777642374135233
2018-01-27,2.088037076364788,-10.90174545885531,14.686471294494705
2018-01-28,2.2466140899932507,-9.502356454482655,15.160650059223434
2018-01-29,2.461634248379336,-10.240659501120385,14.233446582933617
2018-01-30,2.3148543458527575,-9.64894190492114,14.753533975737039
2018-01-31,2.2125273975323956,-10.858668806116595,13.955351410293106
2018-02-01,2.2371105725252325,-10.875409292321276,15.200096674184065
2018-02-02,2.4896220381343017,-10.583745036874053,14.738672052045873
2018-02-03,2.6188293382398924,-10.736588420991756,15.460263399848149
2018-02-04,2.7407895816403416,-10.01977898667999,15.318787922508532
2018-02-05,2.9048223094628653,-9.463783099155066,16.450318766342335
2018-02-06,2.6943519774152573,-9.803127748379929,14.198130033810703
2018-02-07,2.517591473239838,-10.387160422952917,15.67357930762829
2018-02-08,2.459198650549648,-10.826073837449526,14.816498730463378
2018-02-09,2.6225755623638833,-10.210345770317746,15.645707029221533
2018-02-10,2.658994592634853,-10.839286015518653,14.882822494373437
2018-02-11,2.687073464814625,-10.662540713672918,15.020061351843367
2018-02-12,2.7586817798159164,-9.548373309033408,15.189683392451869
2018-02-13,2.459717831929847,-10.703124341845042,14.92192168047368
2018-02-14,2.200728914156222,-10.849939314039979,15.268762506598621
2018-02-15,2.068508812836687,-9.908122317474126,14.873183844309532
2018-02-16,2.16834377279027,-10.63595537660078,14.621911664917839
2018-02-17,2.1530925631623004,-10.40086038119718,14.604461501758966
2018-02-18,2.1426238489036753,-11.535498429715116,13.834864299643685
2018-02-19,2.189694505633304,-10.00440628417902,15.011596120431848
2018-02-20,1.8807083442030619,-10.998266019817208,14.419671167172629
2018-02-21,1.626328886794293,-10.142546058356531,13.527785546217489
2018-02-22,1.5130800262289994,-10.649707450818662,13.774650228646331
2018-02-23,1.6456056800618253,-11.504369960363928,14.762933965682278
2018-02-24,1.6757736046554368,-10.519384359441302,14.634024370455053
2018-02-25,1.7221458280408881,-11.459420466893778,13.330154076307016
2018-02-26,1.8358983346707904,-10.576954313236023,14.524935847954726
2018-02-27,1.6016282348859194,-10.467733722015604,14.753060076552025
2018-02-28,1.42802063498487,-11.452636631307037,14.970643228510458
2018-03-01,1.3995074628305737,-11.38339352398289,13.88437575757094
2018-03-02,1.6185876789880007,-10.63127859107684,15.309991428288528
2018-03-03,1.7349923009208421,-11.309693064474994,13.828224325177121
2018-03-04,1.8652149555231508,-11.149023778906786,14.473301701589355
2018-03-05,2.0584888938472994,-9.722706569871448,14.120853694419925
2018-03-06,1.8976470945942747,-10.446282445738582,14.210522965668035
2018-03-07,1.7898362047431897,-10.625791526308753,13.683487193586842
2018-03-08,1.818215285061561,-10.367757412494964,15.220820750345984
2018-03-09,2.0843077197151203,-10.043184156456995,14.150745137863023
2018-03-10,2.2371888928455514,-10.019473919914029,14.843077712995095
2018-03-11,2.39302979119457,-10.00746956223691,14.472224471258233
2018-03-12,2.601077193346206,-11.013526340334742,14.750442687403373
2018-03-13,2.4445070879059387,-9.770321957121977,15.228238619272775
2018-03-14,2.3311223714084055,-11.057915660437484,15.01740203786419
2018-03-15,2.3450263720956097,-9.279196749310588,14.662218946620719
2018-03-16,2.5889413943855293,-11.735909098937679,15.524436490670462
2018-03-17,2.713355953569585,-10.820435227291544,14.968282298145008
2018-03-18,2.8360221247090216,-9.915312985935957,15.776882660193483
2018-03-19,3.0078850909605777,-8.500721966265244,16.017209616719406
2018-03-20,2.813883075088201,-10.13956111920074,15.625389629547186
2018-03-21,2.663590317055281,-9.540130526733723,14.790908064741375
2018-03-22,2.6428362784864503,-9.701713156765397,14.835134726509686
2018-03-23,2.8559718777120575,-9.427439839913866,15.597262104996016
2018-03-24,2.9549679605505794,-9.832309333441914,14.724715587672364
2018-03-25,3.0588688482205364,-9.717086341548193,15.212478962228538
2018-03-26,3.2196843055289506,-8.962426529262968,15.571455214801002
2018-03-27,3.0231591752515596,-8.319554134868783,16.74239246006208
2018-03-28,2.879394177607505,-10.020293405247514,15.753795013469812
2018-03-29,2.874451642120818,-9.45378724596746,16.03134921408861
2018-03-30,3.1126172966294896,-8.177762155936923,15.811027500257751
2018-03-31,3.2455033663007806,-9.303820520847298,15.840676356841934
2018-04-01,3.3915155987033048,-8.750822700782873,16.263132464713188
2018-04-02,3.601767068130682,-9.745363571731499,15.888193061970057
2018-04-03,3.4608772668200545,-9.512533036233147,16.560267212842266
2018-04-04,3.37762901906993,-9.639702800525813,15.37907545305272
2018-04-05,3.4366158282919326,-9.144864402740138,16.308164397288916
2018-04-06,3.7405494661288934,-8.901093574339491,16.708899884387534
2018-04-07,3.9394116230660363,-8.588952737637387,16.942036967884324
2018-04-08,4.149970729311347,-8.624212485444339,16.79355835816971
2018-04-09,4.421745263985745,-7.532678166643147,16.81407998989117
2018-04-10,4.337850543898561,-8.786753590905192,16.712077551162814
2018-04-11,4.305700076192746,-8.018210995381395,16.439007301691415
2018-04-12,4.408692741635777,-8.662103445062215,16.357640630100526
2018-04-13,4.748554423176533,-7.210057032416395,17.204638442155986
2018-04-14,4.974516889207432,-7.46074953639782,16.558688345215973
2018-04-15,5.202854244777882,-6.795172656565373,17.427550304938755
2018-04-16,5.482857711208204,-7.571810064206715,18.322904502258815
2018-04-17,5.39768542184847,-7.667158320811651,18.141070814352023
2018-04-18,5.355058277207249,-7.512043781462089,18.533482741013312
2018-04-19,5.438933348034273,-7.718746634042811,18.711855110045217
2018-04-20,5.751823918123074,-6.661410033497198,17.942653302130314
2018-04-21,5.943949693413951,-7.156234313552685,19.101937862450434
2018-04-22,6.13273842523645,-5.864513126159429,18.56533294542348
2018-04-23,6.368760831050955,-6.237618528260563,19.01461631965815
2018-04-24,6.236536776797271,-5.917089823785936,18.74140231969274
2018-04-25,6.145185154503466,-6.155086293894263,19.870082902428067
2018-04-26,6.180050405314168,-5.408648561915222,19.408385328255
2018-04-27,6.444976267454644,-6.414279638905364,19.63882425015689
2018-04-28,6.591411743849637,-6.349952656630272,18.728551739387825
2018-04-29,6.737871940659995,-5.943230762157556,19.428471968958323
2018-04-30,6.935836955592613,-4.548928472591771,19.124927609953087
2018-05-01,6.770527927869569,-6.741702019893177,19.564680669021005
2018-05-02,6.651533648121763,-5.720433289965152,18.936890782224538
2018-05-03,6.664421430103045,-5.291818294326372,19.885146318812104
2018-05-04,6.913003339177411,-5.833643498330856,20.121636900067962
2018-05-05,7.0484430353957155,-5.17734006514667,19.793793648000467
2018-05-06,7.188725884597266,-6.070363393029508,19.981841610282927
2018-05-07,7.384575257186855,-4.723080560582726,20.030448158994428
2018-05-08,7.220253613231824,-3.9477668213244037,20.19657219149923
2018-05-09,7.104221020075898,-6.067546299657104,19.84701719590701
2018-05-10,7.120783835842867,-5.311510444011143,20.38081224502416
2018-05-11,7.372403497939661,-5.107615148301262,19.681142679782784
2018-05-12,7.508849365941729,-5.488184722959357,20.911106644746827
2018-05-13,7.646716850848991,-4.306911621655809,20.676494821213755
2018-05-14,7.835392258911583,-5.108999375551187,20.74278389222293
2018-05-15,7.657901432489208,-4.259954937059087,20.77868815222116
2018-05-16,7.521613339355184,-5.319126845346239,20.320664830592463
2018-05-17,7.509929916069598,-5.1890166071696395,20.747694854529374
2018-05-18,7.724630787504315,-4.283848246846445,20.56264064905647
2018-05-19,7.815055646136204,-5.119351792770769,20.67105128963229
2018-05-20,7.897644544606826,-4.5674801451278295,20.756154743191722
2018-05-21,8.021916769099485,-4.4635673564591585,21.427351054412927
2018-05-22,7.771324857215804,-4.915655722569351,20.44250495023914
2018-05-23,7.553954651697189,-5.093511167636266,20.16695760670199
2018-05-24,7.454202703408169,-5.1323953909698075,21.407427870318735
2018-05-25,7.575099922371437,-4.946115366431069,19.483113273682328
2018-05-26,7.5674647991453705,-4.872497747432496,20.55525519476208
2018-05-27,7.549407235803645,-5.175531898583897,20.58954408670825
2018-05-28,7.572264664587155,-5.479488138993922,20.390664057196858
2018-05-29,7.221408224025261,-4.969471828048497,19.545871598603743
2018-05-30,6.906891250528731,-6.381715829060187,18.72209814914158
2018-05-31,6.715072885963774,-5.402651719575907,19.043932440544236
2018-06-01,6.750887263828778,-4.721519155891605,18.89586397624143
2018-06-02,6.6669431906030185,-6.030327195781521,18.50514278494332
2018-06-03,6.58297693902706,-5.774661571065098,17.95980624885115
2018-06-04,6.5517413450616875,-5.9475253919446684,20.25049735829497
2018-06-05,6.159770383051166,-5.978051064784383,19.427509338574964
2018-06-06,5.817992730634615,-7.016872779528534,18.513924364393972
2018-06-07,5.613328188546128,-6.476638823371648,17.95566959493615
2018-06-08,5.650938261332633,-7.1008227445249945,17.57673454623774
2018-06-09,5.583316411876397,-6.402239972963992,18.151882015793415
2018-06-10,5.529740937136976,-6.514198576482228,19.259264155105175
2018-06-11,5.542173711084858,-7.709542240508865,19.29675544244753
2018-06-12,5.206043744499393,-7.661244867528036,17.12842478280288
2018-06-13,4.9308885749091935,-7.64748742940863,16.715062982620676
2018-06-14,4.801986593869092,-8.115789169410302,17.69402006636909
2018-06-15,4.9226506214508845,-8.528639679390652,17.563169359707263
2018-06-16,4.94336703501663,-6.734898585732479,17.4227157197161
2018-06-17,4.981302019094878,-6.995193476450788,16.661237691685642
2018-06-18,5.086256666990498,-7.2506520509370045,18.122547862412983
2018-06-19,4.841508277919348,-7.836245238731574,16.64418995855439
2018-06-20,4.654509213445459,-7.393001557382913,17.498733431927757
2018-06-21,4.608574775640989,-7.380288946464926,17.803150043680922
2018-06-22,4.805228825047013,-8.391311448701813,18.198486571458606
2018-06-23,4.893389953593827,-8.208994437316438,17.490548646512362
2018-06-24,4.98891843113412,-8.390841701533228,17.399597889407133
2018-06-25,5.14060449169576,-8.58539062335558,17.156727298080593
2018-06-26,4.931034356744213,-7.616365593780135,17.267774212661458
2018-06-27,4.767304658895744,-7.387308537953521,16.753190790922414
2018-06-28,4.73271629508736,-8.304792310660131,17.088649376746275
2018-06-29,4.929116273885813,-7.989840782507079,17.397416485670593
2018-06-30,5.006070503381979,-6.567050115369607,18.276144736289567
2018-07-01,5.080388150679795,-7.519400837418285,17.02548152118915
2018-07-02,5.2020788205365145,-7.318035884846159,16.808849530243645
2018-07-03,4.955179881045504,-7.380838381704787,18.011632451915123
2018-07-04,4.748425752218003,-8.63150569558994,16.686999526635518
2018-07-05,4.6668915268224795,-8.436970296899444,17.935282048787624
2018-07-06,4.814280976886747,-7.613602856140531,18.01547696145324
2018-07-07,4.842043485495563,-7.118619822075397,18.27057255156763
2018-07-08,4.868842185430165,-7.972242527789008,17.306404143613808
2018-07-09,4.946456211271029,-7.1770353201062465,17.907635115419378
2018-07-10,4.660556011316908,-7.67442080236081,16.79137634466472
2018-07-11,4.421325065038409,-8.074551983961674,17.010844804733463
2018-07-12,4.3150617713075485,-9.270662407110484,16.692938337359777
2018-07-13,4.446432781233449,-8.066987612931056,16.66517315665446
2018-07-14,4.467563323891071,-8.350414486332596,16.543224371299495
2018-07-15,4.497487573376329,-8.509479369681959,16.58002518592192
2018-07-16,4.588042465973125,-9.083326249862624,17.405534921682474
2018-07-17,4.324644136239203,-7.843340378010786,17.306269783834967
2018-07-18,4.116920253722132,-9.252728948314438,16.927241352307373
2018-07-19,4.0503316768505595,-7.4676688941181535,16.36228286885927
2018-07-20,4.228454074755863,-8.713413574490987,16.452436512977282
2018-07-21,4.302104186282151,-7.83049959200036,16.818451130135113
2018-07-22,4.38883265579536,-8.463302807235427,17.20940163287724
2018-07-23,4.538865548957692,-8.88465486044925,16.91196089961417
2018-07-24,4.335932253825589,-7.591840477011535,16.863750193615232
2018-07-25,4.187951471433481,-7.858581927971023,17.322970049962876
2018-07-26,4.178707067986185,-8.654987341311422,17.068623148364285
2018-07-27,4.410182777425701,-8.138242064012742,16.24502840821591
2018-07-28,4.531738794040669,-7.550635789504247,16.36669534042453
2018-07-29,4.659650646609231,-8.653764173267076,17.39026684480826
2018-07-30,4.843091037388694,-7.626890232469911,18.030881318523686
2018-07-31,4.664991102753992,-8.966513471571583,17.590470309204623
2018-08-01,4.532751760462682,-8.29014092232804,17.109392309084722
2018-08-02,4.529936117714352,-7.999880298223216,17.408396636423788
2018-08-03,4.758611396862353,-7.53318135414057,17.346730803256058
2018-08-04,4.868523169409523,-7.32254739652948,17.312512936026103
2018-08-05,4.976622332163715,-7.512049596375366,16.841255144391734
2018-08-06,5.1330258423994355,-7.365455968426116,17.870872406460446
2018-08-07,4.921848284659287,-7.7111590061609565,17.76900653425794
2018-08-08,4.751875814826403,-6.7659579751559935,17.07908548409376
2018-08-09,4.708214575856183,-7.568339561614344,17.43528745425546
2018-08-10,4.894583369003653,-7.7112714932155075,17.434470525790065
2018-08-11,4.962434866144013,-7.443457420947059,17.564407756252645
2018-08-12,5.030427415699272,-7.6664980084257595,17.101490733161445
2018-08-13,5.150330153385818,-6.887254627235504,18.314346017581016
2018-08-14,4.905737749806635,-7.219032040615249,17.54098116080605
2018-08-15,4.7088803343352685,-7.490397128717592,17.211369558384156
2018-08-16,4.646037704125174,-7.966781835818858,17.932362255783545
2018-08-17,4.821853692806927,-7.3967222659733105,17.29143575019155
2018-08-18,4.888424001378324,-6.87339596398391,16.363033903614703
2018-08-19,4.964743109014771,-7.226583397101117,17.105703516200943
2018-08-20,5.102593833090281,-6.542089503018677,17.86187511658713
2018-08-21,4.887318914164884,-8.193613365099573,17.365848122789153
2018-08-22,4.728448154443478,-7.134750851679981,17.322443727035797
2018-08-23,4.711314804748587,-7.724106274903684,17.898414671308476
2018-08-24,4.939332151472611,-7.354249593616615,17.195832836897956
2018-08-25,5.063115285226781,-8.561068455401726,17.39402770634018
2018-08-26,5.1999703037363485,-7.505623522736695,17.796881888541822
2018-08-27,5.3998333540539765,-5.875208777073433,18.133898482828275
2018-08-28,5.246097498628943,-7.814432982417033,17.37920610331494
2018-08-29,5.146299354683477,-7.758940406623112,17.60713786188615
2018-08-30,5.1837974798926645,-7.527489532994139,17.12386333178365
2018-08-31,5.4601116400998375,-7.937205424741052,18.12676497493588
2018-09-01,5.624106083863235,-6.04530052803928,17.313620369540597
2018-09-02,5.791537232152063,-6.511530048402798,17.629661750056496
2018-09-03,6.011046410740137,-6.667158977376146,19.477233812990345
2018-09-04,5.865033951370979,-6.144454019522777,17.82372827365122
2018-09-05,5.760385120995474,-6.980692947747125,18.808308480033276
2018-09-06,5.780178574959111,-7.783306972521743,16.874971299080155
2018-09-07,6.026045444611257,-5.579430342237893,19.25629120516501
2018-09-08,6.1473614425272665,-5.899066018002272,18.80437265669791
2018-09-09,6.260791959536047,-6.453062861498449,18.21042451075149
2018-09-10,6.416270669563213,-6.662779518145813,19.440846094451647
2018-09-11,6.197848185360964,-6.696551421528006,18.730648236020457
2018-09-12,6.01438176646497,-7.089022178164812,18.415529082489083
2018-09-13,5.951197629565346,-7.24639812563922,18.448502856199966
2018-09-14,6.112395116524997,-6.6314073286244195,18.556266972984183
2018-09-15,6.149976508208319,-5.915561891758235,18.738123694238055
2018-09-16,6.18332408571681,-6.515733633724633,19.324061287054093
2018-09-17,6.265106760492815,-7.0627050276816075,18.23887976584051
2018-09-18,5.982054750244052,-7.484858686002196,18.25509779280825
2018-09-19,5.745575310843373,-7.641218782134734,19.376451219141448
2018-09-20,5.643343102185075,-6.621207750586347,17.51193439831527
2018-09-21,5.781536433381381,-6.70549525014496,18.049837047605617
2018-09-22,5.813905072066859,-5.584844655945733,18.633612061649764
2018-09-23,5.86119296905055,-8.2766720213592,17.51625004457018
2018-09-24,5.9769997729213,-7.025189979744934,18.575074676321528
2018-09-25,5.748520924113997,-6.593300770806231,19.034773490977255
2018-09-26,5.587140372949949,-6.829287225047665,18.067369271837933
2018-09-27,5.580010226052305,-7.8193460839345414,17.84939575186958
2018-09-28,5.832288963638486,-7.019215012498402,18.4922709135616
2018-09-29,5.996223968239065,-6.113241264519899,17.21914225099434
2018-09-30,6.1906014278700425,-5.805041224461788,18.74675777670704
2018-10-01,6.466646863133895,-6.3295565268831835,18.60376741384054
2018-10-02,6.408815122091837,-5.143069485024729,19.300087484595647
2018-10-03,6.425442646606789,-6.464461343059707,18.989562993315136
2018-10-04,6.6003948122177745,-5.3573293057334865,18.93068650958432
2018-10-05,7.03537826108648,-4.58763216261182,19.667426153937406
2018-10-06,7.379102071968333,-4.504275830434433,20.0421110448248
2018-10-07,7.746808811905854,-5.190570945491034,20.42719589296357
2018-10-08,8.186256634163716,-3.7108176286338637,20.398956579490143
2018-10-09,8.278589171608528,-4.285123240672763,21.721834191383955
2018-10-10,8.429063982113902,-3.848383239630079,21.553994400351908
2018-10-11,8.718770403962367,-3.7189120871202523,20.364115655901937
2018-10-12,9.247004952588693,-3.360821923008394,23.018472821049578
2018-10-13,9.660486518320088,-2.6678565874453857,22.225108830516863
2018-10-14,10.072931071944325,-2.705079343521708,23.776212265249793
2018-10-15,10.531065986402346,-2.6377007978635123,23.474936376406063
2018-10-16,10.615519976743652,-1.8588166879811472,23.233497544363384
2018-10-17,10.731558995574714,-1.9589872141488085,23.99580718891036
2018-10-18,10.96079885990371,-1.0642017346526418,24.63043614914613
2018-10-19,11.403562995832353,-1.6563006401704328,24.6825999712394
2018-10-20,11.708068143800507,-0.48814691162770535,24.117170448845865
2018-10-21,11.989958623579353,-0.8874468902285103,24.599867952481024
2018-10-22,12.298270442169978,-0.5423938237100465,25.142266386042802
2018-10-23,12.216262669260203,-0.1093932091087392,25.827094872281183
2018-10-24,12.152088046411578,-0.8523283842769696,25.40052441631721
2018-10-25,12.190435394277074,-1.381708454373029,24.939829966476655
2018-10-26,12.434814101332787,0.375432204906983,24.864491011028328
2018-10-27,12.536665488846522,-0.24133737936838884,24.889674795543193
2018-10-28,12.614823603679463,-0.4956768420698472,25.132729707444245
2018-10-29,12.721408620680524,0.29632586419458845,25.397782712076605
2018-10-30,12.442592072011859,-0.5699580087485845,25.888003989853228
2018-10-31,12.18920750766163,-0.11372367111782765,24.869622585093747
2018-11-01,12.048340591240036,-0.047168254934864526,25.35828354015778
2018-11-02,12.125570118319573,0.38335168795745606,24.985787421941886
2018-11-03,12.074045689255723,-0.8705888294545682,24.09371728966747
2018-11-04,12.013925236167388,-0.4097421597154449,24.540953930269314
2018-11-05,11.998255930673086,-1.3766492756489963,24.239915015139267
2018-11-06,11.613737726145407,-0.5795824318120918,23.896711403378635
2018-11-07,11.27134287045562,-1.0631849786526664,23.790083846782043
2018-11-08,11.057924832861232,-1.3253662590587734,24.09373242874376
2018-11-09,11.078487300429448,-2.1840266650669196,23.65569959113055
2018-11-10,10.98529790117656,-1.8327618060286288,22.89237533329152
2018-11-11,10.89736857107909,-1.7539688413437466,23.8574102668389
2018-11-12,10.86638464211952,-1.391885568337249,23.62393584671619
2018-11-13,10.477520334017635,-2.3890130895293105,23.23683976833323
2018-11-14,10.140112341091003,-2.448677591578861,23.232980327994365
2018-11-15,9.939323289749147,-2.428332853146776,22.854286122931825
2018-11-16,9.978464080245118,-2.8809023562991194,21.865812526577464
2018-11-17,9.908158202935631,-2.7309783235558687,21.89308378699176
2018-11-18,9.84586849989651,-2.518895271692249,22.463473631771095
2018-11-19,9.841867164894778,-3.153301347528041,22.828523570015083
2018-11-20,9.480085578621786,-3.1929132232110597,22.3234191518782
2018-11-21,9.168814813045792,-3.8637916101655554,20.421153089389307
2018-11-22,8.992387973660593,-3.6487214553121894,21.624195502634098
2018-11-23,9.053513052000225,-3.780131546360331,21.23711080292519
2018-11-24,9.002439309530669,-3.0327550932119904,22.72783516210175
2018-11-25,8.956477864772257,-4.632513769450533,20.820288521907862
2018-11-26,8.965957737816662,-4.705023868729023,20.247304942954287
2018-11-27,8.615054652390358,-3.117280726332268,21.092888519291613
2018-11-28,8.31246434949805,-4.20863300079246,20.71528090895857
2018-11-29,8.143052686766165,-4.368610361455362,21.51108227636072
2018-11-30,8.210152449217038,-3.3820439448863224,21.418754554892764
2018-12-01,8.164691252543058,-5.033800322927092,20.790502821843837
2018-12-02,8.124672632838376,-5.091466398235892,20.308048112401664
2018-12-03,8.141093015128959,-4.223047064085754,20.124706498415144
2018-12-04,7.798733268901852,-4.860971223716056,19.351298639668375
2018-12-05,7.506797937486361,-4.584005914411331,20.355687362658298
2018-12-06,7.350535630611994,-5.52558360284765,19.514403193410146
2018-12-07,7.433511564901114,-4.088108065767532,19.65147775721441
2018-12-08,7.406717502727659,-4.773368974768402,20.429605528275253
2018-12-09,7.388041835691495,-5.308723782212515,19.30453748579351
2018-12-10,7.428182919795415,-5.421135483156597,19.618668420505916
2018-12-11,7.111444534702542,-6.026069042522877,19.592070259019753
2018-12-12,6.846386462506505,-6.043509491127873,19.01889878282956
2018-12-13,6.717463331251328,-4.8326199892301,19.017269420035053
2018-12-14,6.827322122160934,-5.13869063002408,19.077675390549164
2018-12-15,6.825942781993644,-5.279864163245136,19.777185634021485
2018-12-16,6.830143680113914,-6.023006721941252,19.054171136644488
2018-12-17,6.8895338448508685,-5.253990898673367,19.614069801938463
2018-12-18,6.587349550190568,-6.259619300047999,18.93910750447511
2018-12-19,6.331146859301126,-6.336830891628336,19.11234248247352
2018-12-20,6.204481837582106,-6.0922695197954155,18.30794830628698
2018-12-21,6.309247403651156,-6.102739002050048,18.7537051389557
2018-12-22,6.294849876711858,-6.4300830974486045,18.95954961910009
2018-12-23,6.27774566896885,-6.531839231952917,17.70181646373672
2018-12-24,6.3074189003644,-6.311859512179112,18.540004892538658
2018-12-25,5.9672365209112535,-6.160413084419626,17.382688526772924
2018-12-26,5.665151765396938,-7.843418069374229,17.513419114147204
2018-12-27,5.4853871021132035,-6.871785280085498,18.696816521334494
2018-12-28,5.530765343121966,-7.303464394621532,18.199047061659154
2018-12-29,5.451871935829816,-6.699604067274873,18.038658158220617
2018-12-30,5.3665691119678804,-6.787812340162876,18.277421161851283
2018-12-31,5.3259431607741705,-7.279569689447313,17.349384226832655
2019-01-01,4.915122150965722,-7.856131653830948,18.45259675090847
2019-01-02,4.543935895608017,-9.18739415756705,16.19854474739162
2019-01-03,4.298550493726604,-8.233159128034611,16.851473277501064
2019-01-04,4.283747457932799,-9.058538423313884,18.129176324341138
2019-01-05,4.1520319203049105,-8.685461640792509,16.527914282925906
2019-01-06,4.02309215278922,-8.209498737814844,16.79670680635536
2019-01-07,3.9496932707967995,-8.570527106264533,15.8074751627236
2019-01-08,3.5184440405442197,-8.910818472121667,15.865314966210669
2019-01-09,3.1404101264767923,-10.160162053869193,15.536481339873827
2019-01-10,2.902707554591343,-9.770008670747462,15.889029082335323
2019-01-11,2.910747698686352,-9.37415402291195,15.88906670178464
2019-01-12,2.8173193953768934,-9.442112629794664,14.782716124646655
2019-01-13,2.742031318773645,-9.983584220472341,14.827883178593217
2019-01-14,2.7371981305966044,-8.764548109754703,14.89258316370642
2019-01-15,2.388609704401133,-10.696031702537773,13.802592941635796
2019-01-16,2.106156855700456,-10.947758291771816,14.787940124790842
2019-01-17,1.9754471611530113,-9.616447076869196,15.518267030743068
2019-01-18,2.1000816960392834,-10.648791793101806,15.325896478660354
2019-01-19,2.130777544268529,-9.391263266835985,15.156123142589093
2019-01-20,2.1848582058593364,-9.581179922480928,14.271643623414006
2019-01-21,2.3121941843295093,-10.3972600213489,14.097773193771665
2019-01-22,2.0960316256927722,-10.785334771670318,15.458698064717476
2019-01-23,1.943680859898902,-10.1216859231517,13.913977321714615
2019-01-24,1.9381967371572322,-11.116847700922655,14.473427778972118
2019-01-25,2.1807198356680866,-9.74780695637652,14.359788228176082
2019-01-26,2.3196616299905295,-10.564932735580403,14.814894990288238
2019-01-27,2.4702540180957366,-9.78975080754454,14.776990270288067
2019-01-28,2.680543850132794,-10.197134879202556,14.142488740091409
2019-01-29,2.5322688259468893,-9.353043216854331,15.117416321453014
2019-01-30,2.4315852856381834,-10.446960366328023,15.684203308055892
2019-01-31,2.4607786757368144,-9.618209407047118,15.031865470452049
2019-02-01,2.7206249066927137,-10.097866540372573,16.645450006684165
2019-02-02,2.8595851044776555,-10.079971621845209,14.190784575882772
2019-02-03,2.9933538598441247,-9.299488705108173,16.543010589418877
2019-02-04,3.1708416249101727,-9.629373077377926,16.175599587871687
2019-02-05,2.9750279324671163,-9.880116653693282,15.286215195879615
2019-02-06,2.813656564342597,-9.356156407675996,16.213822943721578
2019-02-07,2.7709043306195005,-10.250310654341702,15.842411316669834
2019-02-08,2.9496928073960063,-9.59142627421592,15.847506498977234
2019-02-09,3.000826888887081,-9.10224003577464,15.456163674923472
2019-02-10,3.042481793400624,-9.459539586451776,16.001844772185155
2019-02-11,3.126120848473574,-9.192074532860932,15.684656034832136
2019-02-12,2.8372824984777862,-8.927417406535078,15.26258679800966
2019-02-13,2.5862094712335657,-9.765386103555821,14.174505160528359
2019-02-14,2.4594535667451085,-9.815220069253824,15.989756710497186
2019-02-15,2.5621271572054494,-10.385825886558132,15.846057426846734
2019-02-16,2.546986886538884,-10.775629440936784,14.381874752115744
2019-02-17,2.5338726864163434,-9.92403291272624,14.95543248054377
2019-02-18,2.5755857148527306,-10.957557894333394,15.110636224594474
2019-02-19,2.2586447090792707,-10.220820607535085,14.827114143836932
2019-02-20,1.9938944760342436,-10.994166025875586,13.927558314000008
2019-02-21,1.8681004872026574,-11.311878618464563,13.836339297473884
2019-02-22,1.9862008739844295,-10.145297414530518,15.325170722000484
2019-02-23,2.000401217367047,-10.618220830570845,14.159252884133192
2019-02-24,2.0296348566319704,-10.882256850890492,14.897397543202041
2019-02-25,2.125471645594453,-10.34940912466198,14.912400608452621
2019-02-26,1.872913705511091,-10.725831640065667,14.18392553571105
2019-02-27,1.681050718559689,-11.19914523312518,14.682131057801756
2019-02-28,1.6347073470704094,-9.705936481806352,13.999979542853376
2019-03-01,1.8367525314783077,-10.970888611856115,14.953062780718072
2019-03-02,1.9372544009198083,-11.521359165879975,13.914251390216728
2019-03-03,2.053001792885143,-10.16273746028509,15.06775706065304
2019-03-04,2.233473563621434,-10.854166906922782,14.446038298859328
2019-03-05,2.0616925234694756,-10.75261960227088,15.31980776758878
2019-03-06,1.9449349070958397,-10.709230603341952,14.254370623271225
2019-03-07,1.9664264575413983,-10.834571507791239,14.537348986849135
2019-03-08,2.2276935411294803,-10.299474364210042,14.704591657072875
2019-03-09,2.377751899264612,-11.304626097781346,14.962357720219352
2019-03-10,2.5326531449305234,-11.285608459299334,14.196441440547531
2019-03-11,2.7414695605939805,-9.222851898612998,15.880678151459964
2019-03-12,2.5871536867921514,-9.18944393446432,15.15566034025788
2019-03-13,2.4772435547379965,-9.552377246604152,14.752687489348979
2019-03-14,2.4955448732925594,-9.919743763362424,15.910273079198756
2019-03-15,2.744459098211689,-9.786962223214482,15.973516240028605
2019-03-16,2.8741407631703253,-9.928716746427023,16.235923257645716
2019-03-17,3.002005192099744,-9.105622841241752,15.870216698200801
2019-03-18,3.1786683683101185,-8.978299458746989,15.697890947452862
2019-03-19,2.9887568382346914,-9.021380749594075,15.104185385400275
2019-03-20,2.841560019623513,-9.520252198031471,14.396437981245587
2019-03-21,2.8226578234119186,-9.190335313302109,14.92802422787515
2019-03-22,3.0361941507395684,-8.970086875836904,15.711764441696356
2019-03-23,3.133981264459958,-9.429977899206033,14.89543793356014
2019-03-24,3.234957712946562,-9.309878976101324,15.906564688649562
2019-03-25,3.3910830326739676,-9.34378260080958,16.775377567116468
2019-03-26,3.1881084088219844,-8.993539483104449,15.700525121708228
2019-03-27,3.036196777919359,-10.273875622439897,16.36614480593523
2019-03-28,3.0215261767807764,-9.119490347783703,15.085502571909888
2019-03-29,3.248547549881762,-9.302888214742635,15.788948481417565
2019-03-30,3.369082402979862,-10.269755540805047,15.96207657820062
2019-03-31,3.5017830971315282,-8.98868023711046,15.764373455527213
2019-04-01,3.698038852015311,-7.672834612336919,16.668664302876113
2019-04-02,3.54276621279505,-9.522628876183465,16.389726007432827
2019-04-03,3.4450567863893062,-8.647020405370863,15.344503109711132
2019-04-04,3.4898151420757433,-9.174643346454168,16.47819692898808
2019-04-05,3.7800569767367262,-8.951859624297036,16.400269332954483
2019-04-06,3.9660516528727183,-8.90193393219741,16.444658265154263
2019-04-07,4.1648304955391495,-8.637550642469764,16.682569002470643
2019-04-08,4.426142424054725,-8.48243283364221,18.402014030722547
2019-04-09,4.333294140153207,-7.729140612705739,18.26071576058399
2019-04-10,4.293846153033112,-8.33497397058707,16.12293030461098
2019-04-11,4.391296064132432,-8.201537831388805,17.191776920025127
2019-04-12,4.7274178376293055,-6.987498445142663,16.924758758801328
2019-04-13,4.951439929554045,-6.85291305516644,17.220364203508986
2019-04-14,5.1795826024817675,-7.688552078266101,18.02609145255631
2019-04-15,5.461035150056254,-6.676997140044976,17.949362917105926
2019-04-16,5.378809634128043,-6.911645180969712,17.271019506101794
2019-04-17,5.340442046820082,-8.536292530652661,18.64775298176323
2019-04-18,5.4296722133114335,-6.8863641332165555,17.944954742051905
2019-04-19,5.74877131785049,-5.891203357419821,19.02381933568312
2019-04-20,5.947700340299053,-6.563896255329571,18.118224804665733
2019-04-21,6.143620389198374,-6.534937484010844,18.47706456926716
2019-04-22,6.386836538304915,-5.953349571841662,18.193646713994468
2019-04-23,6.26161284827252,-5.757187041242737,18.4573218514985
2019-04-24,6.176830727331055,-7.117919353907497,19.11797763587811
2019-04-25,6.21762331258332,-7.1559964695915355,18.2890862444114
2019-04-26,6.487656202356809,-5.340760904445242,19.174337707802675
2019-04-27,6.638239312421218,-6.62167341832624,19.71369427093618
2019-04-28,6.787792319378367,-6.450651692760783,19.678816730038367
2019-04-29,6.987746721915333,-5.071452832769864,20.220266259933847
2019-04-30,6.823323527967526,-5.8282389906091545,18.892869303759664
2019-05-01,6.704159909865322,-5.156731959015886,20.01872882735911
2019-05-02,6.715918522507001,-5.382160260116106,19.87342014935844
2019-05-03,6.96255062240569,-6.301692513000402,19.54969785179599
2019-05-04,7.0953983367502325,-6.3125452015105505,18.751801567359028
2019-05-05,7.23265887304893,-5.187472408162201,20.03799298409156
2019-05-06,7.425293767825057,-5.138435020198217,20.351979949366047
2019-05-07,7.257821988168538,-5.040916055744262,18.87189193153021
2019-05-08,7.1389697773511465,-5.502454170300249,19.772600215050467
2019-05-09,7.1533102453619115,-5.114238483434699,20.427934770191882
2019-05-10,7.403562925327003,-5.334928643171428,20.237043236346597
2019-05-11,7.539737532875336,-5.3459101355284115,20.829358330685547
2019-05-12,7.678643445198789,-4.675469005926556,20.832263598077024
2019-05-13,7.869846601174672,-4.117041703012945,19.733987129376157
2019-05-14,7.696511158197215,-4.473695096517647,20.761733677006262
2019-05-15,7.566097282639975,-5.188346371061086,19.839125921277265
2019-05-16,7.562046570335256,-4.989822575085885,20.495852604316408
2019-05-17,7.786123869337432,-4.699168339405004,19.851760744288516
2019-05-18,7.887598393375367,-4.761455210176922,20.51375782634043
2019-05-19,7.9827844355919915,-4.897870393768945,20.89945068394042
2019-05-20,8.121022355527458,-4.713384429036482,20.671078577347565
2019-05-21,7.885536357372574,-4.2320467280508645,19.930236052311113
2019-05-22,7.68413985528376,-4.530474483380538,20.16382736210644
2019-05-23,7.600919596245147,-4.88444501877481,20.11630463477252
2019-05-24,7.738567253147904,-4.9523257791117645,20.4457456720613
2019-05-25,7.747541586316414,-4.373338007322565,21.058251782509316
2019-05-26,7.745581957350579,-4.80420591396832,19.2436447926573
2019-05-27,7.7836545940361965,-4.734086509186474,20.05380428434508
2019-05-28,7.446769081172929,-4.71718662020848,20.552234594820376
2019-05-29,7.144637033388156,-5.247289367450385,20.272724450081178
2019-05-30,6.963305450526116,-5.954970420581141,19.46852101627476
2019-05-31,7.007434929255846,-5.524601989338101,19.467624897535924
2019-06-01,6.929407378017073,-4.877129205597945,19.222002510874294
2019-06-02,6.848785610273851,-6.765049412579202,19.483638932756854
2019-06-03,6.818207800950047,-6.10355992825483,18.740379621796727
2019-06-04,6.424155814866219,-5.540932292457412,18.717274033148243
2019-06-05,6.077570799304116,-6.9052325982068625,19.09905844874554
2019-06-06,5.865449836351677,-7.352566671292418,18.544807036426832
2019-06-07,5.893094943815263,-6.66637060598363,18.666241976958844
2019-06-08,5.8131999731880555,-6.195438430570186,17.883719468751945
2019-06-09,5.745298439800437,-6.6953713413506755,18.132072416578996
2019-06-10,5.741655668401321,-7.1444356242369045,18.272131595673553
2019-06-11,5.388044386910186,-7.358977520622845,18.779513046014294
2019-06-12,5.094377005144429,-6.840182020964409,17.520595986892044
2019-06-13,4.946327943335153,-8.238993550281014,16.795925420084988
2019-06-14,5.047616604408881,-7.605658443572056,18.527748072727377
2019-06-15,5.049135599570144,-7.682201832185555,17.29272518464724
2019-06-16,5.068446105829823,-7.46138570301985,17.537899551798333
2019-06-17,5.15572239828395,-7.1095480300931575,17.697937648176563
2019-06-18,4.894583204197462,-8.006565902216742,17.299848744684613
2019-06-19,4.692781528169371,-8.588434286922075,16.90761685531719
2019-06-20,4.633884670064063,-7.08745922311591,17.478813397600074
2019-06-21,4.819613379194374,-8.307293711568239,17.475412546504042
2019-06-22,4.899023144777893,-8.484477445732555,16.467063017436818
2019-06-23,4.988047980165052,-7.730367912937856,17.99050454030333
2019-06-24,5.135487355625688,-7.11256790268873,17.664800796023528
2019-06-25,4.923872712863951,-8.59432581566214,18.081123658996198
2019-06-26,4.760184206629949,-7.376471378702457,18.14265410426151
2019-06-27,4.7275486309781645,-7.72356001372941,17.3793513625951
2019-06-28,4.927586971995284,-7.862159105850066,16.653706490209206
2019-06-29,5.009594362835074,-7.827735335258358,17.87488600068481
2019-06-30,5.090072858688561,-7.9267624035810105,17.629668759046055
2019-07-01,5.218698029379639,-7.165311399778901,17.077855262838085
2019-07-02,4.979156418488806,-8.69773171721826,17.98680841416066
2019-07-03,4.77982538496048,-7.838287215389587,17.333380781502157
2019-07-04,4.705427384674889,-8.22450023295853,16.149950174377434
2019-07-05,4.859328430645788,-7.9093437715152675,17.10442899212218
2019-07-06,4.8926649633039805,-8.119151162664226,18.122084563951024
2019-07-07,4.923821119869762,-8.485872760312068,17.347358672320173
2019-07-08,5.004339041240131,-7.596412484566603,17.445480065153834
2019-07-09,4.7197009268419325,-7.108627830065983,18.042337647956494
2019-07-10,4.479955986604065,-7.483163228772855,17.236529770025204
2019-07-11,4.3713259038950305,-7.580425215227069,16.66504987459762
2019-07-12,4.498459981552302,-8.683309548665111,15.913053811617923
2019-07-13,4.5135254703591645,-8.304100462332551,16.412316448398563
2019-07-14,4.535656133666739,-8.180625581058544,16.920017832019187
2019-07-15,4.616842516333422,-7.702938010896633,17.640657914564965
2019-07-16,4.342703198520903,-7.997090628669116,18.01365119543475
2019-07-17,4.123110476833949,-8.72444595261943,16.824805108100062
2019-07-18,4.043804094422745,-8.544322829245418,17.144171993943935
2019-07-19,4.208663914026573,-8.87015550797773,16.98899981881445
2019-07-20,4.268826477407547,-8.990395465449684,16.970214355461177
2019-07-21,4.342167687666793,-7.843605310578807,16.32724054486314
2019-07-22,4.47923402841152,-7.698336288926897,17.395072111239102
2019-07-23,4.264060340440985,-8.411523303171645,16.27742903705729
2019-07-24,4.104846170518561,-9.98624736925499,16.00419370031025
2019-07-25,4.085622760517079,-9.354212235313264,16.635687633616143
2019-07-26,4.308579938632599,-8.315303233372095,16.734904075296996
2019-07-27,4.423236193838557,-6.438948312598528,17.10225009852549
2019-07-28,4.545972527735213,-7.7337952870868945,16.854218095910618
2019-07-29,4.726010924752422,-7.852718572136984,16.71455403922823
2019-07-30,4.546274005271525,-8.139771203611025,16.789535778434477
2019-07-31,4.414096581051366,-8.356303454288126,16.982955362801675
2019-08-01,4.4129200864826625,-8.500809542184275,16.274614982622097
2019-08-02,4.64463828648321,-7.945681465242542,17.56809219622962
2019-08-03,4.758776941886761,-7.521538010634226,17.837919990325325
2019-08-04,4.872027705589848,-7.150573793000099,18.56543107610438
2019-08-05,5.034217059629613,-7.464332334992853,17.05270461649879
2019-08-06,4.829147118998951,-7.034362369280758,17.006686061279684
2019-08-07,4.665279568143925,-7.95699732332792,17.10706088759596
2019-08-08,4.6273945202009825,-8.383631321529382,17.263125105513513
2019-08-09,4.818893762895375,-7.788682088627751,16.811482605872506
2019-08-10,4.8909323506765885,-7.663496913397265,18.049835723509506
2019-08-11,4.961900273276737,-7.547137310899148,16.835614601753978
2019-08-12,5.08333660295978,-7.973044063083797,17.366209407045506
2019-08-13,4.8407146263609935,-7.658427191482322,17.186003931257222
2019-08-14,4.644070944939589,-7.601897441976874,15.63704349355963
2019-08-15,4.579612038640606,-7.363702455834015,15.740475557024142
2019-08-16,4.751969396530925,-7.283144244489621,17.359558004889255
2019-08-17,4.8132886993812125,-7.308077466762683,17.563418612037978
2019-08-18,4.882676148947153,-7.579062768792841,17.28006392919559
2019-08-19,5.01208550789997,-7.8185700745748665,18.019198742335426
2019-08-20,4.787085279015291,-8.293504906793512,16.471045334572505
2019-08-21,4.6174796619938485,-7.836498385214363,17.11863347395024
2019-08-22,4.588917147075888,-8.114488054690852,16.95504345456051
2019-08-23,4.805157910832066,-7.728391831783551,17.13200716377813
2019-08-24,4.917185253694629,-8.358702834140553,17.54687166716987
2019-08-25,5.042683626268678,-6.764078942155133,17.29000033368005
2019-08-26,5.231965972295283,-6.72449518489507,18.163436289979288
2019-08-27,5.0687887146733726,-7.26747267809227,17.794665680218017
2019-08-28,4.961026685068177,-7.731848449555333,18.16076822861991
2019-08-29,4.9923403201553045,-6.815265237687928,17.099121752035252
2019-08-30,5.264504599113537,-7.1240473207472705,18.210628820278217
2019-08-31,5.426583164799038,-6.9011636832079795,19.25628037794044
2019-09-01,5.594468323991406,-7.648584557131276,18.13376583408301
2019-09-02,5.816867802088698,-6.9993840457390695,17.653341657841544
2019-09-03,5.676174779472965,-7.672785698646732,18.6046613376298
2019-09-04,5.5791918170647135,-7.578182245450601,18.14006604983675
2019-09-05,5.60883945749864,-6.9728724065608665,18.81725098668512
2019-09-06,5.8665176422739505,-7.255424918437632,18.469770580881804
2019-09-07,6.001302295799307,-7.034257713310087,18.838707808451677
2019-09-08,6.129496956659603,-7.35939378026933,18.390039982180625
2019-09-09,6.300619818705716,-6.113837839026485,18.71972432538862
2019-09-10,6.098262516098413,-6.886848720909301,18.747796582059927
2019-09-11,5.932065595162886,-6.63594273277897,18.44670433972508
2019-09-12,5.885570918441121,-7.150132379058206,17.758252754110835
2019-09-13,6.062361924586445,-6.106598204383597,19.10656069657629
2019-09-14,6.113933164333905,-6.394524667399956,18.740237698568993
2019-09-15,6.159181338730768,-6.844608983331322,19.036140207238702
2019-09-16,6.250325577419588,-6.444074624210677,18.693055358838137
2019-09-17,5.973695056495556,-6.515861438086585,18.245935338263838
2019-09-18,5.74035660495558,-5.730898132858831,18.60843439992401
2019-09-19,5.637715543024686,-7.0534103442881655,17.75878285649454
2019-09-20,5.771760699031855,-6.9804990589845195,17.847786625247153
2019-09-21,5.796139035270386,-7.30838638558706,19.170679185377573
2019-09-22,5.831583031482087,-7.227565845613641,19.146321009994725
2019-09-23,5.931774555483116,-6.163902493291891,18.711205446202307
2019-09-24,5.684084927111883,-7.700141747607763,18.252089739076947
2019-09-25,5.500165200991244,-7.4276820132035875,18.066450769204923
2019-09-26,5.467521018442453,-7.337646380010161,19.144281070248248
2019-09-27,5.691743780933599,-7.313915804956491,17.77449638912359
2019-09-28,5.825584056478381,-7.1380044782602825,18.756463011424874
2019-09-29,5.988390509329751,-7.482108147613107,18.699940772448368
2019-09-30,6.231997880002221,-5.753428056125502,18.59958224378346
2019-10-01,6.141503179731913,-6.548618370301128,18.18237872321246
2019-10-02,6.125903257269172,-6.534329146500296,19.743325455853928
2019-10-03,6.269726918500413,-5.665209789442428,17.954890605784605
2019-10-04,6.67533191073921,-5.477221183298365,19.629373412979092
2019-10-05,6.9920510111010366,-5.743052336118034,19.202865092095013
2019-10-06,7.335708651443669,-6.282022586134853,18.71708643493152
2019-10-07,7.754589613914013,-4.5868777802693526,20.47198589407579
2019-10-08,7.830296887637595,-4.478434709240801,20.10883013925333
2019-10-09,7.968469746851811,-5.2153855087686285,19.636030531940687
2019-10-10,8.250493166650708,-4.531812400943578,21.7323575060515
2019-10-11,8.775866913291253,-4.027349936186789,20.627061626184563
2019-10-12,9.191416716562282,-3.3048079790216445,21.779506384813782
2019-10-13,9.610867317207319,-3.88212552682057,22.226143719830816
2019-10-14,10.08085752038593,-2.8632757220518608,22.55939646706835
2019-10-15,10.181833216143007,-3.1789481418136836,22.61128375972821
2019-10-16,10.318788600767267,-1.8593405791944768,22.59540280259644
2019-10-17,10.572986212652523,-1.5557088839654147,23.254659846423714
2019-10-18,11.044323952860623,-3.089636042138396,22.92391692190676
2019-10-19,11.380531669222893,-1.2024689339144825,23.193588131037338
2019-10-20,11.696717599392093,-1.144839006187355,23.282284245793218
2019-10-21,12.041345621112544,0.41110131668324096,26.133516250668965
2019-10-22,11.997080377851665,-1.2237645502538792,24.217055528793047
2019-10-23,11.971471877920006,0.1276372783800524,24.342678071960368
2019-10-24,12.048611762237353,-0.7131551060752911,25.605653829460028
2019-10-25,12.331431164108137,-0.5193386916247347,25.061866002488607
2019-10-26,12.47082461465514,-0.20461449213558403,24.143077448517545
2019-10-27,12.585122232722448,0.5988814674626399,24.77083124650891
2019-10-28,12.725993104922424,0.8929373254450241,25.5126625004141
2019-10-29,12.479218841029748,0.3651808486739591,25.773367468599034
2019-10-30,12.255310726722199,-0.8561652869234138,25.09688656151673
2019-10-31,12.14110434989143,-0.6548037624016291,24.580795440339422
2019-11-01,12.242003117029427,-0.5493872164611908,25.49754373530256
2019-11-02,12.211056379283217,0.8375708611950138,25.46222858766068
2019-11-03,12.168395413296238,-0.6418914347690056,25.497596142122298
2019-11-04,12.167110884514308,-1.065652367188437,24.559741652550557
2019-11-05,11.794011199665526,-1.3683093050167203,25.5333738806583
2019-11-06,11.460235283931251,-1.249315421383357,24.079365217119385
2019-11-07,11.252853466086606,-2.005252706227315,23.4865694015288
2019-11-08,11.277127399073871,-0.7915269301895518,24.11547140217948
2019-11-09,11.185613969222047,-1.789479111649007,23.018178704446893
2019-11-10,11.097635422123673,-1.5395659937427757,23.927429298167706
2019-11-11,11.06519809865356,-0.8363521975063046,24.23553911964538
2019-11-12,10.67379777603124,-2.354805597643049,23.81980000600228
2019-11-13,10.33308360433297,-1.9319694417505802,21.85603930272013
2019-11-14,10.128512690906586,-2.3727390454909623,22.19461294915467
2019-11-15,10.163664593224672,-1.955080960504939,23.275496953485135
2019-11-16,10.08939902038133,-2.3820445956271596,22.133677323727543
2019-11-17,10.023377381192518,-2.454938562101829,22.947239606399535
2019-11-18,10.01602909183386,-3.1616020076213185,22.737869129348397
2019-11-19,9.651399309604535,-3.094801087081779,22.061705641777365
2019-11-20,9.33784894479662,-3.367869888673274,21.871432097176687
2019-11-21,9.15973808610612,-3.351716982328926,21.92652316948403
2019-11-22,9.219761428956406,-2.2400854637199696,21.243742323623433
2019-11-23,9.1681185984032,-3.6967937896597625,22.04329846058509
2019-11-24,9.122039867245483,-3.467881190853376,21.84681999119416
2019-11-25,9.131748316385627,-4.749232310142917,22.29189287668632
2019-11-26,8.781295501522541,-3.8642784202510563,22.17017215089409
2019-11-27,8.479242122994542,-3.351760888982534,21.49408149531745
2019-11-28,8.310315702876466,-4.48747773986866,20.397852275628978
2019-11-29,8.37771492104629,-4.763363766659438,21.039582427932412
2019-11-30,8.33224472198341,-4.148402827474793,20.910439173664525
2019-12-01,8.29180403031208,-5.096347879585454,21.53630102613705
2019-12-02,8.307308532960771,-4.252833467084779,21.27271425569842
2019-12-03,7.963487030560663,-3.565696174031604,21.348808577809994
2019-12-04,7.669524274745668,-4.394693588001801,21.08697275265498
2019-12-05,7.510683651205845,-5.331390063051056,19.96216413754448
2019-12-06,7.590580608604242,-4.63378327396814,19.76194464919808
2019-12-07,7.560292046534037,-4.359053813312798,20.06963683805094
2019-12-08,7.537824420142416,-5.88567774142822,20.637546934029942
2019-12-09,7.574023728053199,-5.4595914419166505,20.118932875657652
2019-12-10,7.25336636185461,-5.402215968065736,20.294666127595345
2019-12-11,6.984603961436111,-5.062599652335914,19.075682765467015
2019-12-12,6.852395608525517,-6.162828309682604,19.814299522517388
2019-12-13,6.959597976915729,-5.847633474224764,20.028075985273272
2019-12-14,6.9563981257240695,-5.447683990818147,18.896255528705563
2019-12-15,6.959810937973198,-5.190549631642428,19.748513586818426
2019-12-16,7.019623411129771,-5.597820017369514,19.308831963602373
2019-12-17,6.719223643519007,-5.734724591577051,19.628415216293302
2019-12-18,6.466286388059318,-7.039078077212078,18.194568264867456
2019-12-19,6.344447134596386,-6.730162465009318,19.498149512476
2019-12-20,6.455633913440686,-6.37959520330899,19.871373285319283
2019-12-21,6.449240071108113,-7.183335749529503,20.017247833059166
2019-12-22,6.441658621464129,-6.0301119853289835,18.048953892785274
2019-12-23,6.482259060915652,-6.095080628912416,19.928694105308484
2019-12-24,6.154243297164607,-5.713581028645847,19.316673465376095
2019-12-25,5.865351531027039,-7.282823178319783,17.75021389919304
2019-12-26,5.69954921712396,-6.499022995320167,17.628194266501865
2019-12-27,5.759363685216828,-5.998215530097635,18.864157805426373
2019-12-28,5.695053308330243,-7.420054227225245,18.75736488597924
2019-12-29,5.6241297159342345,-6.669408995048716,18.312704097292844
2019-12-30,5.597314101810518,-6.622861992884845,16.807527435200893
2019-12-31,5.199364700942873,-6.517329119123097,17.362221593832185
2020-01-01,4.839746953384121,-8.438126750471666,17.344285453346014
2020-01-02,4.604278394979378,-9.748915962781842,17.04679251560385
2020-01-03,4.597417981117765,-7.508082330977178,18.02866682813119
2020-01-04,4.47138403245137,-8.060736217405287,17.451401232531907
2020-01-05,4.345622744534806,-8.496614442517174,17.032723383966225
2020-01-06,4.272709853483313,-7.915279751003442,16.538432220618635
2020-01-07,3.8391241278585553,-9.169808615864753,16.266989793620176
2020-01-08,3.4558658066655057,-8.0665341418472,14.98965279268295
2020-01-09,3.2100535834680177,-8.78385179457024,15.72454612850671
2020-01-10,3.2071713140331024,-9.679699003829738,16.566094599391587
2020-01-11,3.1001499742227825,-10.264497014479293,15.75364450007499
2020-01-12,3.008807973173167,-9.635414906215964,15.196912483526262
2020-01-13,2.9857333661831373,-9.218955131957978,16.0236677675357
2020-01-14,2.617047348811605,-10.189099697116346,13.875988251489554
2020-01-15,2.3130225990140745,-10.234691309354943,14.737185466416323
2020-01-16,2.1596902342975928,-10.72615608831116,15.055835031249835
2020-01-17,2.261106440727559,-10.472757280523735,15.961803404957749
2020-01-18,2.2684638932413512,-10.099913514848403,14.449118598162013
2020-01-19,2.2995703876538554,-9.303128899030158,15.303633586008162
2020-01-20,2.4047772841724724,-10.463533180981175,14.396458058929664
2020-01-21,2.1677959644942573,-9.273006583938844,14.39875719669351
2020-01-22,1.996374487272401,-10.162605942295139,13.860034258113215
2020-01-23,1.9739666624574688,-10.145318039065305,15.385649410566616
2020-01-24,2.202062933723471,-9.902192814708943,14.654780955274138
2020-01-25,2.3293664466031903,-11.164117902324927,15.261162517910222
2020-01-26,2.471334956075156,-10.663812642456238,15.365256126615924
2020-01-27,2.6761694322855782,-10.494187867310263,15.110647813842295
2020-01-28,2.5256859006708416,-9.859358878642762,15.820000831922567
2020-01-29,2.426041158686991,-10.228341364101635,15.003446694635313
2020-01-30,2.4594432147310714,-10.213930168227053,14.675091443399428
2020-01-31,2.726514671159869,-9.660006130944463,16.096140243674327
2020-02-01,2.8754915032677224,-9.77385076265859,13.945715220174685
2020-02-02,3.021777230970261,-9.933852026966017,14.897619896428834
2020-02-03,3.2139329732074673,-9.47038998789462,15.309838446245772
2020-02-04,3.034539852292702,-8.927311831799527,15.317339093647597
2020-02-05,2.8909046237446723,-9.954162852906599,15.604249294748138
2020-02-06,2.866739907053816,-9.714785873498776,15.802703859458903
2020-02-07,3.0644880511985426,-9.028555129692839,16.58984392429355
2020-02-08,3.134472158264325,-9.18880891929562,16.424640011351514
2020-02-09,3.1943955630196164,-10.29715420954933,15.501501620858347
2020-02-10,3.2952717525641644,-9.006566546101181,16.489015961548926
2020-02-11,3.022222838291653,-9.234323177072463,15.415413226014126
2020-02-12,2.7851192051571534,-9.756569627083366,15.459329831953648
2020-02-13,2.6701935181163337,-9.496085048102623,16.43144491639676
2020-02-14,2.782299927871047,-8.66475380908767,15.720313881499067
2020-02-15,2.774003760439812,-11.309220789561563,16.70629325076098
2020-02-16,2.7650246525649305,-9.42009857709975,15.670046711135202
2020-02-17,2.8081166373289275,-10.389314709900589,15.748612923441282
2020-02-18,2.4898246258076027,-9.842716027421966,15.460936610305396
2020-02-19,2.2210910192423907,-11.553435949508465,15.610317879571895
2020-02-20,2.088846486132282,-10.29865643603286,14.600485150742218
2020-02-21,2.1982563223818667,-10.710482774347867,14.321164369351603
2020-02-22,2.2018079610025936,-10.412490054836454,14.879050967672645
2020-02-23,2.2187625742378874,-10.571012017893606,15.469064207788815
2020-02-24,2.3010539538995034,-10.21358813948567,14.473063298984545
2020-02-25,2.0340735078679915,-10.496327186739585,15.093963329617866
2020-02-26,1.827314228560553,-9.792489766046538,15.11093124337231
2020-02-27,1.766006544553263,-11.5234168587577,14.293700455924068
2020-02-28,1.9534161388727753,-10.1702134065311,14.131683713689831
2020-02-29,2.03998779358666,-9.487065319494873,14.697517024317282
2020-03-01,2.1428565684739858,-10.82077984074946,15.123319930796377
2020-03-02,2.3118077837044275,-10.521445173628434,15.729905310432342
2020-03-03,2.130122897566435,-11.451859846576083,14.555059727714013
2020-03-04,2.005282407476345,-10.391953021745774,14.60219980162641
2020-03-05,2.0206570267281734,-10.401184600216123,14.562695182949756
2020-03-06,2.2778556781730344,-9.317414408103552,15.442646318250448
2020-03-07,2.4259129821815097,-10.694548060361974,15.46350792276308
2020-03-08,2.5808363635851794,-9.911742200086078,15.505974249725384
2020-03-09,2.7915932965175796,-9.278776759731487,15.0361717802665
2020-03-10,2.6409750854644956,-9.756664233572558,16.03579214988946
2020-03-11,2.536307894717765,-9.798484242298128,14.361896104463556
2020-03-12,2.5611421496852547,-9.459242668737698,15.6985308843491
2020-03-13,2.817589011157582,-9.034784171660913,14.577006581129748
2020-03-14,2.955487042138182,-9.46036044589682,15.004581955745579
2020-03-15,3.091919901757864,-9.151647755319704,15.86981669791137
2020-03-16,3.277166540044825,-8.911138716422338,15.491183324190088
2020-03-17,3.0955214621132194,-9.576517690249512,16.573381791285996
2020-03-18,2.9559571238615074,-8.562804364032107,15.007942291617038
2020-03-19,2.9437610712854245,-9.93665543071433,16.179660100873626
2020-03-20,3.162818107191265,-8.421475297136988,15.825862248805395
2020-03-21,3.2647222343611544,-8.29657163987661,16.668381124012868
2020-03-22,3.3682408374747643,-9.242166291096195,16.251255123005322
2020-03-23,3.525214155628587,-10.17074201724533,16.700683164642413
2020-03-24,3.3213290959518935,-8.98351339588808,15.560230708907122
2020-03-25,3.166740792952076,-9.610798697858908,15.315578051374965
2020-03-26,3.1476756899254044,-10.736180155190455,15.638706813035197
2020-03-27,3.368687378674281,-8.90837197713617,15.413697490952957
2020-03-28,3.481750660315228,-9.362708671793033,16.133084627481093
2020-03-29,3.6057167447405396,-8.175360169259367,16.471261438844724
2020-03-30,3.7922128254437726,-10.169495270074869,16.03840125562235
2020-03-31,3.626424990832376,-9.123801178155063,16.20277007115513
2020-04-01,3.5177375174505783,-8.514221127686808,16.39658646321636
2020-04-02,3.5513617048453563,-8.500759739555987,15.939585559948434
2020-04-03,3.830624634307135,-8.899774580942307,16.99370559413653
2020-04-04,4.006102250055299,-8.513901595194685,17.164123579998478
2020-04-05,4.195118439164712,-8.603084356169736,16.48720053023944
2020-04-06,4.447691967097804,-8.744639221101234,17.278466649808003
2020-04-07,4.3473687539588886,-8.176439383792236,18.113063531378426
2020-04-08,4.301911009873319,-8.57521119667699,17.24730184555576
2020-04-09,4.394974857621415,-9.113459041006992,17.548254644213348
2020-04-10,4.728445335103575,-7.396205292811977,18.247332016616312
2020-04-11,4.95161177341107,-7.304646227941815,17.719784652817978
2020-04-12,5.180703953157315,-7.2874894829756505,17.62373385029502
2020-04-13,5.464869789520007,-6.889515949273945,18.27029065713269
2020-04-14,5.387031125028854,-6.174244982104231,19.022080224430866
2020-04-15,5.354588469431667,-6.116422816889107,17.608074741383945
2020-04-16,5.451105882672342,-7.588036446333801,19.142579813369913
2020-04-17,5.7786447207102345,-7.306005724694636,18.418597598248933
2020-04-18,5.986929330772384,-6.031288926529563,20.081992902257706
2020-04-19,6.192865449612144,-6.9059996850983145,19.10760479846384
2020-04-20,6.446492654755006,-6.451426956579671,18.984199386252925
2020-04-21,6.331808276873085,-6.793325124126455,18.58550786333732
2020-04-22,6.257434645394099,-6.246733701134946,19.134752330221048
2020-04-23,6.308262067699683,-6.110162217831572,18.763162545301245
2020-04-24,6.5877376001857115,-5.844437421609895,19.252113915230982
2020-04-25,6.746984129330796,-5.9533621211001435,19.085003753064463
2020-04-26,6.904271996690295,-5.1676006324465495,19.41816139989912
2020-04-27,7.11092600146625,-5.9402329789033335,19.106154658213985
2020-04-28,6.95210663012681,-4.401215527879041,19.34820279049328
2020-04-29,6.837438739854007,-5.660036375636148,19.42683394234927
2020-04-30,6.852621322543673,-5.651607560954818,19.01210022688673
2020-05-01,7.10168946791967,-5.267902285383233,19.13264506689393
2020-05-02,7.236113905427594,-5.004495886409915,18.985472957281498
2020-05-03,7.3742609948764875,-5.384021950822452,19.548514352406634
2020-05-04,7.567296390320435,-5.551938667045274,20.26032114272413
2020-05-05,7.399971359833498,-4.074911720482592,20.089144262384924
2020-05-06,7.281264859015554,-5.966061297149296,19.480159005861175
2020-05-07,7.2960145973167565,-5.269174676994872,20.73847508505337
2020-05-08,7.547207580718613,-4.537800107772089,20.14508809994106
2020-05-09,7.685114646908776,-5.749124534841726,20.788990132440876
2020-05-10,7.826790796720836,-4.389583059921524,20.999122705341826
2020-05-11,8.022023309517639,-4.414034990717234,21.657633541218598
2020-05-12,7.854165255043763,-4.944857988694179,19.74342369180095
2020-05-13,7.730826037593422,-5.055954774509397,20.81142020861119
2020-05-14,7.735550701998856,-4.326382019287114,20.373726810379566
2020-05-15,7.9701569737608295,-5.505415760904681,20.280226939280645
2020-05-16,8.083913082534043,-5.093052823619028,20.015965956077057
2020-05-17,8.193076795097163,-4.572243358015714,21.53758586216039
2020-05-18,8.34687639924941,-4.137081739342657,20.656402123471054
2020-05-19,8.128370174859544,-5.33956216375595,21.05057255181565
2020-05-20,7.945155114908056,-5.2157880727653465,21.197804258266817
2020-05-21,7.881055983744083,-3.9782837540483964,21.027324033455855
2020-05-22,8.03846329381843,-5.039407192658153,20.64922427168927
2020-05-23,8.067503123337428,-4.750737407072016,20.56351998125215
2020-05-24,8.085559343569418,-4.7892029816970725,20.802904855454926
2020-05-25,8.14322940632534,-3.714186223043872,20.65566415900245
2020-05-26,7.825150892382881,-3.8035855247140744,21.087084073197747
2020-05-27,7.540670485082714,-5.395449443544954,20.00524369816198
2020-05-28,7.37548756865739,-5.174867478489192,19.8258582757322
2020-05-29,7.433942323676067,-5.018496687242347,20.33372560868511
2020-05-30,7.368132674187214,-6.052498681128689,20.5793565866248
2020-05-31,7.29738218640294,-5.740844507454794,20.231024136595753
2020-06-01,7.274141654392988,-4.915558599385719,20.40844692153984
2020-06-02,6.884763165354568,-5.154942915781988,19.479998999036564
2020-06-03,6.5401198600859916,-5.696095663723331,18.09153799545851
2020-06-04,6.327205052903883,-7.02570085518004,18.924243762857582
2020-06-05,6.351381917554432,-5.240830118634692,18.573028659616828
2020-06-06,6.265469257191148,-5.89420363910052,19.015395222703326
2020-06-07,6.189186415939007,-7.1512898144449615,19.46165033302267
2020-06-08,6.175040790158503,-5.7333857332146145,19.043814832649275
2020-06-09,5.809097197325822,-6.645569484433996,18.641963543808483
2020-06-10,5.501602511415195,-6.703614945604521,18.228710908145356
2020-06-11,5.338599143556786,-7.795727553630608,17.980084666036156
2020-06-12,5.424198211696977,-7.241497045119786,17.058659814419826
2020-06-13,5.4096972870581075,-7.391180352867692,18.882856444106658
2020-06-14,5.413064894691359,-7.726619933487526,17.35411548051287
2020-06-15,5.484874121291756,-7.575566967143886,18.03836384351977
2020-06-16,5.209123290258921,-7.62696797649519,18.325495019007434
2020-06-17,4.993915659635115,-6.977203875515242,17.766282042749662
2020-06-18,4.92313015535329,-6.910109005039094,18.057323080475683
2020-06-19,5.098752349848461,-7.349500521450056,18.084009608662782
2020-06-20,5.17004892061064,-8.08616174703611,18.192802014030512
2020-06-21,5.2531061417201865,-7.883964622171701,17.414391846653988
2020-06-22,5.396813213964104,-6.969087655206343,17.461094658635098
2020-06-23,5.183726968214071,-7.3962118968103425,16.737403857605763
2020-06-24,5.020788636693082,-7.619308385947685,18.249208452610596
2020-06-25,4.991023645113089,-7.396556809212246,17.39151589503001
2020-06-26,5.195892809248491,-7.568208040690617,18.272433874269637
2020-06-27,5.284477601511697,-6.863657114417463,17.74707984029047
2020-06-28,5.373019746069109,-7.543569659049589,18.604860399575486
2020-06-29,5.5108959369504795,-6.453085944289067,18.549217619276572
2020-06-30,5.2814644866562634,-6.988249266818241,17.333883235077476
2020-07-01,5.092755148787616,-8.052235385339772,18.385768280594363
2020-07-02,5.029133876669599,-8.079055919287763,17.685962723532324
2020-07-03,5.193611946913858,-7.280193718911546,17.407926373270733
2020-07-04,5.236983364456449,-6.499913808492344,17.784426385865657
2020-07-05,5.2773122274148365,-7.629851249050023,17.64022446028974
2020-07-06,5.365852392881215,-7.88642514321893,17.04014995023472
2020-07-07,5.08783787904967,-6.915085706282025,17.68655202428571
2020-07-08,4.853116908164624,-7.226431454108846,16.962703352005438
2020-07-09,4.747762997120485,-8.205139176836205,17.569088600209767
2020-07-10,4.876334104696033,-8.616364893828187,17.22784007141595
2020-07-11,4.890965220286418,-8.384036313374564,16.944065176309476
2020-07-12,4.910817385522664,-9.029472707697892,16.869992375707774
2020-07-13,4.98796660859881,-7.8509321290371465,18.413923748994154
2020-07-14,4.708171997815697,-7.702275605355269,16.6691470924451
2020-07-15,4.481496655718553,-8.811636253409542,17.55920332985373
2020-07-16,4.393915104353326,-8.09084539988351,16.519065423835748
2020-07-17,4.5495783301484485,-8.73918305595999,18.02058444966625
2020-07-18,4.599921626190783,-7.464665285464243,17.54446627069365
2020-07-19,4.6631377355663,-8.462545553742652,17.361933777092997
2020-07-20,4.790098001767175,-7.421841769930229,16.63323992347464
2020-07-21,4.565159855000935,-8.836797214359608,16.941379983243444
2020-07-22,4.396832964051882,-8.152771733226711,16.854892089751473
2020-07-23,4.369436434476453,-8.422631272392133,17.224621842069755
2020-07-24,4.5854166154467215,-8.392407670764461,17.560110677175572
2020-07-25,4.69450907592304,-7.620976417674632,17.115706156668548
2020-07-26,4.813265594415583,-8.57628383859973,17.474686921294033
2020-07-27,4.991027216294863,-7.838876692572828,16.74917469275019
2020-07-28,4.810780112630944,-8.33408216653551,17.91077689827133
2020-07-29,4.679865080555983,-8.10263860135475,17.974860746320733
2020-07-30,4.681671726654932,-7.285690874215738,17.64524134022785
2020-07-31,4.917985747397683,-6.914021378223005,17.998721482572396
2020-08-01,5.038171945201124,-7.994111801482482,17.204557965674628
2020-08-02,5.158713156802581,-7.512095711365117,17.251988319264008
2020-08-03,5.329185755852551,-7.144837089516691,16.43695423783805
2020-08-04,5.133108359845282,-7.569413004123,18.84056530449668
2020-08-05,4.978634769933364,-7.617368100036875,18.336159477769794
2020-08-06,4.950222661447397,-7.153230526443953,17.811241569255152
2020-08-07,5.150947190078479,-6.739400092841064,17.95763346776581
2020-08-08,5.231643156384879,-7.75581208686428,16.808617696207637
2020-08-09,5.310397133404693,-7.874196301327448,17.568625872819123
2020-08-10,5.4384716354877565,-8.255887009305576,17.85359487517054
2020-08-11,5.20109952104402,-8.038851913860436,17.75854303281006
2020-08-12,5.00812132046493,-7.685771850056069,16.798716216670805
2020-08-13,4.9455987203992615,-7.3340101517806575,16.999528635283014
2020-08-14,5.118075082117485,-8.208929797351725,17.95497536380266
2020-08-15,5.177668297373226,-6.404611061728013,17.177933897873697
2020-08-16,5.243518945073138,-8.304552401904983,18.080635831622725
2020-08-17,5.367677235756874,-7.48831544899296,18.188041653759
2020-08-18,5.135868152649653,-8.483346204925583,17.74160605786014
2020-08-19,4.958108465995999,-7.458395155667413,17.84700760293974
2020-08-20,4.9203095756750015,-8.046342689745309,16.422021027403716
2020-08-21,5.126537498354222,-7.3587486219988945,18.658362569289483
2020-08-22,5.228115440747139,-6.773113006970923,18.523471609286972
2020-08-23,5.343091753478922,-7.381787031815878,18.144014289251405
2020-08-24,5.522156279522186,-6.8144718528827415,17.87367115495496
2020-08-25,5.3494437401688115,-6.8599215967769025,16.87543310325831
2020-08-26,5.233196797061919,-7.82195923359202,17.92750210080665
2020-08-27,5.25742146307086,-7.409831226082753,17.702279416375404
2020-08-28,5.52420468788265,-8.03608405879958,18.658203679068414
2020-08-29,5.682877903377866,-6.547356204617112,18.49669791859366
2020-08-30,5.84954754802957,-7.399324140228534,17.81205914711261
2020-08-31,6.073073741261979,-5.719164637098065,18.58261853814806
2020-09-01,5.935933893385625,-7.539823929756361,18.73328015876326
2020-09-02,5.844942072067972,-7.4059266031065984,19.004676412964532
2020-09-03,5.882955073742128,-6.502575134362679,18.345973108457382
2020-09-04,6.151233445616352,-6.970209710670385,19.117384171222227
2020-09-05,6.298639854464671,-6.284962415314023,18.363908767697037
2020-09-06,6.441194665816197,-5.960922895430587,18.618381770275793
2020-09-07,6.628069017533942,-6.027311392116843,19.56014589651897
2020-09-08,6.442451583110376,-6.506634852456137,18.998259354830097
2020-09-09,6.292259571465766,-5.668585476176949,19.54158554164145
2020-09-10,6.2618249642299375,-6.715499768948523,18.157332959446872
2020-09-11,6.454224616720477,-6.197233462945546,19.32781221237123
2020-09-12,6.520437319122703,-5.932608572224534,19.037045727179674
2020-09-13,6.578848684317676,-5.807585947176265,18.869790762640804
2020-09-14,6.6811854254789305,-6.714057772235062,20.066229110380196
2020-09-15,6.413316740112524,-6.39967932999029,19.69799570633455
2020-09-16,6.1858950696645465,-6.299823894972297,19.218455711587726
2020-09-17,6.085969111822504,-5.868238848819813,19.403855311527614
2020-09-18,6.219239689947859,-5.849161301381119,19.50153904367592
2020-09-19,6.239143601521756,-5.968871596420414,20.00215767616166
2020-09-20,6.266288328092733,-6.545267486763531,18.72276036150938
2020-09-21,6.354321120100108,-6.54942890398795,19.09659250817276
2020-09-22,6.090672002824302,-6.830688987220724,17.736736079026745
2020-09-23,5.887144629893268,-5.887440795212104,17.951611620880602
2020-09-24,5.831489299423193,-6.7790071218297765,18.33798062595535
2020-09-25,6.029629914941937,-6.977699244353142,18.07282892468607
2020-09-26,6.1347308965732354,-6.876360423791665,19.45514067080278
2020-09-27,6.2666274888284645,-6.399250817741477,18.97067984253793
2020-09-28,6.477703205765395,-6.2037013468244915,19.690842997986593
2020-09-29,6.353653843266865,-5.75655961121804,18.610583763678807
2020-09-30,6.304111526722307,-5.936561031673663,19.606906736076503
2020-10-01,6.41426232116979,-5.772509972481669,18.335809898621797
2020-10-02,6.787128089097647,-6.097866834658777,19.69046954386181
2020-10-03,7.072697225129618,-5.7340113562897255,20.036534710413505
2020-10-04,7.3874260957586655,-5.371766068118853,21.34439161107891
2020-10-05,7.7801931089068495,-4.679203520425263,20.443276258483433
2020-10-06,7.833142878864921,-5.036788470857988,20.93903767969114
2020-10-07,7.952391896214795,-4.834962748087476,20.681978803407496
2020-10-08,8.218443678345807,-4.959491758615206,20.718085531663665
2020-10-09,8.732399280255844,-3.3225158082278465,20.78408090020278
2020-10-10,9.141311247494619,-4.655231074689817,21.25569331892037
2020-10-11,9.559035511904806,-3.797284011052455,22.20958678233338
2020-10-12,10.032244190519203,-2.57314249139883,22.37735331970727
2020-10-13,10.141318741687854,-3.0835859280497697,23.1982212180639
2020-10-14,10.291093687071493,-2.3627759758738485,22.225185443613316
2020-10-15,10.5625814250491,-2.007610886407327,23.374799844163686
2020-10-16,11.055346157786012,-2.2311050497021876,23.842170703776844
2020-10-17,11.416709307489135,-2.025659335302832,23.49818487603397
2020-10-18,11.761306464634085,-0.9078761118862512,24.77094920102756
2020-10-19,12.137076521836118,-0.5382569093419622,23.841820693668577
2020-10-20,12.126119733517777,-0.6073068522455296,24.713842928196435
2020-10-21,12.135395947479907,-0.860863113357215,24.195871287369688
2020-10-22,12.24839483740951,0.10691737515346925,24.510895214265034
2020-10-23,12.5674476898345,0.7836435339695674,25.532814050164873
2020-10-24,12.742864835854892,-0.03770363900430632,24.34509933239874
2020-10-25,12.892420619745998,0.5500130433198989,25.009478091247992
2020-10-26,13.067268489391072,0.27180962007250026,25.425504367553597
2020-10-27,12.85272490778209,0.9358178106118425,25.053059849660492
2020-10-28,12.658895263849704,-0.28477574647849757,24.289805837993807
2020-10-29,12.572275463636,0.7951091633906539,25.074739809359055
2020-10-30,12.698000476520214,0.6802878507812768,25.119294472315637
2020-10-31,12.688925470879385,-0.20734470575683045,25.601242054457696
2020-11-01,12.665062757341879,0.40669582451166114,25.28122522505881
2020-11-02,12.679458198438427,0.11218269410832131,25.123981246661963
2020-11-03,12.318946578835467,-0.13726173872024833,24.538822076959686
2020-11-04,11.994759612079605,0.010390409133744945,24.675611284225518
2020-11-05,11.794120455584927,-0.7667965503761426,24.142050326603414
2020-11-06,11.822495891633096,-1.2819734244171888,24.763273299552804
2020-11-07,11.732691392294104,-1.646936279146761,24.16913219598221
2020-11-08,11.644311587179383,-0.9147065300195495,24.291850221644562
2020-11-09,11.609668835525206,-1.5345966685736803,25.245920286032252
2020-11-10,11.21457821336004,-1.666244037017684,23.820300159541738
2020-11-11,10.86901122030089,-1.914999801192409,24.093595716685137
2020-11-12,10.658740561582235,-2.4391164013268405,23.62990758431133
2020-11-13,10.687645549055759,-2.0187963746171134,23.622486612697394
2020-11-14,10.60686167651112,-2.295673370680232,23.122704602549657
2020-11-15,10.534295227048815,-1.4801008256361072,22.976681135871903
2020-11-16,10.520584003747295,-2.15792152713107,23.831157640276007
2020-11-17,10.14994098226228,-2.2099059052863446,22.775003349810152
2020-11-18,9.830851819787288,-3.165288226920945,21.990100338089373
2020-11-19,9.647757386868664,-1.955411698442949,22.834756209859208
2020-11-20,9.703389890868554,-2.815523104111625,22.132613551216465
2020-11-21,9.64794541190438,-2.832597333144138,22.464854803564748
2020-11-22,9.598613233684485,-3.216929850734152,21.586510763302442
2020-11-23,9.605542854988116,-2.8505084271915653,22.609350035966806
2020-11-24,9.25268554712321,-2.961645587304118,21.165752387633106
2020-11-25,8.948481724621171,-3.146553270840868,21.614131042238235
2020-11-26,8.777525880605904,-4.885563152555383,20.572527022975095
2020-11-27,8.842878470911199,-4.665867084726643,20.778165909516975
2020-11-28,8.795208584864536,-3.982145855960654,20.733995046492964
2020-11-29,8.75228896945639,-2.624802830819479,21.673365857800334
2020-11-30,8.764925604697133,-3.3696023400554096,21.258342870466713
2020-12-01,8.417760092206507,-3.9458797415071496,20.88523259076462
2020-12-02,8.119917560263909,-4.052988624098009,20.60006806796167
2020-12-03,7.956633265574122,-4.71427051895862,20.957792227440244
2020-12-04,8.031528651780969,-4.958036736654879,19.746526473865273
2020-12-05,7.995721981741464,-4.37946100674268,20.83883963408542
2020-12-06,7.967296251915114,-5.128569602085574,21.049632372936262
2020-12-07,7.997207554708412,-4.581507089671083,20.101857017701345
2020-12-08,7.670072914636449,-4.9997516444892,20.204726273646425
2020-12-09,7.394810837180598,-5.253404174837453,20.420649965594144
2020-12-10,7.256268041164668,-5.220388507076045,19.16787214140093
2020-12-11,7.357503171211407,-5.450692759585405,19.686724358272624
2020-12-12,7.3489123886569026,-4.814207867928861,20.077804274216263
2020-12-13,7.3477190824854794,-5.123897653982598,19.56636384193836
2020-12-14,7.403910165946374,-5.512965822573919,19.29109833198962
2020-12-15,7.1010570732752205,-4.496492467004477,19.499241626789136
2020-12-16,6.846993601471137,-6.377925457247266,19.23704419808355
2020-12-17,6.725482826138555,-5.625593854851177,18.92224408372711
2020-12-18,6.838542537428932,-4.8157809560332,19.38528804655949
2020-12-19,6.835612678120772,-5.79983367485812,19.93194943160756
2020-12-20,6.833085588105216,-6.322674147618241,19.506752439447794
2020-12-21,6.880280108516289,-6.008000430931587,19.86813395937609
2020-12-22,6.56029631758838,-5.927409913161857,19.89566727442714
2020-12-23,6.280721814062777,-6.607006155197446,18.250535905577404
2020-12-24,6.1253207012069,-6.863491159454144,18.4702201817394
2020-12-25,6.196373830003969,-6.055429164289815,18.469390651527736
2020-12-26,6.143853114284484,-5.937910315863806,18.08034348811139
2020-12-27,6.084950294103753,-7.232431213695236,19.963966049286594
2020-12-28,6.070041029811599,-7.105394126168363,17.988058543553493
2020-12-29,5.683521193299183,-6.369058874200231,17.950101315519888
2020-12-30,5.334486631726698,-7.343014422911483,17.35724428572756
2020-12-31,5.108388173243098,-6.439424906975497,17.847898074549327
2021-01-01,5.1093312905208474,-7.61702180022843,17.613335938234478
2021-01-02,4.989204309435391,-8.042999271431562,17.39500992800668
2021-01-03,4.8671568007122,-7.671348344795903,18.641580100789827
2021-01-04,4.79551044924092,-8.837745995979047,17.088207429488495
2021-01-05,4.360540789447023,-6.8548321773014065,18.176294387360034
2021-01-06,3.973102668959057,-8.46268827311496,16.330270906394198
2021-01-07,3.72023281495815,-9.300872475190749,16.271074431020992
2021-01-08,3.7074004941045784,-8.443774840459863,15.500408417593498
2021-01-09,3.5875916511189354,-9.152334482229712,15.775651485083813
2021-01-10,3.480749539010711,-8.91433026145651,15.931615413236024
2021-01-11,3.439655346008203,-9.292264793981406,16.00006984031707
2021-01-12,3.050688215689228,-9.180648310171636,16.183573829210214
2021-01-13,2.724438296552733,-11.108208486756197,14.347742313569547
2021-01-14,2.547306710246918,-9.55444525091558,15.15847664370347
2021-01-15,2.6237636673323386,-9.347910805623286,15.680048817652917
2021-01-16,2.6054500672193925,-9.791882930397088,15.557488749682559
2021-01-17,2.6106452591403078,-9.966889017287993,14.684442027976393
2021-01-18,2.6901838525827286,-10.236730318089787,15.724611333616886
2021-01-19,2.4282600919911546,-9.866996040994794,14.194099733276813
2021-01-20,2.233092308508635,-10.651698524077506,15.105542571758047
2021-01-21,2.1885800032140477,-10.223708756729371,14.130567781940663
2021-01-22,2.396623281495333,-10.15973701249826,15.42977884228906
2021-01-23,2.506288333577032,-10.31967516017252,14.453872844311665
2021-01-24,2.633339910220986,-9.898066715303717,14.072822580934
2021-01-25,2.8262219168924245,-10.165897470769861,15.124787802304306
2021-01-26,2.666922888960163,-10.649054371025867,15.170112048245986
2021-01-27,2.5616971714874928,-9.879131511947476,15.519258307908142
2021-01-28,2.5927727803301095,-10.226422837411247,15.775772655330893
2021-01-29,2.8607142434458246,-9.756813147872496,15.738930613040418
2021-01-30,3.013622894752962,-9.906545268910058,15.979880239216806
2021-01-31,3.1666945805979507,-9.410132792960747,15.216107054415579
2021-02-01,3.3682151757894965,-9.460248475902645,16.148631135287335
2021-02-02,3.2004302296281466,-8.922766188074215,15.455241658179592
2021-02-03,3.0702594209274565,-9.540884492174943,15.572404192992373
2021-02-04,3.0609869567382404,-9.772910657943703,14.999719865433475
2021-02-05,3.274596670382485,-9.837619000915916,15.894250308300746
2021-02-06,3.360935034380034,-9.619484963993614,15.482235199768338
2021-02-07,3.437223057433556,-9.554842524949102,16.15270970232601
2021-02-08,3.5539987093323524,-9.23363233362453,16.55912495265267
2021-02-09,3.2959276437875777,-8.957897023710458,16.765329892962146
2021-02-10,3.0724545097281135,-10.551713445195803,16.144342416256933
2021-02-11,2.969427713617963,-10.235026580311763,15.897398407997375
2021-02-12,3.0913681838432687,-9.837747182468638,13.722642947683621
2021-02-13,3.090567164918018,-9.430566070833162,14.89700138825346
2021-02-14,3.086535788356718,-10.313615798099123,15.510858386187795
2021-02-15,3.131889757020805,-8.625151174824012,16.34235651622447
2021-02-16,2.813108473394711,-9.362263867379117,15.109099618497064
2021-02-17,2.5411422862878186,-9.81691409409529,16.11375392796309
2021-02-18,2.4030018872189696,-9.577774927098021,15.17568884855639
2021-02-19,2.504001328312998,-10.563095090828234,15.29136833986584
2021-02-20,2.4968403368619456,-9.29816271727904,15.661558294445546
2021-02-21,2.501049029889182,-9.246652673241753,15.222221388474917
2021-02-22,2.5688784218459366,-9.209959657800873,15.109191110429775
2021-02-23,2.2860758115532365,-9.453168707590043,14.602681071355516
2021-02-24,2.0625181858975603,-10.590904765542588,14.59396320520416
2021-02-25,1.983836858428134,-11.081494661716354,14.111173394050045
2021-02-26,2.1537037497046434,-10.21263728339367,15.072703275757352
2021-02-27,2.222963699359969,-10.411868634636097,14.89477546095706
2021-02-28,2.309134445442972,-9.746643513059455,15.730718027722292
2021-03-01,2.462356056784657,-10.618080406609058,15.828514860476169
2021-03-02,2.2662272042533145,-10.973013887128657,14.918095920318486
2021-03-03,2.128499664539193,-10.480788161805055,14.80249923173439
2021-03-04,2.1327625374801427,-9.785551928135655,14.532527883952763
2021-03-05,2.380784903321177,-9.747955391127407,14.87924629514311
2021-03-06,2.5216997341433727,-9.391780233271993,15.422020638800076
2021-03-07,2.6715492688906224,-9.883552639609391,15.107754698081301
2021-03-08,2.8792724015068547,-10.221037576032131,15.514971236177459
2021-03-09,2.72757045629365,-10.27657730715349,15.859700894411068
2021-03-10,2.6236219847747413,-9.566091276230823,15.183567183412315
2021-03-11,2.6507775785916685,-9.819227402317132,15.076013323210073
2021-03-12,2.9109032235387624,-9.276237407348615,15.54101058732069
2021-03-13,3.05355509695514,-9.072738815899454,15.29502040607833
2021-03-14,3.1955063906200483,-9.618693498825401,16.042521420950784
2021-03-15,3.3867073534429486,-10.005735342329604,16.43789542459765
2021-03-16,3.2111158241424214,-8.21287715909945,16.087868903382063
2021-03-17,3.0773700077507318,-9.008033591953886,16.429145169345592
2021-03-18,3.0704357990903133,-9.31565260547763,14.99163847452196
2021-03-19,3.293898636386494,-8.965752199345909,15.989972602294918
2021-03-20,3.3990843507275184,-10.290146177953657,14.874254531734566
2021-03-21,3.50453121583091,-9.38592384310087,15.77508733285889
2021-03-22,3.6618960251203383,-9.83697851784975,16.829845434933112
2021-03-23,3.4567330612681038,-8.505268528622436,15.388877057790175
2021-03-24,3.29911922219356,-8.873861897832757,16.160453954520317
2021-03-25,3.2752589879038085,-10.194526579301616,15.619788734208763
2021-03-26,3.4897404235114875,-8.551919158609508,16.633594126615662
2021-03-27,3.5946276923407514,-9.102240921716575,16.622957298867792
2021-03-28,3.708913059130454,-8.45917708075381,16.24977630016219
2021-03-29,3.8844117316617326,-8.295174360549845,16.738817650494163
2021-03-30,3.706538659085548,-8.923075787689065,16.101391207275025
2021-03-31,3.584940530061447,-8.925152336011877,16.40735455456439
2021-04-01,3.6051163624704006,-8.243730335590428,16.521799558472967
2021-04-02,3.8706973261883406,-8.676847605958955,15.874950372837345
2021-04-03,4.03257047591355,-8.215573100681949,16.738450473418098
2021-04-04,4.208368359477332,-8.274935519883265,16.42623125045528
2021-04-05,4.448406649564686,-8.966060388647234,18.262742322199866
2021-04-06,4.336507568056874,-8.88609795689359,16.317460507641435
2021-04-07,4.2806808900152635,-7.670383483122747,17.137531043184623
2021-04-08,4.364794400445818,-8.726121161425732,16.263579528299648
2021-04-09,4.690902910525708,-7.120404863774103,17.584309563421797
2021-04-10,4.908419005807495,-7.51967735434423,17.212697408224155
2021-04-11,5.1336460632750835,-7.366779925519212,16.762523778969467
2021-04-12,5.415754375439718,-6.864586918569358,17.41324536371676
2021-04-13,5.3376369992103685,-7.74192519960046,18.76929955746598
2021-04-14,5.306616157568727,-7.708003390346132,17.71328975066534
2021-04-15,5.406131329270059,-7.031456778474578,18.07864561373954
2021-04-16,5.738077637907691,-7.218264151860475,17.771736868679852
2021-04-17,5.951977474511917,-6.315007990032881,18.64671051333357
2021-04-18,6.164505915449176,-6.9615896869244605,18.23254491002567
2021-04-19,6.425451060506287,-5.6414221280801575,18.342551911290435
2021-04-20,6.318546447728473,-6.390436143006028,18.45088106456804
2021-04-21,6.252147146972118,-7.284911660559183,18.534238209587357
2021-04-22,6.310881652005896,-6.88701268205683,19.16359478889838
2021-04-23,6.597949347244764,-5.206395329788607,19.683639532213853
2021-04-24,6.76424779202835,-5.9466077055780975,20.039562755100786
2021-04-25,6.927851796544287,-5.881421072738253,19.937536149841463
2021-04-26,7.139926886663512,-5.702069434713109,18.721097656348505
2021-04-27,6.98551580141215,-5.632893977770244,19.364858551980262
2021-04-28,6.874171081162132,-5.511951033499944,19.53749809938447
2021-04-29,6.891567246758366,-5.2173084422550255,19.702754703900286
2021-04-30,7.1417636078256095,-4.583900002810558,20.441383288476985
2021-05-01,7.276303048247172,-5.249442056265382,19.595113984824824
2021-05-02,7.4136696768911285,-5.478771598999915,19.143165468577312
2021-05-03,7.605188635398194,-4.600498865323956,19.84137640601199
2021-05-04,7.435807160361337,-4.717582008228188,19.88456115492291
2021-05-05,7.314730156304625,-5.470824801589391,19.537824602050115
2021-05-06,7.327043716261675,-4.3958795819921574,19.383237927024055
2021-05-07,7.57599730448106,-5.078653470252939,19.861508870302487
2021-05-08,7.712129374577039,-4.960343189168751,19.458620972013865
2021-05-09,7.852758502652305,-5.301028436682853,20.976901868384704
2021-05-10,8.047922308893758,-4.298816734599152,21.524108607812277
2021-05-11,7.8812020674956305,-3.364322851829505,20.591376194836617
2021-05-12,7.760404920791002,-4.6653151639879935,19.7222995510027
2021-05-13,7.769235691281236,-4.132095685092545,19.978289881431078
2021-05-14,8.009627504164929,-4.810463145975915,20.209410967338606
2021-05-15,8.130914478518655,-4.09482166773746,21.25651981412545
2021-05-16,8.249367084410252,-3.721171244025894,21.0624767884149
2021-05-17,8.414171035374238,-5.010993769771579,21.389217917870184
2021-05-18,8.208286333259254,-4.9583636911931785,20.561892809312088
2021-05-19,8.039157259185805,-4.208277693330259,20.88212697692865
2021-05-20,7.990404377666404,-4.123886291800183,20.217013531053677
2021-05-21,8.164167064308202,-5.201022183412617,19.38367925633006
2021-05-22,8.210279359878426,-4.181802447342118,20.23395576877661
2021-05-23,8.245799554349722,-4.800822163883353,20.500529029280127
2021-05-24,8.320974445606783,-3.827710220390613,20.99528031270416
2021-05-25,8.020075232983187,-4.147803362405725,20.296861443433578
2021-05-26,7.752076441506912,-4.333792439868773,20.712980925683354
2021-05-27,7.602309788223735,-5.877399743674283,20.472941209881142
2021-05-28,7.6747625634387315,-4.7445670531067545,20.174821260946235
2021-05-29,7.6212045793831775,-5.2550468552285015,20.320365752194274
2021-05-30,7.560665490627526,-5.050583060674347,19.290368365958457
2021-05-31,7.545344941415568,-4.5829854118704585,20.61632343596613
2021-06-01,7.161394075931014,-5.569783913022419,19.6240771366147
2021-06-02,6.819541401901163,-5.703443894478602,19.400057222982376
2021-06-03,6.606696484827042,-4.611054472786933,18.618844435371113
2021-06-04,6.628202536228996,-5.234529362987252,18.986511807466435
2021-06-05,6.536923319178143,-6.26222512269678,18.948648731402074
2021-06-06,6.452687385082025,-5.543874538362425,19.259699166586145
2021-06-07,6.428173109022374,-6.523162065173471,19.000077918868048
2021-06-08,6.049673843426278,-5.794166108162255,18.343838149818477
2021-06-09,5.727716711849833,-7.021192037076027,19.10645495308301
2021-06-10,5.548668782380418,-6.982950044343212,17.365686270637273
2021-06-11,5.617001668442872,-6.220792350897491,17.469660139218323
2021-06-12,5.584399686216591,-7.255301463879304,17.1733727138746
2021-06-13,5.569234017849238,-7.456762197345797,17.724551090541155
2021-06-14,5.622485527963635,-7.6259217017250345,18.00726649734763
2021-06-15,5.328554501732881,-7.915496796074335,17.73489989553983
2021-06-16,5.0959295733029695,-6.563021228921217,17.340186016150398
2021-06-17,5.00884816584217,-6.614911631410658,17.039547222447364
2021-06-18,5.169617948764379,-7.898599779386413,17.998896509982632
2021-06-19,5.22778282006184,-7.953077707138058,16.49616371157955
2021-06-20,5.299654210053072,-6.98559975281506,18.327952829308362
2021-06-21,5.434288718034723,-6.988405907539545,17.596020770793434
2021-06-22,5.214348778976897,-7.961097108403138,18.571538945796345
2021-06-23,5.046817169070024,-7.74970380907598,16.574386608844147
2021-06-24,5.014696365639817,-7.105805420895668,17.44410131234735
2021-06-25,5.219361153917649,-6.967786601065793,18.30863052388724
2021-06-26,5.309747101327765,-7.10682041700746,18.573327194662106
2021-06-27,5.401895060290901,-6.497688410505511,18.070205721611476
2021-06-28,5.54493234675118,-7.19841857220253,18.048201033604055
2021-06-29,5.321927209209841,-7.127451834979685,17.898436575821883
2021-06-30,5.140587599305772,-7.404530411975603,18.648121856721254
2021-07-01,5.084935740523656,-7.478195762644475,17.897952545288916
2021-07-02,5.257627633436155,-7.160330732958794,17.22161777444263
2021-07-03,5.309101107006993,-6.705748963535311,18.029165748561066
2021-07-04,5.357073779805934,-7.226883215435876,18.009220914593893
2021-07-05,5.4524729596519,-7.196360568643854,18.94574078418781
2021-07-06,5.180235615594091,-7.704003668324111,17.084231552477924
2021-07-07,4.949951045295601,-7.5488148691502746,17.976771068685505
2021-07-08,4.847479391681982,-7.142235205406267,18.587346805140857
2021-07-09,4.977216800762428,-7.813342294080207,16.985549578209284
2021-07-10,4.9911924308902424,-8.319581891643068,17.2318484464704
2021-07-11,5.0085201777959805,-6.823656471459063,17.0437182231682
2021-07-12,5.081288499635017,-8.033542625380429,17.211007844845483
2021-07-13,4.795327646625123,-7.833772191947667,18.62748653954556
2021-07-14,4.560827869095578,-7.519306079995112,16.223077522415227
2021-07-15,4.46394246036227,-7.439518108081534,17.30296859603682
2021-07-16,4.609046859682373,-7.696820251103427,17.48951152548986
2021-07-17,4.647839176666764,-7.929599365975826,18.186352304612285
2021-07-18,4.698804865824696,-8.451108086956232,17.96558359316069
2021-07-19,4.813128516892325,-7.735333111080714,16.24840425682669
2021-07-20,4.575491376419082,-8.672474743529296,17.56422719422389
2021-07-21,4.394727235221161,-7.776170473013966,17.619258366037187
2021-07-22,4.355469376742396,-8.368226976966316,16.757656916446805
2021-07-23,4.560458462655829,-8.34343732553862,17.885033559008516
2021-07-24,4.659695220836467,-8.758621202041239,17.288615882150673
2021-07-25,4.769959065586763,-7.965655626580844,17.43904999513681
2021-07-26,4.94077396227676,-8.012659650337671,17.10229925360791
2021-07-27,4.7552584933013,-8.161891977269907,17.332955031029055
2021-07-28,4.62083114622452,-8.417356621074893,17.14523321910842
2021-07-29,4.62090199881281,-7.824720614484048,17.878080492534398
2021-07-30,4.857219296414629,-8.437364872973681,17.155527649496783
2021-07-31,4.979053587251657,-7.630939429337708,17.35316520491232
2021-08-01,5.102739563902887,-7.623808330546642,18.477020595302875
2021-08-02,5.27765618967478,-7.972691141405996,17.33944200665898
2021-08-03,5.087081604304556,-8.079299348057454,17.217504716406676
2021-08-04,4.938893653229938,-7.255566452865892,18.08835683038505
2021-08-05,4.917247330661946,-8.518789459176455,17.45038487804518
2021-08-06,5.124898037191171,-7.953930196084676,17.589628474241604
2021-08-07,5.212354001495032,-7.758409778662496,17.208186968539863
2021-08-08,5.297378957636501,-7.8375931826044605,17.79901242143935
2021-08-09,5.430926831889017,-6.224641815621304,18.062091416177363
2021-08-10,5.197946306390853,-6.274949164781261,16.881450743547877
2021-08-11,5.008027634041761,-7.807253852634561,17.331197647461874
2021-08-12,4.947024637102419,-7.530616742712884,17.156173835244797
2021-08-13,5.119322495656554,-7.184088393546658,17.26533975730912
2021-08-14,5.176936393298875,-7.459872162306402,18.049729184492723
2021-08-15,5.238963790052269,-7.52370331972875,18.233221766455365
2021-08-16,5.357473665121006,-6.429865708828821,18.640161908775482
2021-08-17,5.118272047314083,-7.116179542834092,17.896832393242523
2021-08-18,4.931517475601808,-7.967113384515716,17.32103760323833
2021-08-19,4.883320368560749,-8.723331161811329,18.176608334611338
2021-08-20,5.0779977006089565,-8.625982538158892,17.47743894577162
2021-08-21,5.167168564007525,-6.613758584123751,16.4447011320252
2021-08-22,5.2692136008345445,-7.544373252952567,18.060084320790782
2021-08-23,5.435181555571626,-6.8225302337838345,18.011258743690895
2021-08-24,5.249581868435932,-6.4435948476734435,18.36910322065012
2021-08-25,5.121036257730214,-7.232342793725664,16.762674510511697
2021-08-26,5.133922297522208,-7.31601469954588,17.14669638536819
2021-08-27,5.3906791642707566,-5.810286497379695,17.903247280850586
2021-08-28,5.540959689294942,-6.571438590984024,18.504521515321176
2021-08-29,5.701150082093367,-6.686082480053912,18.724888115551842
2021-08-30,5.9203388248920055,-6.301445846888045,18.654005124618806
2021-08-31,5.781171827546055,-7.751458451222317,18.187053389483555
2021-09-01,5.690564932217352,-7.32249659033563,18.52245462881057
2021-09-02,5.731404941567768,-6.338416269643541,18.89582903974226
2021-09-03,6.00490759151421,-6.768280048914254,18.10235541877003
2021-09-04,6.159814984587587,-6.418428531828469,19.455653530266023
2021-09-05,6.3119524080287706,-6.371715649258773,19.1868798458012
2021-09-06,6.510224819464801,-6.666016484538651,18.567759241520772
2021-09-07,6.337489132257136,-6.182668428717055,18.738824345146405
2021-09-08,6.20127272330449,-6.220176962925136,19.03074513486085
2021-09-09,6.185468982499305,-5.402561390951327,19.287053405242666
2021-09-10,6.392678295290207,-6.112136906863183,19.871366811191265
2021-09-11,6.473377273341441,-6.185079330198019,18.96795915104659
2021-09-12,6.545436779085047,-5.372748821253903,20.219196916347553
2021-09-13,6.66006995632314,-5.940301879414963,19.272829580589406
2021-09-14,6.402647611931746,-6.559786765158783,18.897118458544604
2021-09-15,6.183352835837966,-5.2852501857622585,19.26726392891144
2021-09-16,6.088807354795143,-5.462314906886551,19.12441174906283
2021-09-17,6.224339853762132,-6.091620622309096,18.92150002418613
2021-09-18,6.243081037669872,-6.4765529975331315,19.516629664717254
2021-09-19,6.265407998189095,-5.611400361648745,19.29135616088767
2021-09-20,6.344821121384372,-6.217655713647218,18.927644223589414
2021-09-21,6.068692853212676,-6.476283892414461,18.566385410638627
2021-09-22,5.8488620748025,-6.762873385911968,19.16209330461004
2021-09-23,5.773208287991117,-6.211513210577747,18.607065374707325
2021-09-24,5.9478773418566835,-6.575143962111166,18.483439356259808
2021-09-25,6.0263447192261905,-7.248631820688539,18.718870018635414
2021-09-26,6.128839907664548,-5.883392316578488,19.10211330456289
2021-09-27,6.308215736532578,-6.3367637324704305,18.626639977585633
2021-09-28,6.150702309655831,-6.299887613572206,19.168729298948932
2021-09-29,6.066519255163176,-7.0249158332740045,18.11123417357186
2021-09-30,6.141480119519766,-6.770519271405627,19.24781306585289
2021-10-01,6.479259929317444,-5.852184555340276,19.172323882562466
2021-10-02,6.730510917638398,-5.86151403614542,18.8801715260501
2021-10-03,7.01234862984635,-5.332774106245452,19.78202050204405
2021-10-04,7.374290728817611,-5.0898550901551465,19.26174088870423
2021-10-05,7.399086358126308,-4.857335414723428,20.152816290943324
2021-10-06,7.493407852751386,-4.940008599876841,20.56537550591383
2021-10-07,7.73953658402016,-5.062062108159062,19.975636220845463
2021-10-08,8.237711869640206,-4.33095183971318,21.407023756745673
2021-10-09,8.63532585754426,-3.5262626686552663,21.387483656205564
2021-10-10,9.046484571887792,-4.7600919628990885,21.672408899816993
2021-10-11,9.518015531342645,-2.5447575247171392,21.672125877239573
2021-10-12,9.630358056648019,-2.0848509836808735,22.57104442106683
2021-10-13,9.78830653058013,-2.5609950226026923,21.717284546383578
2021-10-14,10.07273712658995,-1.8133385126398487,24.051342470895953
2021-10-15,10.582985955783485,-1.9513052131630861,23.438072492698137
2021-10-16,10.966060874435735,-2.3815926602465565,23.452147525108515
2021-10-17,11.336206804833633,-0.8825318108696655,23.802951382650082
2021-10-18,11.740904982178044,-0.6300253537454408,23.951094430855015
2021-10-19,11.761742582851403,-1.3607761374654541,23.86624117455729
2021-10-20,11.80512365964331,-0.3950071323811297,24.604648971524018
2021-10-21,11.953952866057953,-0.5463618339418728,24.514790832789195
2021-10-22,12.30996115963189,-1.0039206075701692,24.305279687589554
2021-10-23,12.52285720473815,-0.8595639021114488,24.544676611805546
2021-10-24,12.709826001022755,0.6653633286850043,25.453075213729793
2021-10-25,12.921456970673137,-0.1063557138905566,25.143868014526586
2021-10-26,12.742539875691058,-0.03325731863175603,25.04502046499523
2021-10-27,12.582701448014497,0.18592234365570934,24.581880399551824
2021-10-28,12.528016158580384,0.06383429404085489,24.94295130964843
2021-10-29,12.683262192157299,-0.14027337536916823,25.24846231614759
2021-10-30,12.701008106849624,0.35325326337148066,25.874987574928813
2021-10-31,12.701053296824629,0.2672817666351523,25.85951721560558
2021-11-01,12.736305875507048,0.5765876531013289,24.87351475412421
2021-11-02,12.393537490131493,0.5403287777097365,25.01190457140889
2021-11-03,12.083988817214816,-0.25818174967138274,24.069800124552295
2021-11-04,11.894959738283095,-0.8718155936218838,23.869743862943665
2021-11-05,11.932055530566636,-0.5001764067687843,23.827881888716455
2021-11-06,11.848274511099929,-0.21472338390793697,24.241599457770487
2021-11-07,11.763459909959362,-0.5300012581699965,24.935817566205138
2021-11-08,11.73019895931235,0.19438477921465527,23.952880508648807
2021-11-09,11.334607813634747,-1.0000787312194506,24.10578944023722
2021-11-10,10.986974920426102,-1.0866278606413977,23.540449637629578
2021-11-11,10.773395512467406,-2.030000404972731,24.19239020130202
2021-11-12,10.798067072131943,-2.43965189766726,23.261449425239814
2021-11-13,10.712429612064298,-1.826839704258992,23.927451114522654
2021-11-14,10.634671892869815,-2.664798202940799,23.98360425735922
2021-11-15,10.615684898253217,-2.5843420341208563,24.277255422556166
2021-11-16,10.239899555455647,-2.866585527171165,22.81088671334762
2021-11-17,9.915979779391883,-2.429775040325544,22.7373326154592
2021-11-18,9.728502102055362,-2.817359025256224,22.38101283970477
2021-11-19,9.780290499980765,-2.8103742910676908,22.7425495243722
2021-11-20,9.72158923285238,-3.7569362489733296,23.00251368955259
2021-11-21,9.66959401720054,-3.250645730194206,22.275767998333418
2021-11-22,9.674422314203648,-2.558133133787647,21.921811691242233
2021-11-23,9.319959445944441,-4.084423677501551,22.206220542296425
2021-11-24,9.014551617401233,-3.3870569698002853,22.86169277347271
2021-11-25,8.842677373066888,-4.132981113832537,20.655937835637697
2021-11-26,8.907266624637021,-2.8267318699901596,21.993256093523115
2021-11-27,8.858850822980553,-3.7222071215466075,20.456705858973464
2021-11-28,8.81506556799301,-3.2805408749542675,21.093588006763028
2021-11-29,8.826587581386818,-3.9141557574657857,21.76810518952878
2021-11-30,8.477944040782376,-4.484903092922025,20.211913402435957
2021-12-01,8.178166732151874,-3.53321206654246,20.522805255658223
2021-12-02,8.012423979949846,-4.260811955712297,20.27569260760639
2021-12-03,8.084300926370014,-3.95424340897346,20.734786397090286
2021-12-04,8.04491312627956,-4.426873910838125,21.73753904776984
2021-12-05,8.012376058740761,-4.748170795915307,20.19487080696447
2021-12-06,8.037713659732566,-4.328970654286357,20.6349862236423
2021-12-07,7.705644888989801,-3.9162547254177693,20.342927597004316
2021-12-08,7.425221605395099,-5.687062914173098,19.843530311180483
2021-12-09,7.281451304834583,-5.218254902305807,20.796870407599265
2021-12-10,7.3775756449260435,-5.367275666559103,20.16106558154131
2021-12-11,7.364189823661649,-4.2567188654975165,20.487627838633784
2021-12-12,7.358725257647184,-5.870338248868829,18.745413477816125
2021-12-13,7.411378258752048,-4.198242584325338,19.464554557681662
2021-12-14,7.105923078417816,-4.833102337574939,20.39503287903902
2021-12-15,6.850381733018895,-5.809723166607307,19.039247904286647
2021-12-16,6.7286831128345135,-6.0697812446432655,19.537964570611773
2021-12-17,6.8429810906716355,-5.765007874095674,19.862306265595222
2021-12-18,6.842815369959052,-6.4543613042270644,19.07639486562209
2021-12-19,6.844636113944805,-6.133078221388178,18.96180686388208
2021-12-20,6.897773618460398,-5.662971175918338,18.99462800406193
2021-12-21,6.585289974600902,-5.312860905634547,18.297819542112336
2021-12-22,6.314683770676146,-6.496085820086974,18.75037451016994
2021-12-23,6.169579074685375,-6.801594022550067,19.0979921001823
2021-12-24,6.252067295599849,-6.273576226539772,18.216190611247352
2021-12-25,6.211884725653008,-5.7391850951578185,18.67832610262013
2021-12-26,6.165946079017223,-5.896784506678339,18.737676480754672
2021-12-27,6.164314799248978,-6.475707926022095,18.65379565718143
2021-12-28,5.791046845727316,-7.3737752825755765,17.954403131683065
2021-12-29,5.454879036195791,-7.4680497685750105,18.481970401693392
2021-12-30,5.2408934803671325,-7.745627686412001,17.747022418299245
2021-12-31,5.252827256244572,-7.214747811050685,17.816798912013372
2022-01-01,5.142210930379205,-7.439157946688109,16.866730898778005
2022-01-02,5.027857260248251,-6.919926463713404,17.882102754410987
2022-01-03,4.961782069117188,-7.510689140069672,18.170401167014813
2022-01-04,4.52999538183567,-7.413938604339328,17.59738277547793
2022-01-05,4.143135397265336,-8.64818415043858,16.20761688198664
2022-01-06,3.888078407292249,-9.208519551199645,16.49609608779252
2022-01-07,3.870195418965164,-8.83473116236234,15.729253858518849
2022-01-08,3.7424406679682205,-8.977523387469676,16.0210559596395
2022-01-09,3.624794883070207,-8.743573638660221,17.516523979000677
2022-01-10,3.5701467018019586,-9.244766923100054,16.349741755239787
2022-01-11,3.1650515811112667,-9.384122212496797,15.153259250449217
2022-01-12,2.820341840572871,-9.884324392391802,15.200480288007068
2022-01-13,2.6227217832673166,-10.35098466373202,14.904096193458939
2022-01-14,2.6770192324517006,-10.22766097522545,14.763161402203865
2022-01-15,2.6352789806492756,-9.987718521874017,15.319917396137226
2022-01-16,2.6162210344011565,-10.12705862753976,15.41020176440064
2022-01-17,2.6711467903975596,-8.6145419450917,15.246325832967296
2022-01-18,2.3847319390921924,-9.740243132453605,14.840875513397076
2022-01-19,2.165678916062744,-10.745540921181538,14.413113751330846
2022-01-20,2.0983617806212767,-10.83795826802751,13.878125273434328
2022-01-21,2.285133574650194,-9.222815882835086,15.222410603286933
2022-01-22,2.3754801888879307,-9.646640555367902,15.254518842843703
2022-01-23,2.485542007216188,-10.529616760375863,14.388447636764472
2022-01-24,2.664084753860774,-8.847683251970565,14.706909037491695
2022-01-25,2.4933565791275467,-10.169554865057036,14.247062721957757
2022-01-26,2.3798024437431993,-10.413781665695604,14.529911186832171
2022-01-27,2.405766971694972,-9.957076811770428,14.564894599218245
2022-01-28,2.6718542145471553,-9.810202785674068,15.188210885157199
2022-01-29,2.8261268904109924,-9.309982566821972,16.14306884460342
2022-01-30,2.9836650923553902,-9.563548975863213,15.465860978075938
2022-01-31,3.1925648408003178,-9.56817301064452,16.534631316783358
2022-02-01,3.0348127211855687,-10.457833108149538,15.872966107446395
2022-02-02,2.9170071522327596,-8.68192959778866,15.422389085903365
2022-02-03,2.92205723492376,-9.419081816557009,15.261027689113586
2022-02-04,3.1515277075470256,-9.567890096415976,15.089355198413429
2022-02-05,3.2548129528479133,-10.245433786224188,16.04711120263535
2022-02-06,3.3486607252711624,-9.594391341820966,15.402605604642176
2022-02-07,3.483126917860966,-9.30023433553119,16.194085056621407
2022-02-08,3.242398800563246,-9.118943312824866,16.711265716155708
2022-02-09,3.0354586778155284,-10.053214456850094,14.953824156292752
2022-02-10,2.947720490671613,-9.715780365880034,15.4501236432489
2022-02-11,3.0833095920751763,-9.002198224539494,16.071352662811144
2022-02-12,3.0941704245543873,-9.372719187800271,16.262270042149886
2022-02-13,3.0995245811399292,-9.663305755133425,16.256614066102134
2022-02-14,3.1517623601306903,-9.589035394524585,14.84558085186965
2022-02-15,2.837206964205078,-10.342143109411296,15.704741614230821
2022-02-16,2.5667248895947314,-10.200805858983115,14.507912059733556
2022-02-17,2.4273164625529486,-9.807554432190182,15.548989951069375
2022-02-18,2.5243579775176124,-9.403762162843039,15.923193315500216
2022-02-19,2.5106811517251577,-10.304099410870291,14.400625745141967
2022-02-20,2.506013094766177,-9.824089649313864,14.488934727459538
2022-02-21,2.5628603341221505,-10.23090198728621,14.855984913554323
2022-02-22,2.2672761789499334,-10.772954964293092,14.872677605776234
2022-02-23,2.029484798219932,-10.052772250903699,14.467889389870304
2022-02-24,1.9354955053991487,-11.259947053461834,14.099997973264344
2022-02-25,2.089377958008272,-10.157386265974377,14.296393407684548
2022-02-26,2.1423829821160028,-10.563606505776068,14.336234670718571
2022-02-27,2.212430986801765,-10.86930962987738,14.74455934898126
2022-02-28,2.350050083666046,-10.565530897187623,14.56619018288067
2022-03-01,2.139201616905133,-10.253511303313179,14.811001052762242
2022-03-02,1.987964798499421,-11.02303926434299,15.332530832658804
2022-03-03,1.9802122030175004,-10.528693463261675,14.429398834935508
2022-03-04,2.2179450868441,-10.970946723174052,14.063637176458494
2022-03-05,2.3504715426461966,-10.522724334429707,14.517149520963986
2022-03-06,2.493947847863761,-10.336238712973163,14.809734973003007
2022-03-07,2.6973636547777438,-10.211140779163346,14.790753405138132
2022-03-08,2.5434074404892324,-9.523049699789714,16.0431715891767
2022-03-09,2.4391828405800338,-10.097925302734781,14.572551838670654
2022-03-10,2.467906796295733,-9.603315661812852,15.659648137711248
2022-03-11,2.7312579238689554,-10.912660663744632,16.022152768012788
2022-03-12,2.878557843498608,-9.628600377959964,15.092597570571073
2022-03-13,3.0263058425287137,-9.013198877742028,15.451002332451408
2022-03-14,3.2241478227963283,-9.405599743149207,15.49879375485712
2022-03-15,3.0557165288764963,-9.26769268429256,16.012801260712337
2022-03-16,2.9293145166038093,-8.792121066774657,15.434648270392993
2022-03-17,2.9295718583734125,-10.042688889968069,14.894473309310053
2022-03-18,3.1597482587372783,-9.069254190391776,15.536595592183987
2022-03-19,3.2708637424660445,-9.378976715994364,16.312090576444014
2022-03-20,3.3811798310647507,-9.316944868475158,16.087160616875938
2022-03-21,3.542113769796996,-8.569823781494526,16.0222622772135
2022-03-22,3.3390244366206603,-9.332964983628075,14.93568108159989
2022-03-23,3.181843001283506,-9.506033140556386,15.841787673001768
2022-03-24,3.156681866707957,-9.671484249970254,15.744304992517591
2022-03-25,3.368092983601427,-9.068732850132585,16.03222739163062
2022-03-26,3.4681609583877226,-9.795631392646461,15.918252759075296
2022-03-27,3.575953932582043,-9.75337848036571,16.462938192930558
2022-03-28,3.743415631702359,-9.79003265057268,16.146225642057836
2022-03-29,3.556137801608284,-9.367057637496941,15.577370988563198
2022-03-30,3.423986421555454,-9.603371007359605,16.01424181257554
2022-03-31,3.432715273811551,-9.837600800567994,15.26283101558774
2022-04-01,3.686237735437881,-9.409726890277227,16.487583644025587
2022-04-02,3.835741722343205,-8.705466646472203,16.854001290425224
2022-04-03,3.9991700255039353,-8.465778309832508,16.71369920986015
2022-04-04,4.227148474517978,-7.775798852192473,16.006901554240574
2022-04-05,4.103799989133821,-8.577139775895322,16.315436622582055
2022-04-06,4.0374165924080305,-8.025233565964017,16.98166103273209
2022-04-07,4.112121531930369,-8.105143419944111,16.946832917741244
2022-04-08,4.4301908673992045,-8.465909268349659,17.325509277316293
2022-04-09,4.6412179195512255,-7.221700756429911,16.929775748573544
2022-04-10,4.861641303935182,-7.783200038575909,17.137111456614882
2022-04-11,5.140717532994544,-8.206000616237684,17.63678557572277
2022-04-12,5.061374903830762,-8.229594129999464,17.58487278706885
2022-04-13,5.030919550808632,-7.819586950346362,18.05681892014076
2022-04-14,5.132724799425357,-8.218203350518563,17.532321368349553
2022-04-15,5.468572384219861,-6.869183093701679,17.23422500507383
2022-04-16,5.68782836812738,-7.714630422990129,17.708145937754352
2022-04-17,5.906974183238805,-6.421676820224373,17.54112340095368
2022-04-18,6.175573735362135,-6.0812547685657545,19.24466649818921
2022-04-19,6.077113511582567,-7.008873700538632,19.050432390001887
2022-04-20,6.019687047108749,-5.920099419424947,18.316794326312756
2022-04-21,6.087655604984587,-8.093799500436115,19.078106448640785
2022-04-22,6.383954566030395,-7.41786886913762,18.925847695919764
2022-04-23,6.559229489323457,-5.721109597733495,18.841686258252206
2022-04-24,6.73132353954074,-6.306419623912044,19.302045101868103
2022-04-25,6.951198614011839,-5.438032422608509,19.634009253941635
2022-04-26,6.803728570216889,-5.443809194545486,20.032817614030023
2022-04-27,6.698337397793463,-6.010134238836937,19.311739786750774
2022-04-28,6.720615656773775,-5.377619191438203,19.820811670605252
2022-04-29,6.974586082807528,-5.643348220155812,20.29753595113689
2022-04-30,7.111803615218742,-4.970581413494316,19.618729987609914
2022-05-01,7.250812691966345,-4.561584371105542,20.418955951431194
2022-05-02,7.4430451089836644,-5.026505928105642,20.12879099767214
2022-05-03,7.2735975963585435,-6.131882728844101,20.099328933560273
2022-05-04,7.1518624708693475,-6.065078007630445,19.176914066009005
2022-05-05,7.163144949673307,-5.194285987049412,19.8596093814027
2022-05-06,7.410938028098309,-4.421656212711542,19.70797878144517
2022-05-07,7.546039918166093,-4.230215859946169,19.74586576756642
2022-05-08,7.686036378682445,-5.135587903827801,19.73477264822128
2022-05-09,7.88123048229089,-4.955351684267584,20.74542045492309
2022-05-10,7.715458003451641,-5.315004756002288,20.330052296510104
2022-05-11,7.596760630985282,-5.986173048492169,20.329930005443344
2022-05-12,7.609049281573482,-5.179350817528211,20.817475909964063
2022-05-13,7.854426995703775,-4.698725009892238,20.462888794456493
2022-05-14,7.982354921244571,-4.5729370237849345,21.331804865754243
2022-05-15,8.109182199293413,-4.52439505134647,21.033092298108173
2022-05-16,8.2841208029239,-5.187054913483875,20.686744255881354
2022-05-17,8.090102085031459,-5.009737293908835,19.8004647721661
2022-05-18,7.93448592190379,-5.298808114217369,20.259688690071123
2022-05-19,7.900753563121128,-4.851416320741304,21.25872965487199
2022-05-20,8.090852690815133,-3.965685170622813,20.569971913498723
2022-05-21,8.154377432785894,-5.434420728206959,19.957254673220554
2022-05-22,8.208103625373106,-3.8161932334021595,20.930507584454222
2022-05-23,8.3019601166189,-3.4804441685030896,21.42673652195297
2022-05-24,8.019872873722944,-4.489007823058289,19.87637297467523
2022-05-25,7.770453058124048,-3.6864296131723737,20.817642244949383
2022-05-26,7.638660717483101,-4.62354985190897,20.85123850194953
2022-05-27,7.728113383365582,-4.133962076968864,20.618270984678006
2022-05-28,7.6902233296269,-4.525116556946813,20.320985469677105
2022-05-29,7.6436849935357145,-4.709299512743837,20.114111690139058
2022-05-30,7.640394716804246,-4.967333278479714,20.34265483465807
2022-05-31,7.266241057632291,-5.302406702883146,20.682469797003467
2022-06-01,6.931738400934503,-5.409690366485638,19.696993478218616
2022-06-02,6.723637110294508,-6.356054708262991,19.35578079373704
2022-06-03,6.747181087941952,-6.067571643425715,17.968020401365813
2022-06-04,6.6551980114543685,-7.369977145520866,19.0828093394706
2022-06-05,6.56754515391528,-5.925666143117345,19.96415171811062
2022-06-06,6.5369941982637325,-7.051345456585338,18.160881263118423
2022-06-07,6.149994361567802,-6.038901899682082,18.217879462687183
2022-06-08,5.817287399791493,-7.319684946694919,18.782938694389575
2022-06-09,5.625508332921409,-6.681533842824046,18.729434780431124
2022-06-10,5.679443087404914,-7.836663850517927,18.0068905485778
2022-06-11,5.631128378830935,-6.543138481138431,18.570448654781558
2022-06-12,5.599316516717038,-6.657249864393681,17.738121973081018
2022-06-13,5.635388043891145,-6.5958322760055825,18.738266932552666
2022-06-14,5.3241507682451585,-7.642824451626808,18.693791974341035
2022-06-15,5.074497761263188,-7.293415263748789,17.596395488269405
2022-06-16,4.97105695741497,-7.051996530692882,17.8526826016943
2022-06-17,5.11650217071674,-8.134678694400282,17.899742309048126
2022-06-18,5.160709336090251,-8.48531427573351,16.83134659703298
2022-06-19,5.220279051489481,-7.474003225781179,18.03101497511146
2022-06-20,5.344506683781131,-7.189772496044238,19.05206624704885
2022-06-21,5.116236951369812,-7.462012675882452,17.38563977101792
2022-06-22,4.942573966212993,-7.868375839921524,17.81593809547354
2022-06-23,4.906577877345356,-6.755970676720872,17.67127684594107
2022-06-24,5.1096165841100705,-7.3666638409994984,17.659399145475838
2022-06-25,5.200555162148607,-7.606822059629933,17.697141173989674
2022-06-26,5.295303131668441,-7.19620011258246,17.387217015494077
2022-06-27,5.44280013058503,-6.957196297241527,18.150316123224698
2022-06-28,5.225876472169604,-6.7046279515137455,18.619064573547927
2022-06-29,5.051959416405687,-6.407683531203875,18.361123061647522
2022-06-30,5.004756428486786,-6.897757548768772,17.997723572251626
2022-07-01,5.1865843050086955,-7.204442093563479,17.53470188242599
2022-07-02,5.2475274923432655,-7.4952122675358055,17.486273093385897
2022-07-03,5.304946657323026,-7.3683334015101805,17.95674233176867
2022-07-04,5.40941922526073,-7.721697990733202,18.032885793432285
2022-07-05,5.145549705257648,-8.001841426376224,18.260453831873214
2022-07-06,4.9226221207595975,-8.118468019521071,16.535859928444747
2022-07-07,4.826227411953711,-8.258623367947758,16.747835080487345
2022-07-08,4.96053634111256,-7.954376116757124,18.301372487439245
2022-07-09,4.977402884431285,-8.141787885490658,18.101273690136352
2022-07-10,4.995820788947762,-7.570157666272794,16.54057652818113
2022-07-11,5.0678165394339425,-8.26827953818025,16.992986655652032
2022-07-12,4.779217951096259,-7.679517913522088,17.11870199010576
2022-07-13,4.540271926459704,-7.833217755806343,17.457583211920568
2022-07-14,4.4372452517030965,-7.0618513804780445,17.77772923866333
2022-07-15,4.5746797304125,-7.9936761021025635,16.976046638317765
2022-07-16,4.604487140486512,-7.376787666917091,16.755872619357007
2022-07-17,4.645406915223921,-7.922571880979079,16.934289695192877
2022-07-18,4.7489097294710305,-7.538686656560945,16.898705107656184
2022-07-19,4.499985857993611,-8.596839048983442,16.934629425810517
2022-07-20,4.307791221335085,-7.672516928253706,16.77583027421959
2022-07-21,4.257284115446947,-8.627462993895898,16.97257506870182
2022-07-22,4.451522814184346,-8.878874262594948,16.904233228756404
2022-07-23,4.540808224824451,-8.42979496387489,17.31171052654727
2022-07-24,4.642193034163956,-8.949579370330643,17.616923647374858
2022-07-25,4.805438948536262,-8.453007465594986,16.883166073909138
2022-07-26,4.613859250482493,-8.102625782824168,17.004191751032867
2022-07-27,4.475017925359308,-9.135644834328511,16.821151164134367
2022-07-28,4.47241672455927,-7.822624806042702,17.19212819746703
2022-07-29,4.707838806352131,-6.842032976033373,17.86006335654591
2022-07-30,4.830531714608872,-7.033020172599681,17.731149387379087
2022-07-31,4.956749884446186,-7.3373597234721135,17.727565180029142
2022-08-01,5.135737238918772,-7.942557719856905,16.83245096870858
2022-08-02,4.950586301564044,-7.452620082420733,17.19650206542435
2022-08-03,4.808944546148868,-6.943703698460649,18.44335300356954
2022-08-04,4.794699101281703,-7.701485982232299,16.93655622128674
2022-08-05,5.010308493259003,-7.510161772065036,17.89108007062197
2022-08-06,5.10596452097321,-7.11382752948109,17.70203277256857
2022-08-07,5.199105067703447,-7.1480769460767295,17.602976627991875
2022-08-08,5.340359294635732,-7.234835745723628,17.86809504611233
2022-08-09,5.114362761058749,-6.832742890166491,17.765202419042648
2022-08-10,4.930414519643345,-8.377653704637593,17.955098888593273
2022-08-11,4.87410879936974,-7.787782727102401,17.949430879816113
2022-08-12,5.049611578148344,-7.778164487440467,16.33026694270286
2022-08-13,5.10876683331334,-7.722435791341713,17.57829033716961
2022-08-14,5.170554994335231,-7.420350742204312,18.07555721189802
2022-08-15,5.286986735759224,-7.812625494889774,17.65433242549542
2022-08-16,5.043871271072452,-7.332339595115898,17.600628377459422
2022-08-17,4.851432685322242,-8.610884171670456,17.056381804116537
2022-08-18,4.795908236609375,-6.851079631890781,17.83903137632775
2022-08-19,4.981800033600276,-7.240267350378892,18.108765658684852
2022-08-20,5.060965735284297,-6.834607309986488,17.828380725835707
2022-08-21,5.152071380960961,-7.5217067639061845,17.213130567657007
2022-08-22,5.306489778134583,-7.73600558546958,17.436301653835244
2022-08-23,5.109083593964305,-7.441826274338118,16.978218283727482
2022-08-24,4.968846366255649,-8.12772082613999,17.769241754043545
2022-08-25,4.9705347427249755,-7.995505921035602,17.538583874746404
2022-08-26,5.216962450589118,-7.943180978106731,18.726970707063288
2022-08-27,5.358140478515889,-6.3601641618379015,17.733396112221715
2022-08-28,5.510785187692029,-5.251778219264435,18.35511042790512
2022-08-29,5.724276200641765,-6.7876006647426514,17.993121950133105
2022-08-30,5.581501491374969,-6.454587920270215,17.917468960484772
2022-08-31,5.48956107714976,-6.857124714428302,17.981672144908167
2022-09-01,5.5314607636290205,-7.5665379548301095,18.648893876493652
2022-09-02,5.808464601272115,-7.1016911483334315,17.42807602270426
2022-09-03,5.969288757468863,-6.836107890793904,18.04701055458075
2022-09-04,6.129656862701228,-7.020596959325731,19.484947617439403
2022-09-05,6.338297189220874,-6.838405870449597,18.829788184314783
2022-09-06,6.1778178087082996,-6.818156942811418,18.401349063617456
2022-09-07,6.055430103927969,-6.800675912984987,18.417849292814257
2022-09-08,6.054651344560131,-6.452719593449177,18.97771123956721
2022-09-09,6.277654550923303,-6.467183814771339,19.154122752202085
2022-09-10,6.374448238559387,-6.041914880813828,18.928177137769644
2022-09-11,6.462406318959017,-6.217144852385073,18.480953897964024
2022-09-12,6.59222905695787,-5.384420535571319,19.66177334149599
2022-09-13,6.3487720855817695,-6.221316873505042,18.871694003918353
2022-09-14,6.141714998109526,-6.096680483036997,18.890674100202506
2022-09-15,6.057201632507922,-5.641701750352268,18.206377998220763
2022-09-16,6.200121899371549,-6.254550436443652,19.704016890364453
2022-09-17,6.223219551755471,-6.251442891984252,18.395594417278744
2022-09-18,6.246548106108337,-6.284857671259905,18.281771730383458
2022-09-19,6.3233578236033665,-6.249099378056785,18.129434091198156
2022-09-20,6.040852780468671,-7.178495079090491,18.512259707831117
2022-09-21,5.810791537232671,-7.001230288098582,18.48742819037351
2022-09-22,5.721065418633978,-6.6421580535464635,17.94063823013654
2022-09-23,5.877926004972179,-6.418917484288954,19.421381705204738
2022-09-24,5.935047786451348,-6.025998294645566,18.941204885102096
2022-09-25,6.012949502245504,-6.651156924797114,19.177859526476112
2022-09-26,6.164858107977207,-6.402144277395569,18.532388319470076
2022-09-27,5.9774551266028055,-7.386697812326344,18.43768456975776
2022-09-28,5.861479289757311,-6.189947614297195,18.331781947679854
2022-09-29,5.90331953707358,-6.010018751115563,18.767351769355987
2022-09-30,6.2072696860582735,-6.133647995880875,19.128478276877107
2022-10-01,6.42463009893147,-6.4221516270491055,18.77742587218055
2022-10-02,6.67317892249046,-4.573315885515687,20.153225424501084
2022-10-03,7.003095603900922,-5.517406681453551,19.21297258932598
2022-10-04,6.997774935035751,-6.8815318790361895,19.90656040292988
2022-10-05,7.0645038094725745,-6.028742829584149,19.97816724835608
2022-10-06,7.2861328630696,-5.462574582405512,19.924291885964266
2022-10-07,7.763412292362487,-4.930175017330806,18.848759641928087
2022-10-08,8.1441750922288,-4.63742768693835,22.02104197888677
2022-10-09,8.542888194274969,-3.5685339294266316,20.96112164618927
2022-10-10,9.006652161675019,-3.381566844422033,22.153451951429386
2022-10-11,9.116085749048594,-3.1621418396018623,21.291344097897685
2022-10-12,9.276065723241434,-4.613380710136774,21.56911758314878
2022-10-13,9.5674525316888,-3.0255768600817827,22.46349771841537
2022-10-14,10.08946977466804,-2.2499621945599633,22.339674044390772
2022-10-15,10.488919666733572,-1.0877448105701804,23.806059962403317
2022-10-16,10.87975422167624,-1.0363585242304048,23.514974650604085
2022-10-17,11.309082397403568,-1.2537155228846701,22.875810847630667
2022-10-18,11.358049427256617,-0.8152465643039318,23.577754358642657
2022-10-19,11.432558988752422,-1.3553259554454968,24.01819218428179
2022-10-20,11.614969379436449,-0.8771484347555639,23.87576390067656
2022-10-21,12.006432548570782,-1.5421578627842172,24.59888034474748
2022-10-22,12.256059344768621,0.29058955276408543,25.404503283643717
2022-10-23,12.480432136460744,0.31815441148619533,25.421351430100795
2022-10-24,12.729546670507567,0.46495010566228634,25.818628446742604
2022-10-25,12.587621183896747,-0.3883145775320327,26.253438649242828
2022-10-26,12.463745316520338,0.5353118662264081,26.091801552508976
2022-10-27,12.443501946749418,-0.5422976924670915,24.693208344735083
2022-10-28,12.631232750937592,0.4745262373394786,24.61029912802022
2022-10-29,12.679132745546667,0.1342637209539067,24.799771496495925
2022-10-30,12.706696761479803,-0.5379853558929603,24.558709906175633
2022-10-31,12.766601354024242,-0.020138015250195287,25.486331769806117
2022-11-01,12.445461603127587,-0.7844749909845006,25.566917271755745
2022-11-02,12.154436555774225,-0.05477882797868618,25.55262346006106
2022-11-03,11.980817369425742,-0.7787924676119156,24.873958901620334
2022-11-04,12.030269605692316,-0.6163024356482842,24.514824110163637
2022-11-05,11.955915277806874,-1.7320739682077528,26.094394279377823
2022-11-06,11.877777637880387,0.30105669111284633,24.932995199783313
2022-11-07,11.848671939085554,-1.0437013652616125,24.37591224417659
2022-11-08,11.454981067015984,-0.7870175059778013,24.022889085324003
2022-11-09,11.107288960151127,-1.3932043381680546,23.932562214255817
2022-11-10,10.892004803614121,-2.3501265418441832,21.998278252784864
2022-11-11,10.913648162871542,-1.723726287896019,24.133898245278147
2022-11-12,10.823979211519664,-1.935921574762468,23.425730745580513
2022-11-13,10.741495468020153,-1.5530373712624217,23.592741511087954
2022-11-14,10.71737663198844,-1.2662913009686594,22.699850585655895
2022-11-15,10.33631474617108,-2.0715811455298887,23.29878559995351
2022-11-16,10.007200962233634,-2.762650676650079,22.288451724940693
2022-11-17,9.814800327640517,-2.721100033411105,23.19408839936281
2022-11-18,9.862083313955695,-3.8734117910318373,21.857655092202048
2022-11-19,9.79939695656228,-2.7886381567768797,22.280305878566928
2022-11-20,9.743995934890984,-3.0286953787505557,21.831103047746026
2022-11-21,9.74601432621024,-2.410498590798883,22.185642684963614
2022-11-22,9.389314652349325,-3.4657836973676823,22.13198421932053
2022-11-23,9.08218515625681,-3.380794112576176,22.27006960016595
2022-11-24,8.909016656502324,-3.7040527498344376,22.17190498042056
2022-11-25,8.972627901098429,-3.889964574743381,21.16175722767649
2022-11-26,8.923422751751684,-3.5092002386776913,20.922241643845524
2022-11-27,8.878900230926604,-4.433302792798894,20.95598423775223
2022-11-28,8.88959908492998,-3.577326368131996,21.878788711473266
2022-11-29,8.539914587721839,-4.8994709240573755,20.87467428625419
2022-11-30,8.238759775740363,-5.458756012487472,20.94453602772129
2022-12-01,8.071203821782179,-5.292253140667121,20.082203418728376
2022-12-02,8.14075789143161,-4.4578064268837805,20.871782960402253
2022-12-03,8.09849325133104,-4.466190469762445,21.254785744445623
2022-12-04,8.062514069705177,-3.6629721731855374,20.77862153036086
2022-12-05,8.08386789518593,-4.179001693254193,20.03519724032607
2022-12-06,7.747332753834441,-5.85965439946202,20.11608301741004
2022-12-07,7.462054113691604,-5.277846829311467,19.813994860071674
2022-12-08,7.313165294234132,-5.492222505069007,19.26766232776243
2022-12-09,7.40406231655154,-5.721721078139655,19.136861324772564
2022-12-10,7.385518378264494,-5.000611358520258,20.860593577840152
2022-12-11,7.3751605577733805,-5.052955572983863,20.402319956583245
2022-12-12,7.423391642472952,-5.128216322282851,20.494930007439017
2022-12-13,7.114195676741031,-6.555785856305891,19.715142880785088
2022-12-14,6.8557998932185935,-6.231231984347166,19.29255288997568
2022-12-15,6.73232579576676,-6.589500606546389,19.765346891447546
2022-12-16,6.846099383241244,-5.623305594701983,20.064774812947714
2022-12-17,6.846804525587117,-7.534175874264745,18.92679398637906
2022-12-18,6.8510007955285825,-6.082705030138468,20.389057900882456
2022-12-19,6.908087261534453,-5.595088767443896,19.644178730179163
2022-12-20,6.601149405339857,-5.488817338574598,18.617949391470603
2022-12-21,6.337660396975376,-6.045641065245575,19.38949672141051
2022-12-22,6.201168112752258,-5.65768669772715,18.6033953542736
2022-12-23,6.293636594363249,-6.3903973687217634,19.067148313301804
2022-12-24,6.264624803367718,-5.957401559221779,18.05106831882745
2022-12-25,6.2308229885160955,-5.591522150294554,18.559166736500682
2022-12-26,6.2420273898978795,-6.129951985388111,18.949416669037365
2022-12-27,5.881989892137632,-7.799371203372067,18.457221805612672
2022-12-28,5.5591135587136975,-4.685876911088628,19.21804589207799
2022-12-29,5.358125394137494,-6.041863099559591,17.517127701209983
2022-12-30,5.382395259629879,-6.775077938845852,17.75108593878176
2022-12-31,5.283084286044484,-6.843289985131147,17.779388517477525
2023-01-01,5.178643840838113,-6.579226411393395,17.976415170923005
2023-01-02,5.1207467423760145,-8.174500936188013,16.564469504158634
2023-01-03,4.695088506017769,-7.914413196979518,17.630523665886415
2023-01-04,4.312030895791295,-8.226043122995419,17.401208773167227
2023-01-05,4.058220600879746,-9.205969881629427,17.028208059963102
2023-01-06,4.038853522718635,-8.959627701926145,17.0274352245057
2023-01-07,3.906769618334506,-8.461088617079252,16.531783929006284
2023-01-08,3.781900952683714,-8.396045779052475,15.628036433221418
2023-01-09,3.7171561955119707,-7.903777643572427,16.754394285708212
2023-01-10,3.2991807891496996,-10.183510800378974,16.201054583853825
2023-01-11,2.9389663588128037,-9.07134738721802,15.782411680736327
2023-01-12,2.723443298219544,-9.93589833545,14.947625852930122
2023-01-13,2.7577279109705786,-9.996951064242005,15.942479658823446
2023-01-14,2.6942097004011742,-9.62532302224408,14.490467173882267
2023-01-15,2.652001838807603,-9.34040435593674,15.984208014582979
2023-01-16,2.682838147002646,-9.933701551295387,15.030569052273213
2023-01-17,2.3718556179784698,-10.593094603001417,13.885389999688636
2023-01-18,2.128235578432786,-9.80382260993727,15.421712088602737
2023-01-19,2.036836669377714,-10.885424394899843,13.817222073615241
2023-01-20,2.2004900203237705,-9.347720414043586,14.838875579486373
2023-01-21,2.2691409764019568,-10.416619638189706,15.620826677362734
2023-01-22,2.3593589823665693,-10.826023755302089,14.802499496945865
2023-01-23,2.5202973734681455,-10.242774537093833,15.812322557392031
2023-01-24,2.3345404162499754,-10.52256292726593,14.754628329312517
2023-01-25,2.2088089403285327,-10.284005833765878,14.711986729648157
2023-01-26,2.2256559773674107,-9.906524304641408,15.054596990244766
2023-01-27,2.485821054827093,-9.729242731848823,14.779278578578083
2023-01-28,2.6374258644719766,-9.898524522894268,15.059530618401377
2023-01-29,2.795531404888013,-8.752377196599133,14.585356796415612
2023-01-30,3.0081370214745875,-10.169406570543147,15.438424195931859
2023-01-31,2.857057577096591,-9.674547553471587,15.447763258934925
2023-02-01,2.748649233620681,-9.01688228588802,14.744665075550119
2023-02-02,2.7655146741215484,-9.307763588787804,15.48295152841413
2023-02-03,3.0088561188422642,-9.57005418371299,15.141621486504853
2023-02-04,3.1276588615169234,-10.447382973780465,16.22731177085272
2023-02-05,3.2382257336760283,-9.193787854014294,15.32610862270246
2023-02-06,3.390143522445991,-8.902207014073506,17.04257075594063
2023-02-07,3.1671184542473134,-9.368623815270187,15.021435735629863
2023-02-08,2.9776523565913813,-9.834744819897718,15.395048915449362
2023-02-09,2.906691680798424,-10.338555636577839,16.358081712368744
2023-02-10,3.057919274666314,-9.88311910735773,16.043335923244516
2023-02-11,3.082873307347455,-9.238631127019682,15.499484961116789
2023-02-12,3.1004155219530976,-9.847102525641,14.919198725335121
2023-02-13,3.1626316516039985,-9.462821720872517,15.081726744817727
2023-02-14,2.855602912639447,-9.560409207734537,16.22427603373397
2023-02-15,2.590021928667401,-9.390698886292386,16.450393683592875
2023-02-16,2.452786900717166,-9.751027406867806,15.379702668923809
2023-02-17,2.549245389949328,-8.6700113644157,15.542410293249578
2023-02-18,2.5322733959937254,-9.327333527580452,15.027505230778123
2023-02-19,2.5217129548223283,-10.059086068078475,15.738986125335357
2023-02-20,2.5702518786718196,-9.457689537424507,15.195640578211798
2023-02-21,2.264185055364064,-9.946824433602758,14.536148192413336
2023-02-22,2.0140308677140966,-11.023931170492693,15.269243640723676
2023-02-23,1.9061364538123993,-10.52631432522184,13.687077652954596
2023-02-24,2.0449427824316433,-11.45655516671574,14.31477617602778
2023-02-25,2.082094549003135,-10.601762487133675,14.476351420600356
2023-02-26,2.1359171735211295,-10.23422796002024,13.710047990594148
2023-02-27,2.2573433434646306,-10.714881755250868,13.907756412862303
2023-02-28,2.030727137499988,-9.698361781199177,15.72413067745461
2023-03-01,1.8645177474748094,-10.468905206139263,14.03247402186205
2023-03-02,1.8429248596317178,-11.643040514649666,15.07062883206344
2023-03-03,2.068244940951493,-10.202756708138114,14.55245254492041
2023-03-04,2.190031689296645,-10.48669392162962,14.440425056448273
2023-03-05,2.324631213745845,-10.202994350505586,14.797993749786068
2023-03-06,2.5211627542681434,-9.722150308661417,15.218944689975785
2023-03-07,2.362381470237856,-10.32892937387493,13.6802964022204
2023-03-08,2.255393979392711,-9.479066764814945,14.998956478699542
2023-03-09,2.2833575802445796,-9.72897086027585,13.442410004700767
2023-03-10,2.54783151526437,-10.756175228155469,14.586434468503288
2023-03-11,2.697962908536268,-10.022202887398528,15.982821788398072
2023-03-12,2.850027599336526,-9.593591778908891,16.19077268238598
2023-03-13,3.053406624177297,-9.012324735263588,15.81300560187618
2023-03-14,2.891435108256175,-9.344694771526246,14.337033512154122
2023-03-15,2.772094758742904,-9.204936707681378,15.570923092453322
2023-03-16,2.779681666417168,-9.86225672873025,15.196804220607438
2023-03-17,3.0171187847006835,-9.004795734775337,15.674720575299142
2023-03-18,3.1350969385195864,-9.4516182468905,15.537980387586709
2023-03-19,3.2515659730459396,-9.320214688443508,16.197315270622678
2023-03-20,3.41765831133056,-7.940905473416814,16.063484866453248
2023-03-21,3.2184832806424377,-9.241309803155168,16.41251270804807
2023-03-22,3.0637650335382385,-9.760807129199197,15.45167047289665
2023-03-23,3.039457389973804,-9.27539429723049,15.928797976143544
2023-03-24,3.2500065278152883,-10.030904827996903,14.778589979833617
2023-03-25,3.3474468251508003,-8.686591153775643,16.696851393828467
2023-03-26,3.4508527659004886,-8.843972611720547,16.359427674416512
2023-03-27,3.612230291893303,-9.439138903949011,15.887790187140473
2023-03-28,3.4172868562783685,-8.969602999436361,15.668908245969737
2023-03-29,3.2760536549473733,-10.721246410467998,15.768240781724561
2023-03-30,3.2744937507607736,-8.891051369964323,15.007813498608753
2023-03-31,3.5167671342667277,-8.709356948178103,16.55038614935118
2023-04-01,3.654337866759221,-8.840189561043312,16.614108694027756
2023-04-02,3.8054457921402753,-8.910722449529297,16.44700568694637
2023-04-03,4.021025522630302,-8.32849843162565,17.18947252730932
2023-04-04,3.885511043839996,-8.461468930127719,16.46828927791262
2023-04-05,3.8074983040695662,-9.339483973871316,16.35382769634961
2023-04-06,3.871398222920886,-8.60012483486785,15.616217748441816
2023-04-07,4.179749754941432,-9.132034602293068,16.64346133486425
2023-04-08,4.382376661065694,-9.732996671369474,16.932309251809425
2023-04-09,4.595908941766029,-7.287840230898609,17.194264113856562
2023-04-10,4.869750111541314,-7.050592681987491,17.561594121303667
2023-04-11,4.786927188163533,-8.148648188580086,18.0005777909304
2023-04-12,4.754794387229297,-7.383639806485244,17.318690261498634
2023-04-13,4.85672172186949,-7.425882104684223,17.692401077446036
2023-04-14,5.194437084151337,-7.651663708077965,18.630555797897557
2023-04-15,5.417204609334301,-6.037623036157025,17.574139353565474
2023-04-16,5.6413596580079535,-7.606868499342535,18.739631042427952
2023-04-17,5.916281227594851,-6.792778417132957,18.368695918163983
2023-04-18,5.825238559611266,-6.968899122688961,18.050242538776235
2023-04-19,5.7760830897177025,-6.9865758484784655,18.212853395804466
2023-04-20,5.852917354881721,-6.851939401628429,19.785825599685715
2023-04-21,6.158410093135201,-6.525770126694729,19.300797289031035
2023-04-22,6.342941219851032,-5.634201941923728,18.871156214522856
2023-04-23,6.52409809441901,-6.250203084090927,18.8217969699578
2023-04-24,6.752605130373524,-5.7952654374417385,20.2398948817949
2023-04-25,6.613124881150101,-6.244767421371239,19.882622401186268
2023-04-26,6.514903196490955,-6.079359318605242,19.40829199916865
2023-04-27,6.543391549270943,-5.814175679679325,19.45222242976434
2023-04-28,6.802517245583143,-5.688919410142966,20.012684450630346
2023-04-29,6.943786625728139,-6.63322150509066,19.388734520738677
2023-04-30,7.0857439963816535,-5.913110800510317,19.177591142292332
2023-05-01,7.279869535174989,-6.4274572329111415,20.743199141458003
2023-05-02,7.111355313340434,-5.434465805975762,19.19942328594731
2023-05-03,6.989732838806766,-6.107612544700497,20.128832086409467
2023-05-04,7.000485795867281,-6.200145076679407,20.117011897719845
2023-05-05,7.247319021520821,-6.323939424420953,20.828758814800715
2023-05-06,7.381268893905249,-5.07139396281734,19.510714352856354
2023-05-07,7.520177678850205,-5.545055236222068,20.010829809900667
2023-05-08,7.714614624928462,-4.4463487562317106,19.80505814226107
2023-05-09,7.5486822584625735,-5.5311106802207055,20.381614804260757
2023-05-10,7.430680363995577,-6.081037102843584,19.508477717190733
2023-05-11,7.444760214259257,-5.001372510567542,19.988247735465116
2023-05-12,7.693238815938167,-5.090423645468313,20.813586073380655
2023-05-13,7.825756949521815,-5.135544926589332,19.105900633042474
2023-05-14,7.958802071145867,-4.136510637754233,21.53146646254022
2023-05-15,8.141677352484056,-3.9873451115646206,21.30984516662183
2023-05-16,7.9573538057026365,-4.944790877268439,21.461816407206708
2023-05-17,7.813176530272621,-5.238835291013503,20.10389451762196
2023-05-18,7.792556297026592,-5.362936511632123,20.68145910667673
2023-05-19,7.997315028598766,-4.562467618753629,20.47015251344016
2023-05-20,8.076867926142148,-4.394740454640333,20.665971960462592
2023-05-21,8.14776249258896,-4.0789724505454545,20.732909848198815
2023-05-22,8.259655147395177,-4.2020397011094826,21.295359094260412
2023-05-23,7.996162053879511,-4.798520259322957,20.749228769495858
2023-05-24,7.765555136350666,-5.05054562150477,20.66648007331959
2023-05-25,7.652434712235261,-4.567017314698936,19.63071136597151
2023-05-26,7.760047772623613,-4.133476193808942,21.411658434136566
2023-05-27,7.739435386918125,-4.325042547281013,20.703614488900925
2023-05-28,7.7089304386565605,-3.965074762793098,21.25524901998619
2023-05-29,7.720087547766442,-4.419178624620064,20.445743356324428
2023-05-30,7.3584831304288825,-4.6798150779420675,20.30283937461929
2023-05-31,7.034358034726172,-5.744195946791563,19.223786076794333
2023-06-01,6.834235726202715,-6.042275285249532,19.289108819719072
2023-06-02,6.863186647813992,-5.800232332747228,19.009297418047005
2023-06-03,6.773923816099185,-6.34617872091559,19.78262074287825
2023-06-04,6.686252394617713,-5.437914879748035,19.858722248200294
2023-06-05,6.652956535949305,-6.1067192963166645,19.626008929804183
2023-06-06,6.260562738521535,-6.8293314223006645,18.940248490435128
2023-06-07,5.919953271552205,-7.017676329434554,18.24803316604289
2023-06-08,5.717963543641654,-6.631534018914664,18.926977149115203
2023-06-09,5.759634699607979,-6.591867039712316,18.43966357735659
2023-06-10,5.697306905817877,-6.878786837043606,18.043203781320994
2023-06-11,5.650076188927075,-6.770068734978063,18.105381890671197
2023-06-12,5.6696979640569625,-7.906609170486661,17.86521991065897
2023-06-13,5.34137606777161,-6.755378054523462,18.29222116209819
2023-06-14,5.074410154412984,-8.321799965203335,16.898062291032648
2023-06-15,4.953834392290539,-6.372302253724414,18.16006038265635
2023-06-16,5.082717587904403,-8.07294363157904,18.065436604233653
2023-06-17,5.111308857967137,-7.5778011279523545,16.37184793181649
2023-06-18,5.1565502284817,-6.701784234674196,17.692665621670574
2023-06-19,5.268037709349158,-7.193277955390948,18.73075196540365
2023-06-20,5.028868016767131,-7.182061480025025,17.76914350238389
2023-06-21,4.846342151465652,-7.80145239290856,18.518971824556345
2023-06-22,4.803657159765322,-7.784452227809186,17.0852186547986
2023-06-23,5.002254684506946,-7.079029984621934,17.170264738410967
2023-06-24,5.091009037576029,-6.936015693274939,17.250606377733693
2023-06-25,5.185774959415818,-7.865958970262353,17.786970559312092
2023-06-26,5.335375610077125,-7.5412426323672195,18.42302227405197
2023-06-27,5.122467199949614,-7.848239592579567,17.44908830781067
2023-06-28,4.954250966534275,-7.412150231240621,17.30930637597191
2023-06-29,4.914163600089741,-8.736424703582845,17.268270901068657
2023-06-30,5.104214785296982,-7.285319813540106,17.30586200485106
2023-07-01,5.174154933597452,-8.724218131379805,18.00620249815656
2023-07-02,5.240993887307557,-7.289222921932099,17.141323205597494
2023-07-03,5.354952010674759,-7.263716911765849,18.010887225543648
2023-07-04,5.100281175913036,-7.907165899968917,17.90680111969664
2023-07-05,4.885927647451645,-7.570739661996056,16.815897237692337
2023-07-06,4.797169422826143,-7.759662124547416,17.679124760821537
2023-07-07,4.937898268746313,-7.659170911168823,16.850226235745883
2023-07-08,4.959731167724587,-8.239829235485992,17.525360971761884
2023-07-09,4.981473617928218,-7.473317181402119,18.225170625593062
2023-07-10,5.055017834585672,-8.727430533963712,17.500033840825576
2023-07-11,4.766114917400663,-7.14783179161546,17.82086989948883
2023-07-12,4.524994420625342,-8.144567560192908,16.86332474239165
2023-07-13,4.417965152148191,-8.184935163355794,17.041321111839427
2023-07-14,4.549668504810034,-6.833767563914479,17.153777963953498
2023-07-15,4.572169865084776,-7.237242565545177,17.035413179153032
2023-07-16,4.6044111118747715,-8.808827896031877,17.242422400651467
2023-07-17,4.698107547082906,-7.821258750646722,16.082492886419157
2023-07-18,4.438528330195358,-7.079293774348762,16.511409445069667
2023-07-19,4.235133575367176,-9.084813223494407,16.73930970664177
2023-07-20,4.173201381463303,-8.708729491129677,16.681169620960702
2023-07-21,4.3561152810773685,-7.83734428099363,18.447773027543963
2023-07-22,4.434496599430614,-8.893662390264705,15.842105758547694
2023-07-23,4.525703476061169,-7.435165299922395,16.56981402669794
2023-07-24,4.679778463034794,-8.064681478015165,17.46698907212741
2023-07-25,4.480282218557207,-8.738807601942293,17.1676031421296
2023-07-26,4.334984822240585,-8.06467846861519,17.4721374995289
2023-07-27,4.327546320161897,-8.540891411321061,16.776555047011218
2023-07-28,4.559855343412398,-8.473332522949534,15.656813284102897
2023-07-29,4.681208718038549,-8.281504784026765,17.868047493645122
2023-07-30,4.807852363158792,-7.763593622670425,17.547784722722188
2023-07-31,4.988964095835014,-6.802300873180286,17.783569072347632
2023-08-01,4.807514766789217,-7.451249633299353,17.94024882138157
2023-08-02,4.6709783923580925,-7.18479637460173,17.277501587523883
2023-08-03,4.663022290477658,-8.248342483323912,16.939760613584813
2023-08-04,4.885845743534254,-7.994110883942279,17.12840969398459
2023-08-05,4.9893500751832525,-8.240071681201863,18.178036243984145
2023-08-06,5.090660699154097,-7.805366668856219,17.80328343896546
2023-08-07,5.240082305194338,-7.132045892109238,18.192643795680077
2023-08-08,5.021924422774772,-7.84099159142415,17.650476397592787
2023-08-09,4.845169091037675,-7.479400767920062,18.312958305144864
2023-08-10,4.795112921534281,-7.8677459142864175,16.429867052933936
2023-08-11,4.9756535334890115,-7.838201600060744,18.11646484319167
2023-08-12,5.038404840780222,-7.280972773477846,17.798641214589875
2023-08-13,5.102163428783694,-7.988004220191868,17.898263489257502
2023-08-14,5.218808904257051,-7.5440873301358,16.773971657673002
2023-08-15,4.974077163482475,-8.174454062013607,17.398778622506068
2023-08-16,4.778179946939737,-8.683755428369981,17.219800758625087
2023-08-17,4.717404492506283,-8.539903042555022,16.832388477630353
2023-08-18,4.896364631426503,-7.835912209053351,17.549940962173746
2023-08-19,4.9670889679878245,-8.357324755707605,16.821107923852544
2023-08-20,5.048469303704523,-7.317313874639669,17.06092120784901
2023-08-21,5.1921528435788025,-7.783077194500537,17.39045086889714
2023-08-22,4.983317494184195,-6.427474849101562,17.894595844537815
2023-08-23,4.831303683508293,-8.350387115519906,16.784380401226993
2023-08-24,4.821236269086588,-8.365767639023696,17.78812028197127
2023-08-25,5.0563073310153435,-7.3432179926551955,17.32987278713589
2023-08-26,5.1869046546504265,-6.930499303685292,18.098748928172377
2023-08-27,5.330107961629697,-6.883512083856313,18.295147774859494
2023-08-28,5.535635088919793,-6.757061008998445,17.694790614632534
2023-08-29,5.386675889530871,-7.10307970025401,18.21206708481433
2023-08-30,5.290585594056776,-7.809936220404849,17.854506063258743
2023-08-31,5.330569402458001,-7.263942999703758,18.312751606056356
2023-09-01,5.608027251005526,-7.015886892773538,18.003942162861794
2023-09-02,5.771741706711095,-7.412268930121909,18.66554185583944
2023-09-03,5.93742924869689,-6.764932142272556,18.501614452332173
2023-09-04,6.153735443183613,-6.974124291119947,18.711977922791732
2023-09-05,6.0031102491422645,-7.5009933160706375,18.569226159098186
2023-09-06,5.892533859484323,-5.4215183405563385,17.880481392121773
2023-09-07,5.905223755725702,-6.888779252433012,18.38617110549767
2023-09-08,6.142991105940888,-7.501209324513494,17.77208766305477
2023-09-09,6.255428945595261,-6.064043528500442,19.399856979111384
2023-09-10,6.359452207589303,-6.088668000203386,18.510914375451765
2023-09-11,6.505270243012021,-6.650700755005903,18.815927066019427
2023-09-12,6.277228531277574,-6.176242128171776,18.176340697208925
2023-09-13,6.084490762452823,-6.625026791898397,19.12647635010585
2023-09-14,6.0126930443794055,-6.952956668574351,18.443357238963586
2023-09-15,6.166239707594838,-7.182061554138922,18.852400241398307
2023-09-16,6.197424723354317,-7.693056096034051,19.081348888529018
2023-09-17,6.22590056649526,-5.9523193266301035,18.639190769736047
2023-09-18,6.3045770713133,-6.719654804816699,18.475583447726336
2023-09-19,6.0203889743695855,-5.902036831726207,19.753805114807893
2023-09-20,5.784905355406609,-6.932007792021952,18.436125514812066
2023-09-21,5.685914733824406,-6.9614278381182135,17.85148182249194
2023-09-22,5.829657218853945,-6.782080421393351,18.653994026716006
2023-09-23,5.869889519926101,-5.8408495393014945,19.134012778681868
2023-09-24,5.927306255619534,-6.577001061923398,18.36378098564221
2023-09-25,6.055401485857431,-5.555804567595742,19.43920802710638
2023-09-26,5.8412102682952725,-6.549988406417095,18.54833799730664
2023-09-27,5.695904255817183,-6.642273874599575,18.72035553102016
2023-09-28,5.70637557354125,-6.178567420202353,18.24786676197714
2023-09-29,5.977480515209332,-5.301632903326881,18.137271448395015
2023-09-30,6.161128662953791,-5.854529962970319,19.160594362078562
2023-10-01,6.375740326748061,-7.143956576480476,18.14706931827489
2023-10-02,6.672155360643892,-6.039855243956373,18.656935397722005
2023-10-03,6.634431986861497,-6.513826524588892,19.69380993831515
2023-10-04,6.6705082041309245,-6.494628256714114,19.190055899953254
2023-10-05,6.863858346672867,-6.453868440589079,18.818050536331125
2023-10-06,7.3158144758316555,-5.3561002265793745,19.21440662453686
2023-10-07,7.674736215373804,-3.5063705216841297,20.13795503167539
2023-10-08,8.055549853162137,-5.55428199575408,20.764466455984387
2023-10-09,8.505737668734145,-4.150120789382681,20.922182511327104
2023-10-10,8.606214053519384,-4.528032952879619,21.7710289949287
2023-10-11,8.762059025191784,-3.632337344365007,21.999936925596725
2023-10-12,9.054239870641997,-3.0989130668551077,22.216417066131694
2023-10-13,9.581988960103416,-2.186820469050661,23.63890721453752
2023-10-14,9.992019940353781,-1.9682127997969483,23.42623774469199
2023-10-15,10.398102000176548,-1.256786445326454,22.841400421432994
2023-10-16,10.847072341158107,-3.005299744456595,22.969406516649258
2023-10-17,10.91972291802983,-1.1463544792763718,22.332970652034522
2023-10-18,11.021531883270313,-0.6842755636555069,23.804129572473517
2023-10-19,11.234370641810706,-0.6628755132559201,23.50756558578922
2023-10-20,11.658855060796634,-1.0684604796047006,24.910302378247234
2023-10-21,11.943523859589618,0.24599856563258096,24.82378198633219
2023-10-22,12.204364980393306,-0.6230980593688759,23.766458674936683
2023-10-23,12.490771436819243,-0.7723082337284437,26.1544840249575
2023-10-24,12.386364286123982,0.11154280841181495,25.984787668334317
2023-10-25,12.29965491302551,-0.7742780013452127,25.09353591226204
2023-10-26,12.315679405751148,-0.4902728266525453,24.84666481151495
2023-10-27,12.538275512635654,0.6174538109037528,24.929641939166
2023-10-28,12.619187161907645,-0.7513695228899284,25.008766073976425
2023-10-29,12.677519262079496,0.036775450531212436,25.601875777783736
2023-10-30,12.765626104130135,0.027971064813343518,24.366283410446602
2023-10-31,12.469872692286522,-0.3576619862647244,25.652572326620923
2023-11-01,12.201242684454627,-1.3885949369712625,24.87367738927978
2023-11-02,12.046926988888279,0.5055138617283836,24.18750150449909
2023-11-03,12.112564511718418,-1.1109651681511865,24.77799840487118
2023-11-04,12.05132076000757,-0.6916982806162779,24.741543271843863
2023-11-05,11.983327439223565,-0.3215319660973453,25.56018705572959
2023-11-06,11.961566479847761,-0.21495287402599925,24.19035158018395
2023-11-07,11.572637626989586,-0.7958793514017092,24.185596919440982
2023-11-08,11.227382785007304,-0.9528241934246906,23.83602411303416
2023-11-09,11.012500397334845,-2.244430315011172,23.16550805764379
2023-11-10,11.0328203390539,-1.4883357794926628,23.514131844433486
2023-11-11,10.940423792655007,-2.8603722561425506,22.403539646354403
2023-11-12,10.8541298340979,-3.0688834392035993,22.589690424446207
2023-11-13,10.825430618758563,-2.463186493867087,24.01589317218574
2023-11-14,10.439312670318346,-1.608615470321673,22.672851583300556
2023-11-15,10.10493579766733,-3.5709526025787253,23.292682643895702
2023-11-16,9.907301267002914,-2.287373839712435,22.712218511350073
2023-11-17,9.949578116631763,-3.1211971492565045,23.1524744592065
2023-11-18,9.882270604343706,-2.612111620252509,22.18033036204633
2023-11-19,9.82274718617947,-1.3554182087399995,23.494424226154187
2023-11-20,9.82121177773012,-2.4093241367925335,22.847430782288633
2023-11-21,9.461553884026026,-3.0278150774065655,22.45918847868146
2023-11-22,9.152048451907561,-4.150633931095567,22.56275903725885
2023-11-23,8.977036663532932,-2.962499876279386,21.19428640950137
2023-11-24,9.039256421192931,-3.25665095447357,22.736004592608506
2023-11-25,8.989005647404126,-3.6230598765419355,22.194704496720828
2023-11-26,8.943659196606005,-3.961699363246134,20.835078016228
2023-11-27,8.953620774436406,-3.5859336064043594,20.93402053367335
2023-11-28,8.603147319304627,-4.6127118790546024,21.14031922289674
2023-11-29,8.301017762505634,-5.013031515397962,21.490282630369798
2023-11-30,8.13217860562203,-4.623632820892007,19.161772940040308
2023-12-01,8.20003640276759,-4.743070038482428,20.50822739970474
2023-12-02,8.155581682488314,-4.566998055535935,20.89424429289098
2023-12-03,8.116866544152897,-4.218513568564597,21.037777275097323
2023-12-04,8.134918744695803,-3.26860821294902,21.715770039161143
2023-12-05,7.794531086141833,-5.378250336311288,20.273804969181583
2023-12-06,7.504899268572405,-4.685197314145834,20.458272111383053
2023-12-07,7.3512417486808355,-5.248323492534952,20.33373141312758
2023-12-08,7.437072611106256,-4.557199527716651,20.231094028367707
2023-12-09,7.413312696088894,-5.543853859625982,19.191915426815516
2023-12-10,7.397761693955486,-5.22758428451154,20.32470157451285
2023-12-11,7.441014249894399,-4.974381224831668,20.69097550125326
2023-12-12,7.127258861970994,-5.545464725497723,19.78930639541525
2023-12-13,6.864932455392438,-5.871308453388038,19.997063125038135
2023-12-14,6.738363646379424,-6.379172259686108,20.337597908758923
2023-12-15,6.850074947445776,-5.523407103431381,19.12664759984393
2023-12-16,6.849928197673916,-5.677897879017841,19.743610776153762
2023-12-17,6.8546347941273,-4.918492151719579,20.848063657747073
2023-12-18,6.913712495025683,-5.315993446764283,20.06764409725297
2023-12-19,6.610326206550426,-6.2394634623005505,18.869136016415947
2023-12-20,6.351984210425485,-5.94314622352793,19.395765115326967
2023-12-21,6.222221410271703,-5.762094141457143,18.460209542505183
2023-12-22,6.322938449445054,-6.148566839274673,18.95347482893376
2023-12-23,6.303579665967886,-7.032327244776357,19.015493398501157
2023-12-24,6.280670266281555,-6.829384790611757,18.968255624381182
2023-12-25,6.303793456501728,-5.967427775973309,18.881879663833775
2023-12-26,5.956444107586242,-7.232717761511846,18.144771975466444
2023-12-27,5.646729800709649,-7.090570824718266,18.142657736595723
2023-12-28,5.459050466001767,-6.794373898732743,17.963945081756005
2023-12-29,5.496425362423468,-7.208010079067063,17.639494384296245
2023-12-30,5.409650525371869,-6.793031894964347,18.038620837865974
2023-12-31,5.316807488568531,-7.967938533447371,18.58321432250717
2024-01-01,5.2692046973674564,-6.506877183060981,17.02570292201246
2024-01-02,4.852189103950939,-7.414637145285622,17.108441761703368
2024-01-03,4.475799915118918,-8.291985667364257,16.995108192529766
2024-01-04,4.226397008631249,-7.2364396056637945,16.074355442334415
2024-01-05,4.208934209532221,-7.598681887039049,16.682711045040303
2024-01-06,4.076062095552564,-8.286909552570023,17.27087544404109
2024-01-07,3.947582733991631,-8.595770720998981,17.0591291211013
2024-01-08,3.876339369157436,-8.729726855493439,16.969332459876572
2024-01-09,3.448980110947924,-8.745817993161737,17.052965675896644
2024-01-10,3.0765690665427363,-10.241291966111726,16.132610851533926
2024-01-11,2.846178768911275,-9.992382518480568,16.5638852578137
2024-01-12,2.863135256679091,-10.127674232355025,15.884982365241818
2024-01-13,2.7801014267607447,-9.718709949647312,15.667222042189541
2024-01-14,2.7165217734536706,-8.38328820014404,15.322417275184927
2024-01-15,2.724511980014498,-9.772503828243241,14.157563186310513
2024-01-16,2.389632580285263,-8.977740101068472,14.662646405474668
2024-01-17,2.12152001174563,-11.143210039812015,15.09352900094577
2024-01-18,2.0055085064381073,-10.707480475071948,14.523734010947022
2024-01-19,2.1449134896680127,-9.738697828392297,15.290514824620296
2024-01-20,2.190161163258561,-9.737508870393631,15.09468228028849
2024-01-21,2.258286207644796,-11.234979322796773,15.23799218576153
2024-01-22,2.398879686781056,-11.295922222708395,14.404124293627925
2024-01-23,2.194924826952962,-10.085776803240263,15.049116365472731
2024-01-24,2.0534923232502544,-10.75168158777584,14.682918277632059
2024-01-25,2.057426878308507,-10.550494486446627,14.641429978455392
2024-01-26,2.3076938765983717,-10.050438855986227,15.428823696270449
2024-01-27,2.452569129879944,-9.535912837517996,14.480104569083435
2024-01-28,2.607191962330539,-9.284591693744032,14.383071699492668
2024-01-29,2.819562176704519,-8.84209278001886,15.549388294340366
2024-01-30,2.671417197734831,-10.892475044290121,14.603778241823576
2024-01-31,2.5689598791952117,-9.764694138989627,15.328213140515391
2024-02-01,2.594567753481513,-9.95747507691923,14.385316838118749
2024-02-02,2.849151970001091,-9.48084281881412,15.598112714442005
2024-02-03,2.981348489310173,-9.537538373861013,15.588446680267099
2024-02-04,3.10706173246034,-9.996028691776582,15.19506187101589
2024-02-05,3.275441460270502,-10.008391833443419,16.564926999033645
2024-02-06,3.069729708566208,-9.476273841247455,15.558588828431864
2024-02-07,2.8979490777418344,-9.430055681567467,15.540567734290503
2024-02-08,2.8445642269861375,-10.577004700242934,14.799654946579746
2024-02-09,3.012786120558974,-9.496610647768128,15.947782157039347
2024-02-10,3.053703087175243,-9.237757624400325,15.613358594450485
2024-02-11,3.0857605369666694,-9.66338046422869,16.14499236016704
2024-02-12,3.16067186019152,-10.578050196902954,15.527110459517907
2024-02-13,2.8641991381368803,-9.758006028274734,15.490579930881616
2024-02-14,2.6067767729225757,-9.64038615913482,14.632438020565738
2024-02-15,2.4751116476703645,-10.242282801468932,15.045091367874587
2024-02-16,2.5744310286128225,-9.953235328799048,14.81357490793889
2024-02-17,2.5575637904483455,-10.346013156136449,15.71831023507064
2024-02-18,2.544378142991632,-9.88268887056515,15.0191313786985
2024-02-19,2.587659492785168,-10.451406070913045,15.301262115257941
2024-02-20,2.2738679246615456,-9.829679332886977,14.769505541539598
2024-02-21,2.013748985941778,-11.333889644581225,14.65942136210313
2024-02-22,1.8939316667417652,-11.273019085001243,15.234915742857943
2024-02-23,2.0191847687936586,-10.82089749862889,14.453719064761602
2024-02-24,2.041516925527604,-11.36373211468004,14.999312498772236
2024-02-25,2.07964284355995,-10.868190606869998,14.332188376677008
2024-02-26,2.184898520612,-10.579717521739147,14.37701705778164
2024-02-27,1.9420438015914727,-9.582556270726105,15.474803010079178
2024-02-28,1.7599246209413373,-11.32184562324932,14.37324834335845
2024-02-29,1.7231273178342867,-10.636555932559483,14.917775254079345
2024-03-01,1.9342945815392691,-10.415199848453032,14.326803236805114
2024-03-02,2.0432865738405503,-11.089876105931731,14.588179960687402
2024-03-03,2.1667080517668955,-10.419354044050454,15.093782616573785
2024-03-04,2.353882518035404,-10.648952524454973,15.336596140105993
2024-03-05,2.1877101022746612,-9.910380103816124,16.00623455175869
2024-03-06,2.0753799787497016,-10.867847406404573,14.256750457212727
2024-03-07,2.1000683249372236,-10.633237773919099,15.40609735688539
2024-03-08,2.363290195158765,-10.320873023878944,15.60539644403751
2024-03-09,2.514087905162072,-10.209648531893981,15.10061739076082
2024-03-10,2.668576058174058,-11.004906471973435,14.545515901490074
2024-03-11,2.87592382378522,-9.194301795645899,15.953667830304749
2024-03-12,2.719211043739954,-10.455804500176884,15.031002837137569
2024-03-13,2.6061291302429286,-10.31264830501802,14.664092417622017
2024-03-14,2.620658203402435,-10.216367324493547,15.420753119273195
2024-03-15,2.865389551840202,-8.493321307624585,16.0325610943408
2024-03-16,2.990676967197697,-9.73518262673655,16.14811153906843
2024-03-17,3.1141382533311837,-8.919313355372253,15.449699426669458
2024-03-18,3.286588871437821,-8.67613876237971,15.610277768855203
2024-03-19,3.0928457838480763,-9.091902673664347,15.631394388469884
2024-03-20,2.9423740447851485,-8.9371027031594,15.053192944253519
2024-03-21,2.920909214133865,-9.734046942821799,15.784658576812147
2024-03-22,3.1327263060655097,-10.081887916465343,15.346564406904458
2024-03-23,3.229740401290079,-9.93165194790189,16.535719564897715
2024-03-24,3.330961705678729,-9.181917404260611,15.787515418282517
2024-03-25,3.4883883590365925,-9.028353215430924,15.831976097573014
2024-03-26,3.287776220995888,-8.75639474248581,16.153808841449578
2024-03-27,3.1392591347764554,-10.76932223488226,16.052783972067274
2024-03-28,3.1289534585964107,-8.950905540088243,15.313085531465731
2024-03-29,3.361218031839152,-9.061124433649484,16.55763955364777
2024-03-30,3.4877548896139086,-8.500360844645225,16.2884236240944
2024-03-31,3.6270734190668303,-8.777904856392322,16.42091921751908
2024-04-01,3.83040090204338,-8.36550733560929,17.1912134508673
2024-04-02,3.6824780544254683,-8.752150543983864,16.954105233857067
2024-04-03,3.5922122089181046,-8.2686692010596,16.39321729996003
2024-04-04,3.6443208668449047,-9.084810579199955,16.247228009917023
2024-04-05,3.941635544772242,-8.475120630708915,16.7484416779388
2024-04-06,4.134249849775973,-8.067672443696665,17.093717752207063
2024-04-07,4.339033000702036,-7.869452976091815,17.203198128213824
2024-04-08,4.605590212974625,-7.751242679826684,17.452081208747256
2024-04-09,4.51710702570972,-8.249895254477467,17.025051936499242
2024-04-10,4.4810487282219205,-7.886197948237599,18.01930946101372
2024-04-11,4.580846208709556,-7.404182483549878,16.76214018181766
2024-04-12,4.918236877272727,-7.428361871467491,17.599026092055805
2024-04-13,5.142443490706783,-8.072783812766898,17.443982377625915
2024-04-14,5.369711190280232,-7.77645081519488,19.459678102242542
2024-04-15,5.649283491041453,-6.982082633404105,19.27300756504865
2024-04-16,5.564253869269018,-7.7201592107020724,17.757225935396228
2024-04-17,5.522263932337299,-8.630228806929429,17.793075719617914
2024-04-18,5.607179584578873,-8.448027952743052,18.827606979556048
2024-04-19,5.921414192235201,-5.46310635859426,19.52893383359103
2024-04-20,6.115082174450178,-7.106234002566584,18.83351701734164
2024-04-21,6.305504160632259,-6.630903227996124,19.80870594338988
2024-04-22,6.543145485512131,-5.001409818025958,20.000238222754746
2024-04-23,6.412425872804334,-6.328683790279022,19.60376871603591
2024-04-24,6.322372630320762,-7.0416539618736005,19.916419603377836
2024-04-25,6.358250201645169,-6.162218158115309,19.39873263363363
2024-04-26,6.623836557822085,-6.66825280030379,19.461150637693937
2024-04-27,6.770531339669969,-6.005760968354089,19.565254310394856
2024-04-28,6.916818332394626,-5.992901908783436,19.302923603143572
2024-04-29,7.11416539848081,-6.882528830634964,19.99344080020804
2024-04-30,6.947800946157539,-6.70133423681479,19.797033798995344
2024-05-01,6.827340316563876,-5.500377150017295,18.940414368208035
2024-05-02,6.838395796250928,-6.666820192388127,19.65430449781893
2024-05-03,7.084841374516122,-5.455833617192474,20.08079115888966
2024-05-04,7.217917547032472,-5.174956746801277,20.21869350155609
2024-05-05,7.355698880609864,-5.25422173910088,20.910064266340477
2024-05-06,7.549007336150862,-4.844305192022641,19.753699807416254
2024-05-07,7.382210039438804,-6.303504949788911,20.184570397447555
2024-05-08,7.26387424787111,-5.606369180452,19.400751674681118
2024-05-09,7.278412356240084,-5.47450953058932,19.14100540928853
2024-05-10,7.528386994869517,-4.649002355846623,20.47197617081382
2024-05-11,7.663660284737997,-5.5282337733210065,20.443356855165256
2024-05-12,7.80090859432903,-5.668369490662337,19.887469112072083
2024-05-13,7.989584333236639,-5.732943308067328,20.662346427718706
2024-05-14,7.812761962629404,-3.7933736411608536,21.768417845888894
2024-05-15,7.677839459421485,-4.508580739504578,20.28191560976898
2024-05-16,7.668226610373566,-5.59043641258709,19.773866238028514
2024-05-17,7.885688811754342,-4.516759308503052,20.921851156475242
2024-05-18,7.9795291929778,-5.007204665809063,20.272434764082437
2024-05-19,8.066129332653274,-4.4175728837082255,21.301469101056178
2024-05-20,8.19492922905976,-4.456808449116537,20.857043436152804
2024-05-21,7.949283062882598,-4.6503738979987395,20.070037597650686
2024-05-22,7.737161597987781,-5.031112437538102,20.63186607087574
2024-05-23,7.6428324696855485,-4.843490526018105,20.45072162861609
2024-05-24,7.769187178735352,-4.519047673130653,20.781019959778874
2024-05-25,7.766898018562519,-4.350352669011179,20.47552830941694
2024-05-26,7.75392586868484,-4.146446427840338,20.928156082786558
2024-05-27,7.781460417743126,-5.005602708936277,19.80970915416424
2024-05-28,7.434730466304028,-4.961921395367301,20.485972874954225
2024-05-29,7.123656446354186,-6.33693480851924,19.397113114319286
2024-05-30,6.9344778390440815,-5.985117835236527,19.686437312647815
2024-05-31,6.9720258400776975,-5.9165497691784275,19.48605624604853
2024-06-01,6.888826085138264,-6.516852373303565,20.354648562337793
2024-06-02,6.804553960165221,-6.493559007729665,20.173693036132644
2024-06-03,6.77192561125492,-6.016938376761721,20.60237401938684
2024-06-04,6.377463769058448,-6.235203427504575,19.68848032690277
2024-06-05,6.032111858740414,-6.803937082441603,18.162965114713653
2024-06-06,5.822830240556486,-6.543223793760337,19.520002460594554
2024-06-07,5.854845888121756,-7.521732565640427,19.289219962097246
2024-06-08,5.780741039412644,-7.397321006283384,18.210143856916737
2024-06-09,5.719903810644128,-7.249391391135347,19.50947151513729
2024-06-10,5.724424081092361,-6.790170337468219,19.633522486586376
2024-06-11,5.379873678219532,-6.806481523906797,18.81063509289946
2024-06-12,5.09594397139225,-7.269336042773255,18.60058964308184
2024-06-13,4.958074088931884,-8.376715186708129,17.22508032197764
2024-06-14,5.069740185382765,-8.083900717865165,18.05434728843709
2024-06-15,5.081590189054573,-7.294046090417842,18.653639037769796
2024-06-16,5.110945722085585,-7.8504944779026395,18.179750143926594
2024-06-17,5.207753047820607,-7.433122853203305,16.944662181052152
2024-06-18,4.955420508525511,-8.183935712929141,17.308458317150134
2024-06-19,4.761513928051697,-7.498983520073895,17.868199520906252
2024-06-20,4.709441540992784,-6.9751129469097775,17.107443320363934
2024-06-21,4.900797250920317,-8.892980826513842,17.637165283819584
2024-06-22,4.984545100235315,-8.055196016796813,17.646467213424845
2024-06-23,5.076565218549131,-7.356876582087081,18.24391055788341
2024-06-24,5.225641843387416,-7.426486152700922,18.454939383471306
2024-06-25,5.014329816793971,-8.13613630966935,16.631276582153575
2024-06-26,4.849670205960069,-8.30042948547268,17.63736055217244
2024-06-27,4.814886040402433,-7.982542717084847,17.25923677408138
2024-06-28,5.011726673777348,-7.80941401217287,17.690458613614226
2024-06-29,5.089643641729682,-8.52556602495821,17.526599931460595
2024-06-30,5.1653185554999155,-8.569129669188603,17.39211778904849
2024-07-01,5.288624173989448,-7.217033553828872,19.66111542986906
2024-07-02,5.0434558668585945,-7.100318113883565,18.863570670036125
2024-07-03,4.838405162133483,-8.547488209262777,18.33710654507427
2024-07-04,4.7584076218550555,-8.760982273252457,18.12256773798093
2024-07-05,4.907034973631222,-8.361292862232212,17.486113182063516
2024-07-06,4.935615916168663,-7.49129999132092,18.05338175767719
2024-07-07,4.962707766402033,-8.491913559758121,17.712357182266178
2024-07-08,5.0400017518752644,-8.674342778913518,17.31437798401271
2024-07-09,4.75310080581889,-8.97360303654582,17.64152814993792
2024-07-10,4.51214313842396,-7.826739185643664,17.460982886251433
2024-07-11,4.403405296193451,-8.602373538557316,17.62041400710815
2024-07-12,4.531555950247481,-7.637866467267657,16.950625276797403
2024-07-13,4.548745950394836,-7.8728994699678285,17.424313072837815
2024-07-14,4.5740577036769885,-8.205376734580192,18.525760351888138
2024-07-15,4.659397317937648,-8.283705567293103,17.147900330087964
2024-07-16,4.390268731559383,-8.05562028246869,17.645235164638077
2024-07-17,4.176403182384991,-8.79208880623359,16.62262912611541
2024-07-18,4.103377520605909,-8.497948845795786,17.194263170911857
2024-07-19,4.274892118799494,-8.204140173447758,17.22464759156424
2024-07-20,4.341893162071674,-8.424380449895777,18.11858138736062
2024-07-21,4.422061379370929,-8.547631057798888,17.43421451959156
2024-07-22,4.56574944477893,-9.813206949230029,18.032812779483734
2024-07-23,4.3568058801909055,-8.087973645248118,17.796491904695156
2024-07-24,4.203257286191564,-9.83039213831002,16.194804596786632
2024-07-25,4.188980788847163,-8.597772698376085,17.430874102086488
2024-07-26,4.416035796156524,-8.36528898318788,17.226856253360875
2024-07-27,4.533838195107465,-7.886714241145879,16.71398186132266
2024-07-28,4.658697455508845,-8.599159474315284,18.171574646664617
2024-07-29,4.839797379791823,-6.83523307116126,17.215410910541404
2024-07-30,4.66005699087748,-7.5614111396990085,18.193604719985405
2024-07-31,4.526842236650936,-7.829859783437329,17.10747085771001
2024-08-01,4.523659476633339,-8.420883200578064,16.67561270308226
2024-08-02,4.752499177052033,-7.531828486777854,17.838131480872278
2024-08-03,4.863012553173603,-7.707369707424771,17.871623997753503
2024-08-04,4.972041521231743,-8.59471935120613,17.76276167385658
2024-08-05,5.1295828876771745,-7.668476976869869,17.782993484326518
2024-08-06,4.919623744178124,-8.464135611925396,18.47900459373742
2024-08-07,4.750819497840276,-7.905648101453404,18.421971710399898
2024-08-08,4.70814650632563,-8.732113231109372,17.25541234658429
2024-08-09,4.895198972163185,-8.237438596481535,18.06941414483062
2024-08-10,4.963314251317605,-8.07228511818864,18.18957790738179
2024-08-11,5.031048500938228,-7.391535464810794,17.680989735703445
2024-08-12,5.1500852567177065,-7.312998484616644,18.163994232857565
2024-08-13,4.9060156216386615,-8.397357622373285,17.719662522382713
2024-08-14,4.708963208387597,-8.180407984249705,17.73092441142947
2024-08-15,4.645187465822318,-8.525646530174992,18.108267814302213
2024-08-16,4.819336602339196,-8.383414949049708,17.94033658932394
2024-08-17,4.883535670095185,-8.489907409368001,19.035830506510177
2024-08-18,4.956832951051635,-8.210167516444896,18.463590900102695
2024-08-19,5.0910882207573485,-7.357569399164445,18.466275925492198
2024-08-20,4.8717422954222105,-7.729243027953281,17.638212383239164
2024-08-21,4.708441443132962,-8.559511656505373,17.1607194829201
2024-08-22,4.686650427704435,-9.141379631292896,17.39903724444736
2024-08-23,4.909925229253267,-8.552209856687652,17.423623091248782
2024-08-24,5.029030532368948,-8.544193355513979,17.30723764101254
2024-08-25,5.16142435707972,-7.587947259327568,18.277571940000616
2024-08-26,5.357192370331514,-7.336140521228185,18.996612496832206
2024-08-27,5.199870001327664,-7.233579795060921,18.089386049977897
2024-08-28,5.097124451169853,-7.004411412417997,18.24289041239789
2024-08-29,5.1324287088437375,-7.846699094545152,17.849342307549392
2024-08-30,5.407396842312509,-8.131252657200685,19.246658051359553
2024-08-31,5.570963812616817,-8.083953075074572,18.631764080881585
2024-09-01,5.738930328805223,-7.871872523424359,19.14346760941312
2024-09-02,5.959953463845886,-7.677436180518677,19.821983975495524
2024-09-03,5.8164194305070245,-7.621921246063403,19.47149198162127
2024-09-04,5.715169027411269,-7.025552700657488,19.08634958677397
2024-09-05,5.7392064784392725,-6.347287641134121,18.57534826933535
2024-09-06,5.990059778607692,-7.594543378839256,19.344997279876598
2024-09-07,6.116974907397138,-6.921839949102775,18.535289983431067
2024-09-08,6.236463837037921,-6.198437001420678,18.604586939321916
2024-09-09,6.3982867817516205,-6.009393298659365,19.259114339502975
2024-09-10,6.186305139503328,-7.384591656306198,19.51406909110277
2024-09-11,6.009176017023956,-7.058231754373977,18.809791617171964
2024-09-12,5.952019761605108,-7.150733595525175,18.699544937705404
2024-09-13,6.11872961561761,-7.167308866026066,19.73639445777636
2024-09-14,6.161107133850656,-6.351595826652726,19.487797280842265
2024-09-15,6.1983448125488225,-7.013570664933725,19.5156338244195
2024-09-16,6.282938098459314,-7.516891507784165,19.08817654684132
2024-09-17,6.001465105603816,-7.036484002750016,18.20939121891048
2024-09-18,5.765206908759988,-7.1152417516218796,18.469843553374975
2024-09-19,5.661741862512469,-7.269347093906381,19.61588961506296
2024-09-20,5.797185077901673,-7.670422721751176,18.06352770241137
2024-09-21,5.825258646979927,-6.672568779496633,18.790404397501117
2024-09-22,5.866715893769445,-7.626676113974186,19.426270540764587
2024-09-23,5.9752034771964295,-7.263496299456468,19.4508018964662
2024-09-24,5.738001111712859,-7.369909698106187,18.531506538623645
2024-09-25,5.566612952262739,-7.712971071996606,18.777710667927046
2024-09-26,5.548344976072978,-6.907712979822872,18.833109807819028
2024-09-27,5.788540057145797,-7.736022193055694,18.62823569101193
2024-09-28,5.939656551153982,-7.261915012300771,18.76417555511176
2024-09-29,6.120713552720494,-6.67256125738573,19.25725935626789
2024-09-30,6.38318619253396,-7.127854709317901,19.882518699909667
2024-10-01,6.311789951967818,-7.764062341974339,19.192124908911918
2024-10-02,6.315126944926249,-7.576133094977656,19.93487700948918
2024-10-03,6.47732712313726,-6.665368805882277,19.51588023095677
2024-10-04,6.900354482584425,-6.039187016990704,20.332203192414703
2024-10-05,7.233162272803902,-6.653178782268729,20.526412645824003
2024-10-06,7.591218406826103,-5.434886415767448,21.007437573240065
2024-10-07,8.022482380534546,-4.7893599734670005,21.790572458100648
2024-10-08,8.108270582150407,-6.062902043533302,21.780124031753548
2024-10-09,8.25398086359065,-5.2804242364863665,21.614679801929732
2024-10-10,8.54080732750702,-4.526639019180507,22.59711696158491
2024-10-11,9.068113535235048,-4.341070656160009,22.14416475729377
2024-10-12,9.482646445418162,-3.6413460156520943,23.390182192559486
2024-10-13,9.898110815150691,-2.4349453853275342,22.85235452723034
2024-10-14,10.361184171391432,-3.2689806080558856,24.080700824620884
2024-10-15,10.452408328855062,-2.867534745228224,23.145103425520308
2024-10-16,10.576927741120913,-2.412491001894139,23.842041563565257
2024-10-17,10.816205387501824,-1.7145769233440344,24.35102077284927
2024-10-18,11.270384487963621,-1.1433545457526537,25.371165748758408
2024-10-19,11.587478776735852,-0.8035583607270034,25.041636703104082
2024-10-20,11.882911806979987,-1.0440055030426472,24.6264158464186
2024-10-21,12.205486431799763,-0.7470995210336075,25.162671630518318
2024-10-22,12.13822174121497,-1.9662073615421598,24.841675324338457
2024-10-23,12.08902927316926,-1.0789157393091362,25.75553233629221
2024-10-24,12.142360915867974,-1.245369975753326,24.784136526592377
2024-10-25,12.401498643075307,-1.7136206254616335,25.449759337689468
2024-10-26,12.51767074429054,-1.316217809344298,26.29511826148049
2024-10-27,12.60951698124468,-1.2526914481696332,26.13639669139537
2024-10-28,12.728985748169285,0.5015300795706185,26.488296804598004
2024-10-29,12.462102367441439,-0.8867073319562545,25.909850901480947
2024-10-30,12.219582059854906,-0.7307363150765434,25.483771468509037
2024-10-31,12.088421550891942,-1.7942981816523664,24.891260252559693
2024-11-01,12.174140780670895,-1.7674245746273254,25.794181381042456
2024-11-02,12.129860453337782,-0.7438303636328857,25.172987277851764
2024-11-03,12.075738652298778,-0.8444266227034656,25.574439569244596
2024-11-04,12.064850096399073,-2.4365786203926545,25.452627053261516
2024-11-05,11.683947359391196,-1.342245675476323,25.628818075768105
2024-11-06,11.344077474967813,-1.7027842480796382,24.24911694414019
2024-11-07,11.132187472306537,-2.013871137532127,25.439397688450374
2024-11-08,11.15338961050808,-1.4534714982259085,25.305616825528965
2024-11-09,11.06007109042462,-2.952371960554106,24.495812025455933
2024-11-10,10.971370286822207,-2.056586195626196,24.50488702438938
2024-11-11,10.939101704620862,-2.2687778765048074,24.095445199938737
2024-11-12,10.548567465388714,-3.015527250520153,23.548087733260786
2024-11-13,10.209227132390883,-2.3252996276300824,23.524547292519294
2024-11-14,10.006357756523368,-2.7748297093973737,22.839456097208714
2024-11-15,10.04337325037718,-3.3358786878380218,23.546942681923795
2024-11-16,9.970986258646246,-2.731088256583083,23.4857742873533
2024-11-17,9.906733055724786,-3.3225318673274216,24.07021365108117
2024-11-18,9.900942304106628,-3.9531008617706873,23.36059771587079
2024-11-19,9.537584290674587,-3.532902089100766,22.582885792507277
2024-11-20,9.224971474203528,-3.864817426664042,22.354623731510937
2024-11-21,9.047441491917343,-4.347270398117834,22.536353068345164
2024-11-22,9.107691257012863,-4.8712561341268605,22.55497638368505
2024-11-23,9.055945109887752,-3.362215268267404,22.593953743115698
2024-11-24,9.00947762058602,-3.0575453919965714,23.97565949956868
2024-11-25,9.018572208941105,-4.92603185415092,21.800359185634363
2024-11-26,8.667352784411548,-6.824918088998474,21.67714823657878
2024-11-27,8.364460054246441,-5.41073989752135,21.28999865485397
2024-11-28,8.1947046648773,-4.640197730136902,21.68407566060554
2024-11-29,8.26136699278533,-3.9859732445311145,21.560648840071583
2024-11-30,8.215327859596584,-5.4449831332745395,21.644262576437633
2024-12-01,8.174552165669668,-6.348814517162218,21.67579511773205
2024-12-02,8.190008044583754,-4.990178486786016,20.758886749744587
2024-12-03,7.846460169379405,-5.358212432346093,21.353234446321363
2024-12-04,7.553110235116267,-5.478343741571305,21.024100915092014
2024-12-05,7.395218061753967,-6.479168820770594,21.93327855165922
2024-12-06,7.476374275244578,-6.94991667219274,20.24995704787803
2024-12-07,7.447609809607445,-6.119843116965883,21.422047992372644
2024-12-08,7.4268649880993065,-6.283873504567938,20.555915451886204
2024-12-09,7.464901321500834,-6.4763262990663,20.962239024361978
2024-12-10,7.1460949449701285,-5.756977108312066,20.796371814382553
2024-12-11,6.879084754546769,-6.558450591913587,19.58140296097034
2024-12-12,6.748408468669089,-6.3901482767560855,20.397293363947608
2024-12-13,6.8567971058142945,-6.804559389818836,18.98606998226497
2024-12-14,6.854312420845558,-6.565912011396701,20.640750090247273
2024-12-15,6.857849146737035,-5.368267257554087,20.0407613818066
2024-12-16,6.917084085791254,-5.861825968934499,20.45761599852336
2024-12-17,6.6153097299435775,-6.558620546617647,20.112345065488718
2024-12-18,6.360124120764033,-6.588848789832654,20.086823260398482
2024-12-19,6.235108758133382,-7.438158466136206,19.896670059045327
2024-12-20,6.342163611434133,-6.917822264828774,20.661219382566106
2024-12-21,6.330682363415639,-6.761448860415188,19.352474675761755
2024-12-22,6.3170883910510565,-6.879773048402629,20.27406830160009
2024-12-23,6.350812298382834,-7.699296268657401,20.348195705690397
2024-12-24,6.0151476050126576,-7.14393644276436,19.582638198217605
2024-12-25,5.717955413338644,-7.404472380604756,19.549864871286463
2024-12-26,5.543349194297851,-8.480350143485218,19.484023055738724
2024-12-27,5.5940283174322625,-7.769647320125972,19.142037273293585
2024-12-28,5.520443284710947,-8.461499104790294,17.931639320851982
2024-12-29,5.440313266761482,-6.919211951045133,20.349137312359577
2024-12-30,5.404577116047325,-8.095199606664762,18.65982637077047
2024-12-31,4.998215077048702,-7.193362621323,17.908559222920086
2025-01-01,4.630912873855336,-9.44253214878014,18.012520363700567
2025-01-02,4.388700389448371,-8.39420821951379,18.106210967754407
2025-01-03,4.376234824041098,-10.001838930407414,18.989351520666084
2025-01-04,4.245912704139584,-9.407012083063071,18.1387712205972
2025-01-05,4.117332862909775,-10.269317331142723,17.336298440332353
2025-01-06,4.043193153279179,-9.049540673696502,18.179064277460196
2025-01-07,3.610059718763896,-9.790043848776978,17.80498174034273
2025-01-08,3.22898207743993,-10.924291979227954,16.85640184578066
2025-01-09,2.9870877311315303,-10.09315711812956,17.09292922779469
2025-01-10,2.98982756233974,-10.516598092269003,16.83288819880134
2025-01-11,2.8900576009070735,-10.506950412147196,17.934935399533146
2025-01-12,2.8074802891521364,-10.549414292886384,16.54801204817602
2025-01-13,2.7945287808726036,-10.705005238447724,16.727106193176773
2025-01-14,2.437133614052157,-10.546666435252762,16.709296229636927
2025-01-15,2.1453452506671615,-11.324723870056854,15.249433837360804
2025-01-16,2.004946147231882,-11.260466827710161,16.48343045485173
2025-01-17,2.1197232824695043,-11.54662471320651,16.1319142014185
2025-01-18,2.1405861074825197,-9.674968304470408,16.52404364845028
2025-01-19,2.185052165454221,-10.646624235062529,15.707232213181422
2025-01-20,2.3031827928285917,-9.95736588249756,16.55265397063266
2025-01-21,2.0784069070190556,-10.45433083251424,15.428113314869595
2025-01-22,1.9182048648304444,-10.660833337147094,15.978077345485987
2025-01-23,1.9057844135897568,-11.430506653800466,16.184420610300982
2025-01-24,2.1424179335504347,-11.301895844525513,15.226851713792545
2025-01-25,2.27662417179172,-11.194211271439167,16.3767990770596
2025-01-26,2.4237149624234853,-10.819015682574056,15.059130716606127
2025-01-27,2.6317876558070714,-11.198775624988174,17.581194473070852
2025-01-28,2.4825996841348115,-11.173909985508372,16.597116967546757
2025-01-29,2.3822958267803434,-10.343670090949823,16.314020600079296
2025-01-30,2.4131189747655473,-11.45440529882794,15.2289199605263
2025-01-31,2.6757726039266703,-11.123386187852274,16.337764417345028
2025-02-01,2.818617430688826,-10.559844530864444,16.80280814046726
2025-02-02,2.9572223030909854,-11.072312392585715,15.838344442958288
2025-02-03,3.14034990524715,-10.898517543580473,17.35080846766733
2025-02-04,2.950813860543927,-10.079015802215208,15.445774161793578
2025-02-05,2.7961782537178057,-11.036753558705716,16.466893440111825
2025-02-06,2.760431114392653,-10.801757385099549,16.101885702563262
2025-02-07,2.9463010807631687,-11.911625777065199,16.234279304391777
2025-02-08,3.004400964231593,-10.68720618311815,17.027826496255372
2025-02-09,3.052719717250181,-10.206998809891807,16.459879163746578
2025-02-10,3.1425449940477836,-10.743553823055427,16.904541933867122
2025-02-11,2.859254617423324,-11.006017006478974,16.4588736604052
2025-02-12,2.612949767178365,-11.15103132228903,16.828583356881314
2025-02-13,2.4900632449307576,-11.381779073280288,16.398365131243672
2025-02-14,2.595613811686288,-10.700477365841369,16.575540782839685
2025-02-15,2.5822920119201513,-11.37453910808787,15.861048366694641
2025-02-16,2.569900546857301,-11.332117007803975,15.51036733178986
2025-02-17,2.6112327706076854,-11.782114049986827,15.881736221950337
2025-02-18,2.292828791024626,-11.619513362771832,16.50141983623825
2025-02-19,2.0255829116481645,-10.886116317118493,15.758343913173688
2025-02-20,1.8963364168747678,-11.93346632423258,15.177122899143308
2025-02-21,2.0101270532179476,-11.43051433806581,16.635866872845078
2025-02-22,2.0192806767454026,-11.388081751334148,15.191682501970275
2025-02-23,2.0428678850150614,-11.033282491529855,15.556237822478685
2025-02-24,2.1326086702172247,-12.022204553894959,15.12295032314197
2025-02-25,1.873663762233341,-12.104957059326733,16.143196359462333
2025-02-26,1.675285333039164,-12.133225103079255,15.58028416398081
2025-02-27,1.622459779372468,-12.138464142403183,15.243974452641284
2025-02-28,1.8182124687714718,-11.99059244239006,16.256667688261963
2025-03-01,1.9127583116837439,-12.075455373519825,15.429409034832275
2025-03-02,2.0230192777155858,-11.163919616304115,15.966929276147152
2025-03-03,2.198590148858976,-11.189661839172928,15.852834958840498
2025-03-04,2.0225894412861765,-11.569769293676478,15.263246612231073
2025-03-05,1.9023664866562875,-12.24834691516229,15.707309937218318
2025-03-06,1.9211958141566945,-11.838343379707236,15.470761145457065
2025-03-07,2.1806272922193246,-10.708340677867845,15.635190377793249
2025-03-08,2.329674656406321,-11.554606747673029,16.184958566361246
2025-03-09,2.4843625297561522,-11.903290647041352,15.372860001674876
2025-03-10,2.6937124690945478,-11.158960732896773,16.621009259739463
2025-03-11,2.540604482396975,-11.201372528069454,16.02405501203333
2025-03-12,2.432484806873762,-10.847482796886833,16.903005078933546
2025-03-13,2.453051176967772,-11.238866271140907,15.777105036080496
2025-03-14,2.704584413948454,-10.649333587699404,17.081196517322617
2025-03-15,2.8371096083422906,-11.321719312708108,16.183246031541827
2025-03-16,2.9679078976054067,-11.018840799507327,16.646898344438828
2025-03-17,3.1474604920701057,-12.242518990815153,18.92102257139132
2025-03-18,2.9602627028956205,-11.364060225290881,16.904124051892598
2025-03-19,2.815480219721308,-12.066890961420512,17.359716151154565
2025-03-20,2.7985804307403854,-11.538343698064182,17.55987418076683
2025-03-21,3.0136092391595013,-12.408020268920657,16.251250266161456
2025-03-22,3.1122982800196017,-10.78535325869388,16.887498951593646
2025-03-23,3.2135251347313476,-11.283364982674932,17.089082310684343
2025-03-24,3.3692097065134377,-9.695610749798535,17.605287704179112
2025-03-25,3.1650858917090545,-10.747189418149635,16.252870872790673
2025-03-26,3.0113220068467097,-10.753317799323547,17.273473063696144
2025-03-27,2.9941237723533636,-11.197399597208015,17.93940635265946
2025-03-28,3.2179910824596254,-11.319653929952286,17.190115120494482
2025-03-29,3.3348139865608317,-8.921950728955915,16.845127268448486
2025-03-30,3.463330732548956,-10.744457950675187,16.749196495377827
2025-03-31,3.6550310143809686,-9.892689784813141,18.642352166736128
2025-04-01,3.4949432662752544,-10.200243177756258,16.810734894343046
2025-04-02,3.3922789095238173,-10.481958576902914,18.13149275732938
2025-04-03,3.432066555925976,-10.083523467970887,16.814197622665358
2025-04-04,3.7174463828067896,-10.413323322346647,18.207066720332204
2025-04-05,3.8988089044640626,-9.990279231653963,19.296475347322545
2025-04-06,4.093299641519804,-9.073200408233932,18.150136858166576
2025-04-07,4.35077137433489,-9.836227922944236,18.185524317718805
2025-04-08,4.2546213042512235,-9.388495912177813,18.436489440022825
2025-04-09,4.212484493861021,-9.708772883010656,18.61992958073937
2025-04-10,4.307915085820261,-9.413807041302547,17.47286798129641
2025-04-11,4.6427240866035495,-9.700262592940842,19.29605664014215
2025-04-12,4.866156630338817,-9.144248517272892,20.063693046899626
2025-04-13,5.094429072672304,-8.53975341915402,18.868065716247166
2025-04-14,5.376706641888566,-8.52437913565694,19.026903453647876
2025-04-15,5.295958233074924,-8.36192791988311,20.0913473534732
2025-04-16,5.259659221242866,-8.462790195898547,19.207603066284406
2025-04-17,5.351473554524828,-8.677170087690456,18.95702998747911
2025-04-18,5.673583938778633,-8.597992499121702,20.71002141808152
2025-04-19,5.8758533154059265,-7.600976055457443,20.10390924422143
2025-04-20,6.075338521190655,-7.112776834823968,20.88113545383476
2025-04-21,6.3222376312920705,-8.212782319375508,19.943674275783685
2025-04-22,6.200708555811753,-7.407231768417732,20.105165594819056
2025-04-23,6.119530930580294,-7.79328414515451,20.729898610041612
2025-04-24,6.163743872041397,-7.929173067159208,20.367370759321076
2025-04-25,6.436929819873399,-7.7134943030115295,20.689679153752742
2025-04-26,6.5903291415628225,-6.726017015918548,21.48640495340907
2025-04-27,6.742307874874051,-7.649580738740249,20.977421796259108
2025-04-28,6.944261565482108,-6.7482024071800275,21.18859797345742
2025-04-29,6.7813941505642505,-8.14933650996317,20.031274815188166
2025-04-30,6.663345191160671,-7.511226628652927,21.410115405168376
2025-05-01,6.675799128260411,-6.982665083754935,20.932972844268058
2025-05-02,6.922747700220573,-6.782268999676685,21.581975653791083
2025-05-03,7.055590890297461,-6.92115944960263,21.3207496690893
2025-05-04,7.192599233824039,-6.973666471041661,21.131906661392954
2025-05-05,7.384820640624382,-7.449468717599832,22.408233625406726
2025-05-06,7.216870620067516,-6.500658137834029,21.691928978688704
2025-05-07,7.0975788878160175,-7.581035194451771,21.247868427807532
2025-05-08,7.111625454589574,-7.485305425587557,21.662964099540346
2025-05-09,7.361836525981797,-7.349003411598748,22.995667640866763
2025-05-10,7.498324563793002,-7.047355275058779,21.96058645803289
2025-05-11,7.637994140958465,-6.550925756601522,21.53879562891877
2025-05-12,7.830495405110725,-6.2252769520552675,22.727961346701907
2025-05-13,7.659062595086624,-6.521018455302147,21.985241243505723
2025-05-14,7.53120908749926,-7.509370320025112,21.780766923565476
2025-05-15,7.530410558531017,-6.853727234048111,22.383060967403235
2025-05-16,7.758445107739941,-7.577267411460016,22.379491024664965
2025-05-17,7.8645732902738015,-5.518828497668729,22.19323887179172
2025-05-18,7.9650784067225135,-6.685411785154729,21.873331486924414
2025-05-19,8.109247743505874,-5.877990109933292,22.575262124322514
2025-05-20,7.880231281472524,-6.0365944123260595,21.634171572681538
2025-05-21,7.685748647642938,-6.844974017619572,22.17605933153252
2025-05-22,7.609775439891092,-7.240389519192238,21.08218042241525
2025-05-23,7.754877577678753,-6.227633280484575,22.23661073568316
2025-05-24,7.77137670050613,-5.680090823847685,23.040845151539642
2025-05-25,7.7768673064467,-6.182015289106021,22.290277801432765
2025-05-26,7.822166925826112,-6.313345304983622,22.116387069854746
2025-05-27,7.492136692029358,-7.767643965833817,21.702139610685013
2025-05-28,7.196344146773165,-7.125227053785397,22.099481896361294
2025-05-29,7.0207006593956915,-6.924841307917004,21.118939486443146
2025-05-30,7.069743513956337,-8.085402239994385,21.393077265967392
2025-05-31,6.9957471963152456,-7.570343151901875,21.51739806807547
2025-06-01,6.918186149393423,-6.723225672263984,22.183917198651603
2025-06-02,6.889631886220487,-7.419954850165843,22.48422991452431
2025-06-03,6.496523388632491,-7.0959130118868785,20.42506854168316
2025-06-04,6.1497841195641,-8.841976313561206,20.743588929526393
2025-06-05,5.936419399190873,-8.355740499654537,20.38198525978781
2025-06-06,5.961765408411958,-9.233686298483521,20.657179501059264
2025-06-07,5.87857536392181,-7.040743134937157,20.679718962381518
2025-06-08,5.8064659168891595,-7.769366723987151,20.33146429232035
2025-06-09,5.797807196168898,-8.223440485622044,20.49955288849538
2025-06-10,5.43849568618547,-8.925585290921223,18.967483451800977
2025-06-11,5.138583251777493,-9.853692258508044,20.63239178799932
2025-06-12,4.983895766229319,-9.79554057175117,19.504419383517504
2025-06-13,5.078312041178829,-9.598689423211944,19.2409607382489
2025-06-14,5.072887782863419,-10.194452876110883,19.499919425222366
2025-06-15,5.085346575195559,-8.98742223854661,19.46879451896904
2025-06-16,5.1660200576226245,-9.591873744510194,19.594933854945257
2025-06-17,4.898675069647385,-9.014412731609431,19.76707609785795
2025-06-18,4.69119953210003,-9.71721408482575,19.58073908330428
2025-06-19,4.627278900074861,-10.14833883391631,19.1997085387169
2025-06-20,4.808732233382068,-10.543326510836083,18.78661591868952
2025-06-21,4.884690972934354,-9.73905909986114,19.337180314353876
2025-06-22,4.9711408524386815,-10.04599897069413,19.6862025020198
2025-06-23,5.116907653389756,-8.900626506384524,20.37288361846946
2025-06-24,4.9045232694445895,-9.570348743255412,19.852860143448407
2025-06-25,4.740942737252687,-9.71097159376466,19.73028814712539
2025-06-26,4.709243181340023,-10.294096347688054,18.291169287085822
2025-06-27,4.9109730836192735,-8.42363322157437,18.88348482674111
2025-06-28,4.995334601650263,-10.110794056503321,19.465153608819463
2025-06-29,5.078719282672284,-9.049422931978658,20.191266887735786
2025-06-30,5.210678083625642,-9.97154696742722,20.28116785356723
2025-07-01,4.974762644329963,-10.309965870147463,19.452468095169415
2025-07-02,4.779209216771236,-9.193447236314169,19.589930752411803
2025-07-03,4.708597187020044,-10.89579269477181,19.109170639068765
2025-07-04,4.866151803134627,-11.098613642622349,19.993655536383454
2025-07-05,4.902875214550797,-9.200513983296924,18.302110656325826
2025-07-06,4.9370276890563805,-9.783916780554257,18.98792369948581
2025-07-07,5.020041529615774,-9.676913731528252,19.39069876163337
2025-07-08,4.737306295488123,-10.204751208305261,19.410870337986122
2025-07-09,4.498798384097068,-9.897394398752558,19.822187746372368
2025-07-10,4.390688510903171,-9.573677897712603,19.493066551970657
2025-07-11,4.517598201124603,-10.435282136457564,19.249898854446798
2025-07-12,4.531690754533918,-9.826914634375946,18.77672623432483
2025-07-13,4.552119720087376,-10.945740607057195,17.905146768449313
2025-07-14,4.630918353415124,-9.678817942590081,19.148625672186768
2025-07-15,4.353769364167924,-10.451231215436144,19.903401514928373
2025-07-16,4.130628443017025,-10.996182463524729,18.388623943579194
2025-07-17,4.0473352566794265,-10.685606335170899,19.722568819106897
2025-07-18,4.207882889153267,-11.532153208321315,19.194338116281
2025-07-19,4.2635307717915145,-9.925550386567235,18.44079884727092
2025-07-20,4.3322834498816185,-10.121421784111577,18.374341358665163
2025-07-21,4.464817719540693,-10.55261063332733,19.810802573461743
2025-07-22,4.245296280547778,-9.990402309979311,19.451057773113043
2025-07-23,4.0820400459908806,-10.589586793117492,18.21306916890341
2025-07-24,4.059191300848568,-11.704307539383082,18.529833021583567
2025-07-25,4.279037088915835,-10.337408249507655,19.079722532656653
2025-07-26,4.391176217175842,-9.806688603281382,20.048022705321994
2025-07-27,4.512050566764357,-10.677749335315218,19.687401310540015
2025-07-28,4.690921630544123,-10.589543034893584,19.08206583688198
2025-07-29,4.510728902618378,-10.518183196280019,20.545082416387178
2025-07-30,4.37880087974964,-10.705562677386698,19.146563603460645
2025-07-31,4.3785496672646165,-11.600353958368162,18.008038832571323
2025-08-01,4.611817587232264,-9.790722559733744,19.947825391069582
2025-08-02,4.72805844457417,-9.9065551045554,19.083639473491456
2025-08-03,4.843873677767588,-11.193976660216922,19.699152628897497
2025-08-04,5.008984137549672,-10.376471500603127,19.44488816851277
2025-08-05,4.807074234466748,-9.385845062534841,19.610126024967553
2025-08-06,4.646479620526259,-9.61218669834409,20.141522677224525
2025-08-07,4.611850081507489,-10.124315217342513,20.717572426657917
2025-08-08,4.806456980965324,-9.8786137662623,19.62492604882635
2025-08-09,4.881329086788295,-10.548090499445546,19.956606586892846
2025-08-10,4.954738379852982,-10.319100307101433,19.791620706820026
2025-08-11,5.078118118361791,-9.626106925678998,19.79081156680105
2025-08-12,4.836851540906971,-9.518682089582574,20.024950463863572
2025-08-13,4.6409040789921345,-11.0343469251539,19.890300982193306
2025-08-14,4.576432473311286,-8.98519927866156,19.41503951576209
2025-08-15,4.74804181338176,-10.876697923106434,20.120051680152034
2025-08-16,4.807875920020197,-10.376818746250706,18.906065164357443
2025-08-17,4.875064120776838,-10.142155461848171,19.704758724480048
2025-08-18,5.001607959921226,-10.488269517276871,19.231316117177848
2025-08-19,4.773147272366203,-10.644993848166042,20.80303079775674
2025-08-20,4.599579283944214,-9.674336357974644,20.554875585980056
2025-08-21,4.566664644020588,-10.511128195056742,19.865139985531474
2025-08-22,4.778291624163625,-10.210708199345975,19.815134791838222
2025-08-23,4.885583810470817,-9.903792385325913,19.383908840106432
2025-08-24,5.006373941897975,-9.239503978733342,19.714332898452096
2025-08-25,5.191126742049893,-9.642711331770885,19.649705392552335
2025-08-26,5.023749201327756,-10.36023478305845,20.1930973072889
2025-08-27,4.912260747605684,-10.310362174108892,20.07710896675881
2025-08-28,4.940455769308108,-10.906472355543618,20.75501223291778
2025-08-29,5.210228105422999,-8.770608429674857,20.786914511808753
2025-08-30,5.370741079791343,-9.90797068637396,20.165598942282752
2025-08-31,5.5379639010087045,-9.094194648295217,20.36117133858836
2025-09-01,5.760655416537332,-8.968172134782565,20.650961349888373
2025-09-02,5.621231845373151,-8.453961882810079,20.8468521576501
2025-09-03,5.526489174848632,-9.354452108656032,20.773095886508532
2025-09-04,5.559311064600042,-8.420992127377643,21.200767972988643
2025-09-05,5.82103043135824,-9.901043441485497,20.6801672586317
2025-09-06,5.960627074363954,-7.990923291885097,21.536849058989468
2025-09-07,6.094281205719971,-8.951550415367254,20.605837427085984
2025-09-08,6.271363207624299,-8.958120640429911,20.8192338127688
2025-09-09,6.075295886305253,-9.553514696205786,21.951945427677295
2025-09-10,5.9142598786246126,-9.47096376007944,21.044499420299676
2025-09-11,5.8728733533537305,-9.70831248155266,21.82033788538531
2025-09-12,6.054514802413758,-8.882476875264546,20.912100906844145
2025-09-13,6.110472211222957,-9.403126069500624,21.318507071192187
2025-09-14,6.1594396853940125,-9.531207598465544,20.868987605946497
2025-09-15,6.2534433201580795,-8.995118401834112,20.813485677795104
2025-09-16,5.9786342586010175,-9.28319370209461,21.084643628152126
2025-09-17,5.74592143709713,-9.814658755961046,20.65008238628646
2025-09-18,5.6425771176821184,-8.547832291401104,21.573861138849075
2025-09-19,5.774486021517712,-8.22119649665239,20.93420117621602
2025-09-20,5.795223376283217,-8.95724906373582,20.49895254469759
2025-09-21,5.825484926675221,-8.684844398500523,22.22470001180078
2025-09-22,5.9189525591219985,-9.256008292976427,21.561081119070572
2025-09-23,5.663035191796704,-9.827270834846539,22.25741809606587
2025-09-24,5.469458925191135,-9.446090374263944,21.43498883271593
2025-09-25,5.425840799239317,-9.62846231429633,20.777656299007333
2025-09-26,5.637917930992899,-9.255334709355823,19.924657825886765
2025-09-27,5.758617991431803,-8.571911313759921,20.669163391472807
2025-09-28,5.90749438311894,-9.012824434071804,22.274163526932025
2025-09-29,6.136609739482661,-9.59487739830306,21.93673244728382
2025-09-30,6.0313070233250565,-9.850930442283818,22.250156564296322
2025-10-01,6.000841512652503,-9.084529454898965,21.74889751769524
2025-10-02,6.130006997651291,-9.205487935618978,21.721924694416334
2025-10-03,6.521426653175425,-7.59941011823814,22.28208027050363
2025-10-04,6.824692983716561,-8.289152271973654,22.530328647604467
2025-10-05,7.155878431589713,-8.546151069612792,22.80350168811968
2025-10-06,7.563498337070695,-7.302577887020849,23.360650678151142
2025-10-07,7.629363487824632,-8.301707572172244,22.73716698989751
2025-10-08,7.759293452975737,-8.295269925870686,23.853622867415964
2025-10-09,8.034821937556277,-7.152288662405606,23.52117438324011
2025-10-10,8.555562595216383,-6.5639805642335,23.60819001935776
2025-10-11,8.968417786242076,-6.51208047812538,25.24762420604091
2025-10-12,9.387150130111536,-5.7610620670210615,24.04439530069352
2025-10-13,9.858397014900067,-5.042650738125003,24.72975807280462
2025-10-14,9.962564030394747,-4.480251456304722,26.186754090569526
2025-10-15,10.104567539119547,-4.768455170558258,25.479597305185575
2025-10-16,10.365556954447865,-5.476169328472393,26.834986394879788
2025-10-17,10.845284828161732,-3.051074609694051,27.0758916737459
2025-10-18,11.191307237077307,-3.9541213900768715,26.702769473023054
2025-10-19,11.518534656313783,-4.302829267984515,27.523775723177963
2025-10-20,11.875214143962959,-5.0482603971851105,28.11291621485369
2025-10-21,11.843779769863062,-5.031083973899122,26.75809774579839
2025-10-22,11.831542742967276,-2.9892916274994996,26.24913854807695
2025-10-23,11.922353284750702,-3.080447569323899,27.498517503273405
2025-10-24,12.218904024351442,-3.490678808901726,28.138022010906532
2025-10-25,12.3718592255723,-2.195013707429037,27.77877649254135
2025-10-26,12.499331949153035,-3.4982721029158976,27.842680115495657
2025-10-27,12.652791932334555,-1.5217222220027957,27.798577958508396
2025-10-28,12.417843062386014,-2.7173097495355694,27.97006844472378
2025-10-29,12.204843775492176,-3.318495182286755,26.958235290537015
2025-10-30,12.10050418686318,-3.3707085929088114,26.38536320473769
2025-10-31,12.21013132015334,-2.8394519483568152,28.8819310245468
2025-11-01,12.186708130406098,-2.3075965196622064,27.99168552809472
2025-11-02,12.150329563593518,-3.0846490886572906,28.249447989151378
2025-11-03,12.154079301535058,-4.344597213091567,27.392980013572917
2025-11-04,11.784786642088509,-3.242458445683465,27.065744659021032
2025-11-05,11.453637113901133,-4.2688380189539625,26.798599205871017
2025-11-06,11.247770591112648,-4.230685328506981,28.327362982246644
2025-11-07,11.27253793328836,-4.968915327291936,27.07378804194864
2025-11-08,11.180601214211388,-4.169415721312181,27.548364597361534
2025-11-09,11.091399887097463,-4.686598170515955,26.325695139215565
2025-11-10,11.05706540474591,-5.428612512164883,26.66610631846559
2025-11-11,10.6632224162732,-4.995587292389922,26.33869228448321
2025-11-12,10.319648655467255,-5.608485900213359,25.648407238104937
2025-11-13,10.111925692077332,-6.941221352527008,26.737192236791643
2025-11-14,10.14374991619908,-5.735313123366814,26.0150282733239
2025-11-15,10.06608715315237,-5.003815238438268,25.47660654516385
2025-11-16,9.996691628918054,-5.887827628444579,25.931980798740103
2025-11-17,9.986070263711609,-6.11181321781208,25.756664560250098
2025-11-18,9.618329005860208,-7.0498993216524255,25.898400306312755
2025-11-19,9.301872083315756,-6.50468140037213,24.525605827364465
2025-11-20,9.121085312865306,-7.395602799907439,24.47456509848873
2025-11-21,9.178672040529257,-6.09052527156657,25.610632881681063
2025-11-22,9.124824569103305,-5.694266206064947,25.46670953297739
2025-11-23,9.076751519407281,-6.2205669148578995,24.9619520259489
2025-11-24,9.084642101720961,-5.8406585449314345,24.87655893303659
2025-11-25,8.73250427687177,-6.904857337790372,25.50566838404342
2025-11-26,8.428848207972512,-7.073565199650936,23.581232727410157
2025-11-27,8.258346902993488,-7.215420090205626,25.15233672110358
2025-11-28,8.324143591322418,-7.423307825864726,24.23372227852865
2025-11-29,8.276989836286074,-6.95736223015628,24.494199143052036
2025-11-30,8.23473611424554,-6.520267783933145,23.733876588968233
2025-12-01,8.248257216470952,-6.474725914043321,24.451166705693886
2025-12-02,7.902250883754665,-7.5112544105364325,25.32246551489665
2025-12-03,7.605882509704992,-8.159513159657887,22.969072136400744
2025-12-04,7.4444092062923914,-7.683337864099685,22.557364869123933
2025-12-05,7.521454082069272,-7.815676075393918,22.78191900605573
2025-12-06,7.488115914631263,-9.040574082560484,23.642148070454464
2025-12-07,7.462436962452156,-8.256269122588773,24.43998371981658
2025-12-08,7.495312089714481,-8.976075370134001,22.86245873373968
2025-12-09,7.171278208640431,-8.041312429325643,22.068765032191497
2025-12-10,6.89915722826161,-9.315538659033,23.737941728494214
2025-12-11,6.763685903674286,-9.190333466480572,22.7445298957107
2025-12-12,6.867803280976366,-8.231586048191376,23.72332385347827
2025-12-13,6.861780513651197,-10.532109228543058,23.388048843288953
2025-12-14,6.862715151880302,-8.978767867324613,23.513875070157592
2025-12-15,6.920472217338281,-9.182685975999625,22.529767528829442
2025-12-16,6.618510016640084,-9.297292009142156,22.244932883834682
2025-12-17,6.36456267400687,-9.741340843257305,21.346696032272266
2025-12-18,6.242311449971617,-9.734681928081638,23.323249603229506
2025-12-19,6.353714137273815,-9.791503001568811,22.14729866784301
2025-12-20,6.348175873359278,-9.793618600660443,21.89072746352628
2025-12-21,6.342082048063007,-9.240201986717906,22.344674735636875
2025-12-22,6.38477425499576,-10.418022568958355,22.503494993276362
2025-12-23,6.0594059784910295,-10.269444344417874,21.830535743843733
2025-12-24,5.773648878934541,-9.308145411083338,23.172801436556448
2025-12-25,5.611380805665658,-10.397487999609215,22.051212685121378
2025-12-26,5.67502410234546,-11.081689530820396,21.725572448795464
2025-12-27,5.614717054148299,-10.369479210306878,21.923259090690138
2025-12-28,5.5478389191891795,-10.244670280467933,21.86998866259978
2025-12-29,5.524969520515391,-10.652612559079628,21.04161862895732
2025-12-30,5.1307203841727596,-11.192540799596719,21.721302027772666
2025-12-31,4.774408839579392,-10.786545410701757,20.520250885903486
2026-01-01,4.54170701039128,-10.866485817076317,20.508029974934946
2026-01-02,4.536935283576641,-11.65534779323181,20.23284093825646
2026-01-03,4.41218432401644,-11.28664034717051,20.833956091516193
2026-01-04,4.28678745529722,-11.511684404134003,20.86123751451097
2026-01-05,4.213225881586043,-11.572722501555322,20.52889868234078
2026-01-06,3.777905311098852,-12.91808195478295,20.49874599907148
2026-01-07,3.391777002299865,-12.377778742018933,20.44208101137115
2026-01-08,3.1419367479804867,-12.094391555596225,19.241886861529316
2026-01-09,3.1338729063990947,-13.341502811870448,20.271750686079432
2026-01-10,3.0205489567011963,-13.193121492799923,17.830487972078714
2026-01-11,2.921843654573289,-14.171161567479812,19.556010184908956
2026-01-12,2.890432324893068,-12.44761697667484,19.27959942852453
2026-01-13,2.512548687073444,-13.484206527176044,18.159065440627263
2026-01-14,2.1986008157866177,-14.174540548176903,18.31279192711693
2026-01-15,2.034775060662019,-14.438912954976752,18.15246970324888
2026-01-16,2.125299057729598,-14.037973306538188,19.678496987553473
2026-01-17,2.1215490452969576,-13.314523340431855,18.75403071091999
2026-01-18,2.1415240125547736,-13.336252161581118,19.839093941400346
2026-01-19,2.235769400382049,-15.314748193863299,18.56391364084622
2026-01-20,1.9881886844266887,-13.775524886659369,17.575063177674934
2026-01-21,1.806715157984673,-13.402746153757795,18.8772491320076
2026-01-22,1.7749762689004016,-13.867032598189677,18.08445646212356
2026-01-23,1.9946200305447839,-13.74490706729529,18.54154821176307
2026-01-24,2.1144870087600203,-13.804058234333572,18.664457261970856
2026-01-25,2.2501486525906644,-15.086715847136606,17.96596630233789
2026-01-26,2.4498929280628756,-14.038534814423004,18.80168883238683
2026-01-27,2.2955938754999003,-14.894741404646362,19.324289849120568
2026-01-28,2.19343579788232,-14.096930305225154,18.807365012291292
2026-01-29,2.2256229704233212,-14.092711243113932,19.460690786724665
2026-01-30,2.492743115684444,-13.69467544237903,17.999907671077377
2026-01-31,2.642967095699317,-12.955190705604707,18.398303258936895
2026-02-01,2.7916047946491287,-13.556663535026104,18.56961127488544
2026-02-02,2.987097636552315,-13.18275861663614,18.58512146935945
2026-02-03,2.8118841387287183,-13.981463191821375,18.84867720178314
2026-02-04,2.6731092908824716,-13.996349198793725,19.00039946344726
2026-02-05,2.6543090328602923,-14.271104852329678,18.105335461924692
2026-02-06,2.857738748600491,-13.522328226126428,19.593030449401635
2026-02-07,2.9335291727602906,-13.965815361588495,19.603309280463947
2026-02-08,2.9991908740260746,-13.147898731343336,19.95236119803855
2026-02-09,3.1055491621354077,-14.303623017885279,20.033597260846573
2026-02-10,2.83754739447644,-13.367594939281897,19.860117481210196
2026-02-11,2.6048911754103234,-13.541146047559355,20.484147453173026
2026-02-12,2.4936665045670283,-13.989281683729121,19.79804918346048
2026-02-13,2.60860260446866,-14.159045498066865,18.577711093182128
2026-02-14,2.6021646150296154,-14.22755918571556,19.15864555450619
2026-02-15,2.5939990376671185,-15.261440551205006,18.713156847592572
2026-02-16,2.636815373914825,-12.99862990052859,19.29865478233502
2026-02-17,2.3171433663575507,-13.459767574953025,19.03211752181003
2026-02-18,2.045939560852296,-13.570057796402697,18.780326187699167
2026-02-19,1.910177231737923,-14.98488750845029,19.244465548388764
2026-02-20,2.015091118094675,-13.72656195785184,18.413560789824658
2026-02-21,2.0132625890211755,-14.29539400675489,17.679395046160266
2026-02-22,2.024068252412513,-14.601733397727397,18.404442814672326
2026-02-23,2.0995752825398992,-14.041051008665827,19.215480257009986
2026-02-24,1.8253224092045857,-13.092262280336504,17.715669280612445
2026-02-25,1.6109595413435667,-15.597920184920198,20.18678140890519
2026-02-26,1.5418790621290066,-15.031505945046726,17.70377390475751
2026-02-27,1.7215090101311654,-15.26444806007363,18.597831749750412
2026-02-28,1.8004523385653197,-14.034788787284871,17.668918279862872
2026-03-01,1.89599369036738,-14.040734976815198,17.620835540428292
2026-03-02,2.0580552828197103,-15.368624245253852,19.204814622158167
2026-03-03,1.8700391068230555,-15.060865905046626,18.272240774096424
2026-03-04,1.739526670178754,-16.167873215512124,19.757748651737085
2026-03-05,1.7499676226590033,-14.643006195853735,17.984420586077693
2026-03-06,2.003025871193286,-15.05575113879291,18.98278856786206
2026-03-07,2.1477659096771236,-15.042139946769423,18.19185848579658
2026-03-08,2.30019951395181,-14.079802148874766,19.383128612502748
2026-03-09,2.5092733248999837,-13.889121785046632,20.642640868684133
2026-03-10,2.35773370010132,-14.234036502499176,20.235405787668505
2026-03-11,2.252839507203784,-14.169640280143703,18.822479653205715
2026-03-12,2.278053923511087,-14.397203325563908,18.82576437282132
2026-03-13,2.5353838658580337,-14.398528402367747,18.702913630157028
2026-03-14,2.6745500776958475,-13.813897859188497,19.183400551784935
2026-03-15,2.812508602339149,-13.642913411536698,19.606739595106912
2026-03-16,2.9994050009236495,-13.203040175838082,19.827714752244326
2026-03-17,2.819398762178451,-13.205260579912247,19.208949724280316
2026-03-18,2.6813298420719542,-14.834531010951423,20.274696967181825
2026-03-19,2.6703598224785217,-14.50019271929134,19.66589288682203
2026-03-20,2.890257854393941,-15.251835150515292,20.323657234046298
2026-03-21,2.9925160246962808,-12.440557362200089,19.659879368589497
2026-03-22,3.095816510084018,-14.522878928892577,19.653557832785417
2026-03-23,3.251933485603207,-14.492415277561845,20.884723880660843
2026-03-24,3.0465087705137837,-14.074071380481955,20.30887645012163
2026-03-25,2.8896745669364217,-13.098519561463338,19.75797754577318
2026-03-26,2.867657038400996,-13.471621811472158,20.33608101230509
2026-03-27,3.085031955911265,-12.87194825657249,19.129103722927333
2026-03-28,3.193817886601422,-14.362735157946888,21.969326739957143
2026-03-29,3.3129298750717124,-13.995965488882407,20.561644407939262
2026-03-30,3.4940769058745387,-13.849255178490731,20.35337239077504
2026-03-31,3.322542177617373,-14.36056746262627,20.56084432790644
2026-04-01,3.2078193187726445,-12.509416149041027,19.89635957419339
2026-04-02,3.235237802355924,-14.068769731907746,20.152276072503504
2026-04-03,3.508248048832811,-13.908169251050365,20.320438572095195
2026-04-04,3.677550729416976,-13.160974307877677,20.999123112797122
2026-04-05,3.8605920625961048,-12.745047430689288,20.678231815938474
2026-04-06,4.107507076727361,-12.822549238851119,21.409671777153356
2026-04-07,4.001948435735671,-12.46858496245075,21.67673211939371
2026-04-08,3.9517724507343157,-12.405208040479339,20.004314869226725
2026-04-09,4.040713999564126,-13.735432496300687,21.632995568387642
2026-04-10,4.370719327264107,-12.932960237794628,21.68621431414749
2026-04-11,4.591119787893438,-12.367998134107163,21.73785408339627
2026-04-12,4.818166977293409,-13.303527090169634,21.44138774596957
2026-04-13,5.101010035127688,-11.778766458068016,21.550114811490335
2026-04-14,5.0225517032302935,-11.703915266064163,22.42983298780276
2026-04-15,4.990153967554625,-12.468758814277756,21.870245854702684
2026-04-16,5.087324448140666,-12.481681699491002,23.33864597474396
2026-04-17,5.416052206567333,-11.913230256361137,23.338041899392053
2026-04-18,5.625975990261418,-12.523909598787029,21.828203640103933
2026-04-19,5.833905585044879,-10.645601787290238,22.147863648827883
2026-04-20,6.089777531428653,-11.315484229523166,23.89898213290926
2026-04-21,5.9774825087898,-10.946808386611618,23.244752863213233
2026-04-22,5.905536149366282,-11.658539199433974,24.473399151848472
2026-04-23,5.958725569336535,-11.62820400575336,23.038270029111125
2026-04-24,6.240401562869387,-11.55500054957035,23.867156591569234
2026-04-25,6.401600868911018,-10.749952271225823,24.19102769730506
2026-04-26,6.560520643678663,-10.810627741031668,24.069265636829464
2026-04-27,6.768427882113208,-9.654249233520694,24.77352957986318
2026-04-28,6.610442560578776,-11.191422279602897,24.29139053546489
2026-04-29,6.4961676661429495,-11.108953473366256,24.642796273077693
2026-04-30,6.5112996952312345,-11.977385605303347,24.017869856102486
2026-05-01,6.759890715294786,-11.035345472718172,23.787049705146195
2026-05-02,6.8934473638828155,-9.097326895982434,25.27680823858351
2026-05-03,7.030389669821029,-10.451388750951754,25.369700707220588
2026-05-04,7.221952955189069,-10.876857257958719,25.970197606491467
2026-05-05,7.052971853479241,-10.178321297793207,24.812936967551234
2026-05-06,6.932519611433618,-10.144012439857615,24.503832854921534
2026-05-07,6.945535998178938,-10.606382004425882,23.64980167529019
2026-05-08,7.195114402011141,-10.646923726268493,25.16316289478487
2026-05-09,7.331632737190564,-9.320983357639376,24.485960016754415
2026-05-10,7.472250076914048,-9.852897494839988,25.24766748529163
2026-05-11,7.666851115305441,-10.45065020317756,25.441919804907965
2026-05-12,7.498876185378785,-9.529228591521191,25.87893357972839
2026-05-13,7.3760085790388406,-10.010245627193342,25.626135368767894
2026-05-14,7.38185100125756,-10.473037565389918,24.550252052325742
2026-05-15,7.618260222622299,-10.669074382900485,25.56785664508795
2026-05-16,7.734523057823431,-10.651563301885302,26.35150809524724
2026-05-17,7.846894158494337,-8.289202704164692,24.620839113266697
2026-05-18,8.004576406223446,-8.846067315385104,25.812450798679325
2026-05-19,7.790580466926427,-9.91993142281568,26.35890133228414
2026-05-20,7.612434274149617,-8.890024416664362,24.301401211981485
2026-05-21,7.553873512798475,-9.528101219656735,25.171088746732075
2026-05-22,7.717181648701809,-8.766143066460153,25.036503678787454
2026-05-23,7.752362371518249,-10.947013420951736,26.220519635906882
2026-05-24,7.77666494718558,-10.07111153453674,25.540592465346066
2026-05-25,7.840543542443818,-8.737797775390272,24.739320760655154
2026-05-26,7.528487621288474,-9.269193111130445,25.599813360626722
2026-05-27,7.249694966700314,-10.350897644693948,25.321161059064416
2026-05-28,7.0897194096393275,-9.677502916210747,24.921947895498946
2026-05-29,7.152763016864787,-10.950226454317944,25.403589361292614
2026-05-30,7.090796971702917,-10.642454532504162,24.94467990534025
2026-05-31,7.023033131095301,-9.93581469700612,24.32124981708801
2026-06-01,7.001828885254384,-9.88046635641685,25.35040134238187
2026-06-02,6.613464014099787,-12.532441307147103,26.435504721103467
2026-06-03,6.268762671277158,-12.048775109550132,24.567884774261515
2026-06-04,6.054694091467188,-11.840215073795068,24.227823220604947
2026-06-05,6.076623177244435,-11.926240624808257,23.545434007645557
2026-06-06,5.987396453162312,-10.892495956376354,23.612674114120203
2026-06-07,5.906786435030994,-11.207434401555727,23.648738120755098
2026-06-08,5.887377884111726,-12.082024790674307,24.22868088199315
2026-06-09,5.515335236725948,-12.12116174857315,24.00208986091632
2026-06-10,5.201024670740352,-13.209959687879856,23.360678028016007
2026-06-11,5.030624458844059,-12.172380132970291,22.90719362173296
2026-06-12,5.108394540045827,-12.043569989334033,23.909366711650517
2026-06-13,5.08579029879041,-12.474292505615834,22.772827289742697
2026-06-14,5.08094284170741,-10.609748495194477,23.760735461714575
2026-06-15,5.1445882455833045,-11.883685967322586,23.549013168092056
2026-06-16,4.860883861219593,-13.677956591819322,23.91462177434565
2026-06-17,4.638083754052156,-14.291957159066285,22.635188131704894
2026-06-18,4.5602054161027805,-13.21703403512904,23.898830684476795
2026-06-19,4.729357074818754,-13.40452579667342,22.90105386161135
2026-06-20,4.794908938680662,-13.015330997504547,22.87000695044311
2026-06-21,4.873029024832724,-12.244017574561196,23.27918344993743
2026-06-22,5.012664450532608,-13.274869245524874,22.91230450728318
2026-06-23,4.79640478115088,-13.307237319254911,24.539230445090226
2026-06-24,4.631198167445051,-13.879415025851364,23.424721201523163
2026-06-25,4.600051242161627,-12.795291243565512,22.766800402610446
2026-06-26,4.804381154997684,-13.28637299123494,23.47915035766431
2026-06-27,4.893202385484272,-12.878378714125489,23.589772804583145
2026-06-28,4.982668545631984,-13.527619153346677,24.05136269331745
2026-06-29,5.122049900725308,-12.510945753701224,24.141276895730666
2026-06-30,4.894583332292573,-13.247446660380948,22.998772534007628
2026-07-01,4.708165888343771,-12.727431452897704,22.267260759466915
2026-07-02,4.647023572355822,-13.177608113165041,23.331114776081332
2026-07-03,4.814024680652485,-13.793265492480781,22.792628669818647
2026-07-04,4.859821480159767,-13.607815646951465,23.02885471706169
2026-07-05,4.902341778720394,-14.549469982089137,21.47043768491469
2026-07-06,4.992712605079414,-12.599238210655184,22.69872350641514
2026-07-07,4.716054315759388,-14.59859512046351,23.474612030934964
2026-07-08,4.482117924447358,-13.586581413125199,21.713900847177534
2026-07-09,4.37689896444351,-12.619146061661304,23.17647362896457
2026-07-10,4.504898812277179,-14.063647136152845,23.83465614745652
2026-07-11,4.51821879433323,-13.227844649755834,22.634017727877602
2026-07-12,4.536010024558985,-12.91526552347777,23.02413655098404
2026-07-13,4.610362410779646,-13.65200313385023,23.309497490640585
2026-07-14,4.327072155509459,-11.829858925177417,23.68078241907949
2026-07-15,4.096261313747238,-14.47448427735729,22.526228276137953
2026-07-16,4.0039832204992925,-13.613646547224292,22.27875301846265
2026-07-17,4.154484938552422,-13.561060599606632,23.388806936141698
2026-07-18,4.199311984370658,-13.661424946688895,23.680520056960532
2026-07-19,4.256777931455774,-13.950014646342561,22.849571295344504
2026-07-20,4.377881705655188,-13.52516898609063,23.01559536509483
2026-07-21,4.147111019253147,-13.672665091422974,22.871309691686463
2026-07-22,3.9731043975193385,-13.219246135897704,22.614199266582343
2026-07-23,3.940304304837461,-13.60392940011956,21.977519058195274
2026-07-24,4.151271057492573,-13.262297415638713,22.177971882200108
2026-07-25,4.255841203435542,-13.781503828662359,22.648792150793785
2026-07-26,4.370651323945215,-14.573209571095008,23.190164779254964
2026-07-27,4.545108409678937,-14.81752753270205,22.994967644851044
2026-07-28,4.362243628365217,-13.758649338315813,23.485132173138137
2026-07-29,4.229420389686639,-13.657660635070627,23.244514002577343
2026-07-30,4.230027794621901,-14.913412828238654,22.32124308000877
2026-07-31,4.465827907774549,-14.143530131167898,23.987987034820673
2026-08-01,4.586139493817731,-14.46806748946616,24.137342390688815
2026-08-02,4.707378375026754,-12.983925373665775,22.893703334538984
2026-08-03,4.879035030468391,-13.490838865507907,23.316478571147222
2026-08-04,4.684526005086923,-13.714517212839878,23.579926984944333
2026-08-05,4.531890076594314,-12.926989523899158,24.784302531236747
2026-08-06,4.505460600986037,-13.273870745200414,23.074254901303703
2026-08-07,4.70818309103271,-12.81554709820236,22.806706443089425
2026-08-08,4.790761549535266,-13.281743668543985,23.091472412323203
2026-08-09,4.871154834521984,-13.779176400943818,22.968410855220657
2026-08-10,5.000505003963049,-14.366198903308751,23.55816732126161
2026-08-11,4.7639357031747664,-12.646877822693959,22.784979540534415
2026-08-12,4.571193161483926,-15.317311068861635,22.74999473519234
2026-08-13,4.508262913325983,-14.65918323378189,23.489227633834243
2026-08-14,4.679633017664374,-13.170055382970833,24.350513549906378
2026-08-15,4.737388990658604,-13.388872430444458,22.52058629182353
2026-08-16,4.800663344535183,-14.319977227205225,23.70304778037114
2026-08-17,4.921523169641971,-13.680790654480926,24.273066955316082
2026-08-18,4.685735140414726,-14.87986999395365,23.443240120562876
2026-08-19,4.503381616935493,-13.683694516901982,23.400552049585485
2026-08-20,4.460461815296962,-13.38220572491239,22.20652419372889
2026-08-21,4.661149404289488,-13.898682137592605,24.260534724749522
2026-08-22,4.756892033033761,-14.199275599270388,24.57378290981487
2026-08-23,4.865875667426398,-13.533282740572112,23.295081936821312
2026-08-24,5.038936850575682,-13.904992117072613,23.561846900578534
2026-08-25,4.860361646530359,-13.773243950612912,23.718182853799743
2026-08-26,4.7385440339242795,-14.305939898319993,24.397025276833585
2026-08-27,4.757636558528434,-12.058102619086124,22.373344581087398
2026-08-28,5.019863211020433,-12.118507815076159,23.62444459735539
2026-08-29,5.174678455541073,-13.845389705150366,24.887377654221996
2026-08-30,5.338293564837124,-14.337933492557067,23.468170343389023
2026-08-31,5.5596515614698925,-12.392644073698346,25.105500177478284
2026-09-01,5.421287667434693,-12.626400323856185,25.45906084282525
2026-09-02,5.3300461846070695,-13.603297440693016,25.324706823160145
2026-09-03,5.368784837481533,-12.548817565672637,25.028176698964895
2026-09-04,5.638734886030011,-12.132879688609291,25.324999050995388
2026-09-05,5.788699444120353,-13.740544179470424,25.11346772318812
2026-09-06,5.934609882170423,-13.890034031993263,24.729218685928025
2026-09-07,6.125520588248364,-12.752057495589263,25.30957024982429
2026-09-08,5.944478248366075,-11.910461108236989,25.59179609024754
2026-09-09,5.799236134258206,-12.177489936198658,25.47995190151585
2026-09-10,5.773944318572166,-15.188948035811176,25.546128221325656
2026-09-11,5.971484342287396,-13.162134143872246,26.394902849493434
2026-09-12,6.042631311857058,-12.552924603040104,25.383697782658462
2026-09-13,6.1055641590444845,-13.168364942976343,24.93191277984939
2026-09-14,6.211805482428972,-12.788379481855149,26.00237119007096
2026-09-15,5.947028536313443,-14.640346746103445,23.86702160053113
2026-09-16,5.721703482706198,-12.808761576193904,24.50986168888036
2026-09-17,5.622715631767961,-12.836802663390488,25.723780313591266
2026-09-18,5.75562612943732,-13.735414183731567,25.241658627222222
2026-09-19,5.773760078502525,-13.570821294889468,25.529250068288135
2026-09-20,5.797644853931363,-15.041266205892562,25.05576798825716
2026-09-21,5.880882021552476,-13.103426510734336,25.089968828237197
2026-09-22,5.610892322439259,-14.201027508177473,24.83174924251115
2026-09-23,5.399507588307076,-14.384231752487345,25.46971113090229
2026-09-24,5.334543866464244,-14.009322016547998,25.43016891267495
2026-09-25,5.522027525574927,-13.898696544557687,24.693736323586283
2026-09-26,5.615260362876304,-13.151805503117554,25.01215418748022
2026-09-27,5.734247200065657,-12.731784584377806,26.029867128212818
2026-09-28,5.931569774076867,-12.875428016070813,26.070867536817747
2026-09-29,5.793146440878823,-13.287518641719988,25.622794501227446
2026-09-30,5.728851269393199,-12.830984823403861,25.84547859276171
2026-10-01,5.82412617894377,-12.841823987399865,25.237195718580033
2026-10-02,6.1822569458202015,-13.875142372661495,25.67235142063789
2026-10-03,6.4534978588002,-13.021740793367648,26.006140473777574
2026-10-04,6.754567008498406,-11.616513470533894,25.390301224087764
2026-10-05,7.134594293792054,-12.758263506177872,26.389485384024322
2026-10-06,7.175959766875108,-12.371393872952517,26.384497326980497
2026-10-07,7.28499387569715,-12.189721634966867,26.993044736043945
2026-10-08,7.54367117224115,-12.139012086724161,27.665661444808404
2026-10-09,8.05196621760441,-11.286606444543033,26.35973233041385
2026-10-10,8.457054416573783,-11.060552517301826,28.672712952579676
2026-10-11,8.872877822510414,-9.986611797373413,29.757861341109727
2026-10-12,9.346156207561354,-8.551834428314274,28.9038102268562
2026-10-13,9.457279435493982,-10.362043636312556,28.91773187108706
2026-10-14,9.611051358002833,-10.284854518787665,29.879195330923288
2026-10-15,9.888415746746801,-9.71207166713593,29.18772017218813
2026-10-16,10.388832245005766,-10.52454976244907,31.49646730640379
2026-10-17,10.75948465230247,-7.607810165099465,31.310623342146126
2026-10-18,11.11484150071909,-10.239019918402644,31.058525395297636
2026-10-19,11.502649473072415,-7.9182875871456275,32.094229691359274
2026-10-20,11.504796283241507,-8.473367340108888,31.19683946471559
2026-10-21,11.528014131905728,-6.997612120557771,31.371107783518525
2026-10-22,11.655555424782005,-7.233144558469269,30.449082377090853
2026-10-23,11.989510159790061,-7.759734617364739,31.366645350993718
2026-10-24,12.179948925406478,-7.434549917522391,33.200095425842186
2026-10-25,12.344413257359072,-7.230178677784665,32.24482438867794
2026-10-26,12.533835800839984,-6.100140937323184,32.01363424115033
2026-10-27,12.333328850554942,-6.014042205746436,32.23523190525956
2026-10-28,12.1528143342723,-8.185280321901574,32.55855235251313
2026-10-29,12.078628825559573,-6.904396821886969,31.867099177666333
2026-10-30,12.215774784808687,-5.946670453402689,32.850958798974176
2026-10-31,12.217003608923491,-8.66752932315009,31.867998465320888
2026-11-01,12.20225367658934,-7.746686705147247,32.33620032791474
2026-11-02,12.224527040093685,-8.172637140159651,33.0108614274191
2026-11-03,11.870644273231012,-8.236745241699385,32.98095116408905
2026-11-04,11.55185118902727,-9.665282869145223,31.554940488833033
2026-11-05,11.355411357819303,-8.486311885088673,31.174358575612317
2026-11-06,11.386855661209285,-8.210485441480785,31.744503635815335
2026-11-07,11.29907419398527,-8.7801972300405,30.56313249323877
2026-11-08,11.211773140477742,-8.233475253281116,31.522541494249204
2026-11-09,11.177379444470676,-7.0553878435745165,30.219859069198353
2026-11-10,10.78183170742031,-8.840817160654854,32.61974317999406
2026-11-11,10.435229746206167,-8.274408303088856,29.886005635287077
2026-11-12,10.223475291532377,-8.898025288727995,31.88832803051512
2026-11-13,10.25057349134898,-8.302164668518094,29.71519439940649
2026-11-14,10.167778886887842,-10.109485507059071,29.45641587422694
2026-11-15,10.09310681963333,-10.355858965068277,30.464504234922362
2026-11-16,10.07729144655412,-9.924739167981757,29.97844866544407
2026-11-17,9.7046272314466,-9.948498434162914,30.65735776136949
2026-11-18,9.383664897290572,-10.911573535833481,29.068672769371386
2026-11-19,9.198893036575475,-9.32742014786383,31.639409847500122
2026-11-20,9.253073958219728,-10.613088945233905,28.08564594534028
2026-11-21,9.196416581109654,-10.577909106087288,28.769474279798008
2026-11-22,9.14610672581197,-8.809957873584287,29.151294624498696
2026-11-23,9.15227564057654,-12.225133866969792,30.778118075835877
2026-11-24,8.798843560308265,-10.91675244799175,28.91302775041489
2026-11-25,8.49420948443338,-10.982467563312294,28.268879412748348
2026-11-26,8.322918831764298,-12.320347619017836,27.480765492495483
2026-11-27,8.387978254255323,-10.459461608721012,29.285252616435933
2026-11-28,8.340001339828774,-11.49900204050747,28.245640484070613
2026-11-29,8.296706661184396,-12.797612404548765,28.67817485200257
2026-11-30,8.30885026006033,-12.337005700660479,29.40649343253794
2026-12-01,7.961030725587758,-11.46744734257444,28.729637572187666
2026-12-02,7.662339474766933,-12.316953050299473,27.69968214798959
2026-12-03,7.4979893313435415,-12.396893757384984,27.928926510945217
2026-12-04,7.571592093034502,-12.77395815074789,27.330801201865444
2026-12-05,7.534270150084513,-12.975697410095764,28.290378673488924
2026-12-06,7.504124827297768,-13.03991704805994,28.838532587857046
2026-12-07,7.532144598011695,-13.643848050037448,27.759652532736038
2026-12-08,7.202992198039182,-13.221791958223733,29.236304344639183
2026-12-09,6.925643899886774,-12.843673721262624,27.38504652536463
2026-12-10,6.785014458277235,-13.349811527826445,27.537370925539538
2026-12-11,6.884238581102162,-13.540111122793661,27.024723489707572
2026-12-12,6.873793897372092,-13.186016501412794,28.381347380162893
2026-12-13,6.870987750203931,-14.08058770860882,27.586787500959062
2026-12-14,6.925890377538767,-12.274840699049259,28.83341966641908
2026-12-15,6.622152699572203,-13.451232769204038,26.844462859356984
2026-12-16,6.367680966576414,-13.890644211797987,27.89593537729748
2026-12-17,6.246300605599839,-15.026288562222417,25.66940465479562
2026-12-18,6.360078818857484,-14.423072044079028,26.360010551159412
2026-12-19,6.358489516433511,-13.862443555266115,26.7458869005113
2026-12-20,6.357941478802331,-13.778593270565437,27.45595814320362
2026-12-21,6.407750881295748,-12.802189912867547,26.186545430178217
2026-12-22,6.0909950165574855,-13.837827138049636,26.536715296036224
2026-12-23,5.8152181776977825,-14.475750612900132,28.247379023986486
2026-12-24,5.664120883380586,-15.521937848199721,27.825066809423866
2026-12-25,5.739901011844938,-15.232038611414126,26.237789044012718
2026-12-26,5.692429644796672,-13.897944487660801,25.919878093654564
2026-12-27,5.6387819656007565,-13.882643531945659,26.9261886130913
2026-12-28,5.629204043033711,-14.264484226725862,26.35978771608121
2026-12-29,5.247952297942868,-15.563694814220176,24.41714852708434
2026-12-30,4.903976842965479,-14.435911895234131,24.86846054260607
2026-12-31,4.682580366057668,-16.14015558086153,25.454296860324348
2027-01-01,4.687721864167186,-15.98078519347119,24.10871763558344
2027-01-02,4.571148997275493,-15.330948991036902,25.18070755556462
2027-01-03,4.451880579480306,-17.671209621959697,26.216624551792457
2027-01-04,4.382121380112078,-16.827429363316494,24.367689288612215
2027-01-05,3.948047504685343,-16.252224680080865,24.632626452530992
2027-01-06,3.56043510605402,-17.996923259535706,24.85502460101476
2027-01-07,3.3062656983474525,-17.173360183159517,23.55899231513086
2027-01-08,3.2909789760130623,-17.938143513624816,24.082323958480156
2027-01-09,3.1675584504114145,-17.455339496139743,21.89916991653231
2027-01-10,3.055972862612367,-18.227737280106638,24.933647854368296
2027-01-11,3.009056843132478,-17.52896887850449,24.846352429734008
2027-01-12,2.6132702020246703,-18.384823656116627,23.612255574687932
2027-01-13,2.2793094943054397,-19.01008610821373,23.81204377728436
2027-01-14,2.093705780414218,-18.792324914329864,23.265126285199237
2027-01-15,2.161079862136875,-18.706783784556514,24.09312340802891
2027-01-16,2.1332404019024547,-18.790229103229912,22.878505394026785
2027-01-17,2.1286476914414467,-17.104796825300184,23.000184011049082
2027-01-18,2.1983260627524714,-17.873487052494156,24.370468525596475
2027-01-19,1.9266635731829895,-18.159355976850055,22.30804167980874
2027-01-20,1.7220716036586734,-19.023764685929912,23.20138748625322
2027-01-21,1.668637056414593,-19.16547206458166,23.028026196733318
2027-01-22,1.868437005696106,-18.905615981955933,23.526169258681815
2027-01-23,1.970699628367202,-18.55031233377742,23.314979550546052
2027-01-24,2.09133248971294,-18.64054362195752,23.98326766088511
2027-01-25,2.278899424648461,-18.312596471785703,24.639155965911723
2027-01-26,2.115482881173351,-20.954581706159882,23.192551888548675
2027-01-27,2.007402638161664,-19.629978904139783,22.31191715755245
2027-01-28,2.0369219444849795,-18.635078360155177,23.149052544858854
2027-01-29,2.3046094282177614,-18.983075649815532,24.187261501938348
2027-01-30,2.4585392763739793,-17.610138952667793,24.30067239294912
2027-01-31,2.613849650560121,-19.621495892282976,25.032807689287257
2027-02-01,2.8187397179403773,-17.579951820265556,25.216503259101042
2027-02-02,2.6553415779272895,-19.102311199263568,24.155568144965972
2027-02-03,2.530437702177242,-18.663676726287278,24.089629571333678
2027-02-04,2.5271549415296226,-18.846863278417008,25.26088386865296
2027-02-05,2.7473037570047363,-18.394468528711837,23.9980662989291
2027-02-06,2.84054577734506,-17.91523463885445,24.802546190273514
2027-02-07,2.9239105277095394,-17.627388790333733,24.96433543165248
2027-02-08,3.0477428409105407,-18.293133351756104,24.289487588184496
2027-02-09,2.7965185846039877,-19.395009676406534,25.893544908564266
2027-02-10,2.5795008580013987,-18.51245485553796,23.786182485723568
2027-02-11,2.482369387360235,-19.065185747857168,23.879016404468057
2027-02-12,2.609493545282554,-18.440165711993732,24.258815564137404
2027-02-13,2.6130339065031185,-17.593504714034378,23.28240352808704
2027-02-14,2.612394986102516,-18.38288002340853,23.36894154460701
2027-02-15,2.6601124129873863,-19.36121636739088,23.21376079212078
2027-02-16,2.3426138045221547,-19.09740016144906,24.407766153188717
2027-02-17,2.070826973284137,-18.398961262736666,23.861300679393
2027-02-18,1.931769476006739,-20.85845872710189,25.267910369054803
2027-02-19,2.0307909781513027,-19.117781181353408,23.161744722463155
2027-02-20,2.020654133571128,-19.500656308696378,23.90521742490913
2027-02-21,2.0209771288266984,-18.303767753320894,22.5733234647163
2027-02-22,2.0841213520335287,-18.77888837516575,23.691659661113917
2027-02-23,1.7959633576176697,-19.694399805608096,22.436999480083472
2027-02-24,1.5665243657668988,-18.032490682757256,23.203636813618843
2027-02-25,1.4815906290155656,-19.145531119559998,23.702721101242705
2027-02-26,1.644995196849833,-19.05790209013152,23.549860988998585
2027-02-27,1.7077455983639065,-20.19733527824074,22.31444009834219
2027-02-28,1.7875192109619173,-19.29542393708635,23.311184128282264
2027-03-01,1.9346082317947308,-18.901898131540577,22.78639873453157
2027-03-02,1.7327517634372986,-19.17680770997705,24.55891675633544
2027-03-03,1.589826524286864,-19.59553460998152,23.419658643278456
2027-03-04,1.589527769309571,-19.267247733122268,23.48929721392728
2027-03-05,1.833709237075471,-20.113031374589067,24.974865686513542
2027-03-06,1.971565009167192,-21.504798627902733,23.89568486798727
2027-03-07,2.1191735436997265,-18.581889321020157,24.370695605733488
2027-03-08,2.3254844637126575,-18.972465735354515,24.66526598221756
2027-03-09,2.1731844840503185,-19.09019616204801,24.563379340110846
2027-03-10,2.0694130985998904,-20.284563491728203,24.996073815623046
2027-03-11,2.0974589885493766,-18.496154263132155,23.390422697346843
2027-03-12,2.359105622664855,-21.034138776505493,24.638320728434373
2027-03-13,2.5038088790769772,-18.949201751750646,25.670683307241664
2027-03-14,2.6482271817187,-20.842004934865642,24.477110440492172
2027-03-15,2.8421852430628003,-18.62291683648756,25.773407926579186
2027-03-16,2.669508570222696,-19.73558021502247,24.588141887402948
2027-03-17,2.538700368035829,-19.735819140695174,24.442935003914215
2027-03-18,2.534593018532807,-19.96837972112344,24.094674116560626
2027-03-19,2.7606439963758076,-18.519608355058956,23.68004644896901
2027-03-20,2.8680605662296466,-18.473749325545597,26.036607376630545
2027-03-21,2.9752753541046886,-18.43523097355881,25.12653750932503
2027-03-22,3.1338555178575773,-19.37936330831806,25.89816436254464
2027-03-23,2.9292842937792183,-17.929210315441612,25.70300878246295
2027-03-24,2.7715881111505385,-19.19652748537605,24.0301648215272
2027-03-25,2.746942905163957,-18.801554236678914,25.864121499355672
2027-03-26,2.959930789229121,-20.254796271145217,25.767042224736855
2027-03-27,3.0626325467922384,-19.433593988405228,24.84798073382899
2027-03-28,3.17407892974151,-18.276855008877995,23.925048064204386
2027-03-29,3.346144139266849,-17.303977980166472,26.064504496841412
2027-03-30,3.1643206545677636,-19.13653042810294,25.39805821302061
2027-03-31,3.0383487176019686,-19.41971209933343,27.512609193569272
2027-04-01,3.0538339467720013,-19.528420257775057,25.939929068771
2027-04-02,3.314523815468716,-17.706175767596243,26.592391108175683
2027-04-03,3.4714277775297457,-18.307342623516075,25.891823405982425
2027-04-04,3.642303117302336,-19.059735228215853,25.014260205854168
2027-04-05,3.877588788389453,-17.52505138555378,26.294118857645856
2027-04-06,3.7612251267264587,-17.655924605022737,27.44120001900284
2027-04-07,3.701331338277016,-18.716510869795126,26.92081860855015
2027-04-08,3.7818727410786694,-17.331614388176668,26.524002514365
2027-04-09,4.104986965095355,-17.54935991123586,26.706840484137558
2027-04-10,4.3201523664399915,-17.394259176149625,27.455346910560227
2027-04-11,4.543719261626922,-17.525049700427434,26.636424562515256
2027-04-12,4.824884871548852,-17.70884741353201,27.47634272222095
2027-04-13,4.746548625675561,-17.95243065044716,27.32339943793871
2027-04-14,4.716018667486701,-17.677292975186415,26.942183320628352
2027-04-15,4.81670068934754,-16.239064580051043,26.253962899847117
2027-04-16,5.150437681336396,-16.715671698162563,27.894744728023152
2027-04-17,5.3666834824946745,-16.819374579530304,27.22848040673275
2027-04-18,5.582030633073376,-16.694792191874928,28.83534824639104
2027-04-19,5.846173574037686,-15.599234184342922,27.787798163137634
2027-04-20,5.742744258686634,-17.21381522162345,28.849455878170772
2027-04-21,5.679991676470785,-15.543676541974166,28.15090678776833
2027-04-22,5.742437299863162,-16.506096437420574,29.064535224728434
2027-04-23,6.033176117748388,-16.45272127092856,28.515010119493265
2027-04-24,6.203007385272433,-15.501506185476714,28.45364187541189
2027-04-25,6.369916954612835,-16.692119681369434,30.22779273659035
2027-04-26,6.5849936808108245,-15.699654662267246,30.154139389412325
2027-04-27,6.433218453076692,-15.58179902440624,29.083405732546602
2027-04-28,6.324098828917605,-16.115407164792014,27.974307859340175
2027-04-29,6.343282705740964,-14.842089264493847,28.700193696341355
2027-04-30,6.594822019710644,-15.471575711690347,29.3504578697392
2027-05-01,6.73027179007448,-14.686235931636864,28.899988618638286
2027-05-02,6.868147386802882,-14.31924804414609,29.03860622283713
2027-05-03,7.0598233231267855,-16.009035912267784,29.907328603137348
2027-05-04,6.89031269967313,-16.175747913731243,30.034958373171715
2027-05-05,6.768900604855951,-15.214665653560859,30.144293345105204
2027-05-06,6.7807649739176545,-14.549731034946555,30.039798383377256
2027-05-07,7.029255702179381,-15.649445463166042,28.124257294395903
2027-05-08,7.165016879827542,-16.07481137359636,29.94422474485715
2027-05-09,7.305474331925943,-13.994016328503118,30.938669544958035
2027-05-10,7.500770848315238,-15.349655957963623,31.201506054844188
2027-05-11,7.334587118064402,-16.764519936910517,31.212855970083567
2027-05-12,7.21482039927248,-14.011888210214964,29.33185727035657
2027-05-13,7.225253029534308,-15.06195228430734,30.84250692518908
2027-05-14,7.4678800944745625,-15.137574985432247,30.874598519447385
2027-05-15,7.592079607383289,-14.645173093384848,29.547383474991634
2027-05-16,7.714145879165789,-15.048711544245364,30.29645672411333
2027-05-17,7.8832670145928025,-14.410615814176131,32.0064488723461
2027-05-18,7.682383200831876,-15.172365459704716,29.853120305091554
2027-05-19,7.518896611933435,-15.327505932493155,30.339306455764724
2027-05-20,7.476364006155029,-14.71847643656727,30.366486366799236
2027-05-21,7.656840515918276,-14.531542240759345,29.275429542936777
2027-05-22,7.710057402294474,-12.995485167358522,30.749059688128852
2027-05-23,7.752954127342047,-14.211849755849396,30.69732466632169
2027-05-24,7.835645620670258,-14.860365684062096,29.885191857363377
2027-05-25,7.5422616160413245,-13.880315102664198,30.903105667037632
2027-05-26,7.281629355958378,-14.880229729944682,30.205216077808018
2027-05-27,7.138931466930433,-14.008776362611977,32.17860104582862
2027-05-28,7.218008461985519,-16.528582647244523,31.407039321050455
2027-05-29,7.170489802665643,-16.009047823667444,30.766474666520814
2027-05-30,7.115275203891203,-17.341297785168706,30.545130510690527
2027-05-31,7.104448519045758,-15.151061222877004,32.35095175353174
2027-06-01,6.724062630007432,-15.541675813154919,30.67080514440356
2027-06-02,6.384768231148924,-15.677308189058682,30.465690194470447
2027-06-03,6.173419896111781,-16.64786035289604,31.3733374281435
2027-06-04,6.195330417946305,-15.219255010544947,29.153915880364092
2027-06-05,6.103358790848668,-13.961113687000887,30.46779002063472
2027-06-06,6.017354811983687,-17.128382556629617,30.310876027862182
2027-06-07,5.990043755871829,-16.829692102492398,30.587545506735804
2027-06-08,5.607790447446905,-16.281044365352102,29.2960135926016
2027-06-09,5.2812162829430855,-18.178673497614245,29.822688671699535
2027-06-10,5.096802985830325,-16.79226050901239,28.85585949668172
2027-06-11,5.15915421225615,-18.479840286750427,29.09250910194281
2027-06-12,5.120100218956917,-17.82471995900376,29.08227626163022
2027-06-13,5.098168141234516,-17.684996878922377,30.179879320213914
2027-06-14,5.144500638733067,-17.973361214910657,28.247620341903737
2027-06-15,4.843661296095746,-18.043035690243055,29.41503879198372
2027-06-16,4.604299171240066,-17.624117668767006,27.41728544206039
2027-06-17,4.510804937980003,-18.708874001267294,28.787447856531706
2027-06-18,4.665628251811327,-17.697026852501665,28.48644392303003
2027-06-19,4.718439964248655,-19.175081712602477,29.576251578968982
2027-06-20,4.785660090229976,-18.33826098855671,27.13749378575528
2027-06-21,4.916432635785284,-19.148572191969393,29.59684001346751
2027-06-22,4.693484063570468,-17.23206052576328,29.84844016459655
2027-06-23,4.523836267841846,-17.99309259189194,26.2454516496612
2027-06-24,4.490505117589189,-19.326577862305903,27.87153117427587
2027-06-25,4.694852982744623,-17.61289290863593,28.866735210822803
2027-06-26,4.785777864976254,-18.221432576420362,29.99650802517565
2027-06-27,4.879259273411985,-18.162838198574477,28.2337363948834
2027-06-28,5.024341450854145,-17.13939053803005,29.993050765039392
2027-06-29,4.803990503896008,-18.715819840142863,28.884916293883943
2027-06-30,4.625796368632102,-19.935384770869675,28.194871182122398
2027-07-01,4.573651013610194,-19.178042474191514,28.358969139609492
2027-07-02,4.75007191063684,-18.58757420133035,28.956981991388503
2027-07-03,4.805354265574321,-18.486213076216757,28.621147138945794
2027-07-04,4.857073249375184,-18.04508371496804,31.037949716478156
2027-07-05,4.956018131771261,-18.25016151893635,29.576945619401798
2027-07-06,4.6869963266318715,-18.553980705372012,29.143054326291487
2027-07-07,4.459479852081786,-18.708644804046415,28.94604881386273
2027-07-08,4.3592272477373,-19.147944548758996,28.655127392347172
2027-07-09,4.490551641256917,-20.17107362130252,29.29155891406667
2027-07-10,4.505420089484762,-19.32927310364262,28.317160862602684
2027-07-11,4.522906990863508,-18.909492437070895,28.904953976107702
2027-07-12,4.595084904945568,-17.866946364761745,29.908418487717068
2027-07-13,4.307792055954349,-19.99984453436243,28.518781001733014
2027-07-14,4.071250088144726,-18.562593069106136,27.399080593626028
2027-07-15,3.971665945098256,-18.48500774334062,30.103622508911364
2027-07-16,4.113489135202952,-18.176405499432178,28.725683959390558
2027-07-17,4.148509801981908,-19.659409532381822,28.1673340712389
2027-07-18,4.1953204036574405,-19.436870102601077,27.616142240351163
2027-07-19,4.305224059686704,-19.36180511397132,27.674997161610317
2027-07-20,4.063028285269054,-22.60166043650428,29.739973269980933
2027-07-21,3.8776968644122283,-18.33280739344697,27.009598682810342
2027-07-22,3.8339926794434778,-19.94266923263014,28.519853787123424
2027-07-23,4.034781499390463,-20.553622757472876,28.275829520620384
2027-07-24,4.130180717934181,-19.10897711764266,27.42538797017707
2027-07-25,4.237074292020541,-21.288182921508074,29.48740535854497
2027-07-26,4.405075306560186,-19.352524195929018,28.62419929650795
2027-07-27,4.217373223968287,-19.235832577894598,28.54854126270284
2027-07-28,4.0814369267476325,-19.221395595748117,27.90156095781659
2027-07-29,4.080704798051245,-21.97860473020437,29.72117263164333
2027-07-30,4.316930386487591,-20.30428414126277,28.754717638501603
2027-07-31,4.439366350733726,-19.811364989997944,29.847906861619528
2027-08-01,4.56430684025221,-18.79091506287927,30.99066680639671
2027-08-02,4.741068876677652,-20.004864602203373,29.095878453315514
2027-08-03,4.55284919428237,-18.98311378994297,28.999155386502384
2027-08-04,4.407427326869312,-20.823014100859023,29.69904035429712
2027-08-05,4.388846155196357,-19.930246769579806,28.940596285827418
2027-08-06,4.599738722483133,-18.411077765610216,28.511593692385695
2027-08-07,4.690484560093614,-18.015952768534362,29.953028071809936
2027-08-08,4.778716496238087,-18.96739157168727,30.15440848136915
2027-08-09,4.915259575357056,-18.72883098687642,28.570134481339664
2027-08-10,4.684939825340292,-18.955493597207074,29.996615045263216
2027-08-11,4.497235116824155,-18.28786361285601,29.87284278152093
2027-08-12,4.437900920792963,-19.992813324969383,28.306575060218506
2027-08-13,4.6112414521123934,-19.304072651444212,29.88631452575034
2027-08-14,4.669211159156224,-19.72180649668362,29.147070174706442
2027-08-15,4.730869236944849,-19.871936089710147,29.855052776281287
2027-08-16,4.848270431259177,-20.71115579279863,29.89879843615869
2027-08-17,4.607231396310481,-20.041815120792677,29.199267075759945
2027-08-18,4.41794621476169,-20.313962875695935,28.840763315777224
2027-08-19,4.366585048000093,-19.721191402560155,29.101580321916433
2027-08-20,4.557547327033531,-19.83454020893541,31.509401951598765
2027-08-21,4.642555098477805,-20.651001956697954,30.142044272159854
2027-08-22,4.740109567647763,-20.617015493436906,29.873746870752246
2027-08-23,4.901394167827896,-21.277170368936705,28.61460951303008
2027-08-24,4.711063172892168,-18.584772032780183,31.223180441201634
2027-08-25,4.577888914350292,-20.365295479789914,30.623741644303585
2027-08-26,4.586400734663357,-19.624714719574545,31.19288594832445
2027-08-27,4.839185984958871,-19.937833699885946,31.709285472409952
2027-08-28,4.986037343819615,-19.152636078930545,31.537158433560354
2027-08-29,5.143467962993057,-20.61933997907302,30.60173794654745
2027-08-30,5.360676078376559,-18.571973827481084,31.840491351697572
2027-08-31,5.220396306263865,-20.263579161080116,30.852051823908436
2027-09-01,5.129608834340608,-18.94138842959313,31.470228918896808
2027-09-02,5.171237786723289,-17.639693281128174,29.7146294578693
2027-09-03,5.446507272026481,-20.086119132189996,30.843417434126273
2027-09-04,5.604137698082638,-18.650826573251628,31.151646476933944
2027-09-05,5.759902322603724,-18.100579120260427,30.82314399385468
2027-09-06,5.962624343804025,-18.70622337770792,33.05585838125929
2027-09-07,5.795050659530883,-18.417073218149984,31.236555981505717
2027-09-08,5.66457268927509,-20.85725977753861,30.579946154695467
2027-09-09,5.654925025607964,-19.1068830568359,31.572725047628303
2027-09-10,5.868530230917942,-19.09963597060552,31.93463176755126
2027-09-11,5.955672497911365,-17.474031892888718,31.30267032041642
2027-09-12,6.034020604739791,-18.92698721325174,31.882369628236518
2027-09-13,6.154581246772851,-18.339399847102737,32.742444279186365
2027-09-14,5.902519948184459,-17.917561396061192,30.637802628645314
2027-09-15,5.687821290929373,-18.873367308703184,32.926514246022066
2027-09-16,5.596920803366824,-18.997575840223256,31.656714797481268
2027-09-17,5.734978589824593,-19.340050332475187,31.201548083289584
2027-09-18,5.754979326212651,-19.007993557498846,30.701192685993902
2027-09-19,5.777181047831264,-18.67547013220379,32.521183250607855
2027-09-20,5.854995839726661,-18.790607337395617,31.819364244365534
2027-09-21,5.575741637630635,-19.281394924161305,31.758551613285004
2027-09-22,5.3512388021893,-19.285579946666015,31.869428412282048
2027-09-23,5.269385599938852,-20.09481833256541,30.796258358916823
2027-09-24,5.436384278948171,-19.480562168724216,30.91263226690894
2027-09-25,5.505803740756834,-17.23018679838505,32.79095846801605
2027-09-26,5.59800234175819,-18.819800434773473,32.16074968640203
2027-09-27,5.765994740136955,-19.020053311311738,31.773255070702838
2027-09-28,5.596202477345721,-19.144443124139695,31.783764678113386
2027-09-29,5.4990620985444085,-20.119572494567198,30.013304427946487
2027-09-30,5.560624742965869,-18.18036768134457,30.16423615960204
2027-10-01,5.884818350076982,-19.725349636450975,31.45999994827591
2027-10-02,6.12255761554283,-19.029870045651457,31.08132619055038
2027-10-03,6.391224060323155,-18.095091730074767,33.6207920199948
2027-10-04,6.740598688450749,-19.301948524751243,33.22436562419868
2027-10-05,6.75368525047827,-19.220070992463004,33.30240982835932
2027-10-06,6.837396059166325,-18.53807456704711,32.359281464578004
2027-10-07,7.074232295386793,-18.362493295076682,33.155739537103656
2027-10-08,7.5646278764911035,-18.551384280500024,35.51107274998037
2027-10-09,7.956139923633213,-16.323058377534934,34.46804110820018
2027-10-10,8.363006126983322,-17.758738407008604,33.04812422150538
2027-10-11,8.832149509511842,-17.225558124737464,36.8875377440355
2027-10-12,8.944066774447188,-16.77064375514397,34.50859506555921
2027-10-13,9.103570543439295,-16.559481020993463,34.84619709033697
2027-10-14,9.391516020365998,-15.927036118742475,35.94809800088106
2027-10-15,9.907180023506392,-14.070401374836527,35.86985477245147
2027-10-16,10.29747459605781,-16.12364976949839,37.46552893661107
2027-10-17,10.67651499149247,-15.390431358168989,36.49590696610089
2027-10-18,11.091622367590372,-13.948261095133988,37.88070514381589
2027-10-19,11.12419754561612,-15.602327454657996,38.284251932871186
2027-10-20,11.180436644131598,-16.752946666311193,36.5816990811103
2027-10-21,11.34301993960265,-14.030048201657454,37.51576121183287
2027-10-22,11.713443003721654,-12.914840051714702,38.032617289827705
2027-10-23,11.941173691718589,-13.395935365826888,37.887411526690414
2027-10-24,12.143156359586357,-13.138154581263109,38.7407266846371
2027-10-25,12.369745397345678,-13.739548089692322,38.14899644163774
2027-10-26,12.205506309556814,-12.755405102997418,38.00974750903695
2027-10-27,12.059857095970568,-13.126608867757291,40.124450026339304
2027-10-28,12.018683241920293,-13.339977896557912,37.81627112401122
2027-10-29,12.18659728540813,-12.539188038629849,40.23061416186276
2027-10-30,12.21602835902937,-13.27386151306229,37.31590724966304
2027-10-31,12.22666476574921,-13.331112591283173,39.28417941494248
2027-11-01,12.271333168774621,-11.88029509651553,37.44775447956722
2027-11-02,11.936753892693762,-14.402629863535509,39.65242370792137
2027-11-03,11.634146095053536,-13.119763689892002,37.54917875416274
2027-11-04,11.450816840020298,-14.547616590010213,37.179594888458894
2027-11-05,11.492405462552485,-13.85149180486102,37.423745671234734
2027-11-06,11.411968734747452,-15.094291914538568,37.830290772036214
2027-11-07,11.329429700452192,-13.823747229565932,38.8981745942964
2027-11-08,11.29747326932781,-15.0163736818844,38.32870554341235
2027-11-09,10.902327301140865,-13.149413075780132,37.29624463813753
2027-11-10,10.554401922388502,-13.765738921306761,37.335569156125445
2027-11-11,10.339919872668236,-15.056129571233326,37.16673242343642
2027-11-12,10.363207857426351,-14.914083942301753,36.27602327674248
2027-11-13,10.275832873657365,-16.70853294130373,37.31293755739078
2027-11-14,10.196104743780785,-14.320872219691797,37.35353726502716
2027-11-15,10.175026281987996,-14.282061080859744,37.91813819373438
2027-11-16,9.797128170808405,-17.189497806885253,37.00391998276974
2027-11-17,9.471159699966735,-17.46731890108896,35.665645911173705
2027-11-18,9.281766684356722,-16.815631358924904,35.52521975637349
2027-11-19,9.331825209508523,-16.44415530174353,36.19395418686189
2027-11-20,9.271614032629278,-17.39608988513317,36.86688148516854
2027-11-21,9.218345957489174,-16.021143399671413,35.910215760553186
2027-11-22,9.222138936226948,-18.319171921136594,36.17861456952488
2027-11-23,8.866863567339553,-16.16596144235836,34.885386871778145
2027-11-24,8.560838004527627,-15.805268487708327,35.53733301686895
2027-11-25,8.388501727417054,-16.669237232827445,36.04037934985633
2027-11-26,8.452737219934493,-17.90597263435958,34.72219053851502
2027-11-27,8.40402302933562,-18.00456897101332,34.13098095649438
2027-11-28,8.35993939276735,-16.292107573934192,34.062195162492735
2027-11-29,8.3711082468259,-17.720236711162865,36.803231400213264
2027-11-30,8.02200550942683,-17.502516210131862,34.73520314092524
2027-12-01,7.721617986102901,-18.51205151707156,33.65526495298728
2027-12-02,7.555077762500861,-18.309415869066257,34.96269030898517
2027-12-03,7.625944567482091,-19.085669182073,33.5864173082731
2027-12-04,7.585320999594808,-20.596500299981486,34.89077611597056
2027-12-05,7.551323159605699,-17.052318474867516,33.91014866592131
2027-12-06,7.574989752891728,-18.81324052623556,34.72784337744303
2027-12-07,7.241068652486638,-19.162074642937544,34.716895043092315
2027-12-08,6.958654194440731,-19.226871401108312,35.363949404602444
2027-12-09,6.812808776101532,-19.165043901910032,34.3770894584323
2027-12-10,6.906839717283658,-19.719059462984287,34.99300488338856
2027-12-11,6.891416504793721,-21.112663213210567,34.834348999789675
2027-12-12,6.884050935433857,-17.40204676103022,33.9017311394301
2027-12-13,6.93502293971216,-21.164952547020818,32.83391812819227
2027-12-14,6.628190550183806,-20.161274562029607,33.29928092957456
2027-12-15,6.37165653078127,-19.957414036157,33.5277746931881
2027-12-16,6.249424277685963,-20.651984574083315,34.17663775773808
2027-12-17,6.363712817456523,-20.802643929540878,34.31445136054467
2027-12-18,6.364114749925012,-19.051704868708914,33.27725638706683
2027-12-19,6.367118280012809,-20.258894789652672,33.929821876143514
2027-12-20,6.422074694744911,-19.363521284922214,32.73640614519157
2027-12-21,6.112048314076965,-20.33034493893038,33.60090267527726
2027-12-22,5.8445200327799665,-20.764088109168206,33.486373981766434
2027-12-23,5.70307574598091,-21.248318325693937,33.526160049268384
2027-12-24,5.789748289610655,-20.383939556122616,33.64050136740002
2027-12-25,5.754195711401502,-21.087937866559948,33.399882792745764
2027-12-26,5.7132361810488215,-20.275821131701502,34.31907361121147
2027-12-27,5.716820285029624,-21.550778969958227,30.89122403802622
2027-12-28,5.348877369807009,-21.52798409182599,32.953518701734026
2027-12-29,5.018006945758845,-22.334994708127873,33.22713993907075
2027-12-30,4.809146605384211,-21.80768554534174,33.700365196618044
2027-12-31,4.825885511897911,-22.261975969721522,32.174585687588795
2028-01-01,4.719606952267269,-22.56212147726147,31.836055927361762
2028-01-02,4.608981177413099,-22.995766374035213,31.959277184619122
2028-01-03,4.54589039943818,-24.32196713748429,33.22334997945868
2028-01-04,4.116223912436658,-22.488027298050515,31.01621076674188
2028-01-05,3.7305157928681765,-23.580441344760228,32.00590498809552
2028-01-06,3.4755581755646423,-24.67710929554039,30.9304604121944
2028-01-07,3.4566607573205212,-23.260978994138604,32.216249658545216
2028-01-08,3.326741624057433,-23.80463522875735,30.91430863567572
2028-01-09,3.2057721844098435,-24.564990297825688,31.463280759664258
2028-01-10,3.146659550863213,-24.35548029297044,32.003810024046295
2028-01-11,2.736005672715902,-25.43916020221668,30.809900273706113
2028-01-12,2.38471684001386,-22.946805735194392,32.732231061204
2028-01-13,2.179597506774147,-26.2652524734356,31.237749282707135
2028-01-14,2.225599796782933,-23.143513924522686,30.69280415064436
2028-01-15,2.1749142349135697,-24.335881112070574,31.09593779488639
2028-01-16,2.1464246537469704,-24.603675222396628,30.796750991650654
2028-01-17,2.191610496065342,-25.981073210830825,31.780777389482115
2028-01-18,1.8953354102438555,-26.560334591606768,31.367740528243683
2028-01-19,1.666495073003397,-24.66013586383558,30.415046811434962
2028-01-20,1.5896572432710263,-25.81174772304922,30.989420836571703
2028-01-21,1.7673642309735063,-24.98286304160492,30.37064807693096
2028-01-22,1.8492819416804323,-25.487455036083382,29.791952681931505
2028-01-23,1.9517169004158208,-24.2784604932381,30.500358791917215
2028-01-24,2.123582807569644,-24.411044044453515,31.17777609370171
2028-01-25,1.9472537821138003,-23.77238191699271,29.912983949575846
2028-01-26,1.8292754599329464,-25.03864870882851,31.44468916626382
2028-01-27,1.8520652098921433,-25.071021008758702,31.230680220705583
2028-01-28,2.1162699856597476,-26.069301047030216,31.41589553780435
2028-01-29,2.269964431603517,-25.37466509134939,30.29400699342309
2028-01-30,2.42820927119726,-24.58573447394826,31.59528236279397
2028-01-31,2.6390503635150013,-25.829087469243323,32.03070022499648
2028-02-01,2.4843946572870275,-23.76263547983712,31.145022164843514
2028-02-02,2.370733553336141,-26.114423156517024,30.39932757356186
2028-02-03,2.380844569323071,-24.943222274605475,31.029576077011377
2028-02-04,2.6161397557892836,-25.809241890043328,31.958168813278213
2028-02-05,2.7258437151700177,-23.68534682324112,31.65891058775477
2028-02-06,2.8265217820297335,-25.58683223988087,32.168795509499404
2028-02-07,2.9680395620619184,-25.25206364162855,32.40544895970732
2028-02-08,2.7343911307926736,-25.163422402905294,30.701185817367296
2028-02-09,2.534367703894646,-27.790346354030792,31.300268268517872
2028-02-10,2.4531991671879694,-25.120730950102363,32.65895278894525
2028-02-11,2.5948385602959156,-24.7912227677892,33.407624812113475
2028-02-12,2.611074115090682,-25.21814603051379,30.086885082129253
2028-02-13,2.6209912115999954,-23.730614871970644,32.625479658019835
2028-02-14,2.6768672572418457,-25.692405959238005,31.8203035350128
2028-02-15,2.364938551475264,-25.053757520418444,32.03726870248584
2028-02-16,2.096012611947841,-27.035373190635898,32.415070394848485
2028-02-17,1.957059870461305,-25.84244846334681,30.2929902668057
2028-02-18,2.053456166320048,-25.326215060385955,31.918564308767404
2028-02-19,2.038061747684591,-25.80966238398504,31.652001241559685
2028-02-20,2.030659998123937,-25.29062773672818,31.615607066247442
2028-02-21,2.08383947026175,-25.009043052983902,31.396038126714924
2028-02-22,1.7837585705476813,-25.992607186986653,29.776090389555343
2028-02-23,1.5407663521285535,-25.729855522080776,30.206706342367813
2028-02-24,1.4410130055402286,-26.041051621748156,29.777369593661795
2028-02-25,1.588720866889107,-26.53670742475869,31.5060283657556
2028-02-26,1.6353007755113755,-27.617518221774137,30.21512040746908
2028-02-27,1.6988358750538168,-26.50915753593227,32.494127085359565
2028-02-28,1.8300151052613503,-26.655553324655965,31.841520113096347
2028-02-29,1.6129542216400474,-25.504022150353453,30.797836036731432
2028-03-01,1.455876164874344,-27.757141229231124,31.732673630533068
2028-03-02,1.4427826538532527,-26.6163268288181,29.987810286400492
2028-03-03,1.675786075096505,-27.149383411410245,30.97231880575267
2028-03-04,1.8042847729342735,-25.628954081164153,31.292464542954065
2028-03-05,1.9445021757376608,-26.610634851333742,31.97498167445386
2028-03-06,2.145470463069491,-26.355960063879277,30.715379710503466
2028-03-07,1.9898952287429719,-23.953392296658578,31.025638643965948
2028-03-08,1.8848717784935953,-26.5722706388591,32.241499683660095
2028-03-09,1.9135839851755607,-27.542603790501165,31.790518357228773
2028-03-10,2.1776540815025887,-25.364966775952077,31.27412037630987
2028-03-11,2.326326078684541,-25.25509566680833,30.828216922225764
2028-03-12,2.4760031172023464,-26.315914315498414,31.135231293183523
2028-03-13,2.676219614562538,-24.40512479856774,31.24990819182893
2028-03-14,2.510485107207941,-25.81724724267687,31.375691050535796
2028-03-15,2.3869711351748544,-25.388552717309253,32.06312076095632
2028-03-16,2.3901730472102636,-25.480944678934602,31.98441517586527
2028-03-17,2.623216276660886,-26.635793820571777,32.504953661979755
2028-03-18,2.736991126337191,-24.36804016885456,31.431853233481494
2028-03-19,2.849637857311059,-24.880091534200233,30.662059668004968
2028-03-20,3.0124645291051966,-24.649151044208768,34.06538942177783
2028-03-21,2.8107361179399994,-24.07241945909243,31.76111867394792
2028-03-22,2.6543078894000267,-25.517405513791324,32.16761859327104
2028-03-23,2.629236481302897,-24.87699909960256,32.457671110395616
2028-03-24,2.8400397290075023,-25.96125253924691,31.956648130495516
2028-03-25,2.938790613935589,-25.644161970561125,31.929248168121106
2028-03-26,3.0445682944597245,-25.97787444731365,32.4827236373665
2028-03-27,3.2093496190963564,-25.7870412296243,33.00602805407932
2028-03-28,3.0187803624012743,-25.02464387955673,33.69519032311064
2028-03-29,2.8827996151737327,-25.15770549100441,33.1074940515046
2028-03-30,2.887250969626351,-26.095496146010436,33.159074367258484
2028-03-31,3.1361514423959127,-23.715025522642577,32.76226554328087
2028-04-01,3.2808031569424525,-24.72130466174959,33.9458161489236
2028-04-02,3.4392701278869895,-26.1700540396964,34.74385013057948
2028-04-03,3.662302693237659,-25.392113499019832,32.94476416866696
2028-04-04,3.534147770650478,-24.3649409026475,33.00369746827133
2028-04-05,3.463217128106857,-23.978218948687378,33.14208014221337
2028-04-06,3.5337459297887555,-27.60223051322396,32.13292236255034
2028-04-07,3.84811102403044,-26.47325247134381,33.06312714378419
2028-04-08,4.055992467874047,-24.474241697488182,34.11007812636335
2028-04-09,4.273899099172615,-24.33929542149733,34.441040638840065
2028-04-10,4.55113921254128,-24.55031982697457,35.13382067000958
2028-04-11,4.470673112514144,-24.8604967277017,33.95764595971978
2028-04-12,4.439818460608319,-23.94047787899285,34.98965095405447
2028-04-13,4.541939570719013,-23.2218018531651,36.48890215124317
2028-04-14,4.878789213609668,-22.671561144652003,35.23956233521993
2028-04-15,5.099685745940909,-24.960325475399742,36.24612455462181
2028-04-16,5.3210459427312085,-23.64040480638525,35.46205750160173
2028-04-17,5.592354416656983,-24.717202800954812,35.234475185500855
2028-04-18,5.497006488383848,-22.970874245176272,35.41354563195791
2028-04-19,5.44299577557059,-22.408222831376634,34.97491337627156
2028-04-20,5.514578254463227,-25.569275221045995,35.998441793453544
2028-04-21,5.814582183961745,-23.882695657458736,36.4466123600163
2028-04-22,5.993547740411423,-23.64764325046665,35.79916042782197
2028-04-23,6.16921794626725,-22.014580533963088,35.74026737864772
2028-04-24,6.392463114640443,-20.74604758779227,35.12256774180974
2028-04-25,6.248077105450754,-22.668151967756394,34.30529189846467
2028-04-26,6.145418141157391,-21.12048193198227,36.77202256774802
2028-04-27,6.170027419682323,-22.506815219457685,35.459209197013614
2028-04-28,6.425896355724403,-23.19194475741626,37.178246856245515
2028-04-29,6.564567653380106,-21.603985617317008,38.19264633312706
2028-04-30,6.704593019619535,-21.242961985551084,36.60267541552671
2028-05-01,6.897430800883959,-20.580957217532372,36.7980806684576
2028-05-02,6.728222700055771,-22.257262936907566,38.05853853624136
2028-05-03,6.606422957852038,-23.636619442144244,38.64540092254311
2028-05-04,6.617413627044867,-22.134462810557025,37.34217187837376
2028-05-05,6.8647769039383615,-23.638359508476725,38.830054967410796
2028-05-06,6.999409591050211,-22.823702378988855,36.1194527367299
2028-05-07,7.139002112901461,-22.16282889076592,37.333335675307104
2028-05-08,7.333964732191052,-22.864565880066152,37.726217084878115
2028-05-09,7.16823926004589,-23.266427580924773,39.18136721504203
2028-05-10,7.049968578204588,-22.95649206647511,37.30557856718216
2028-05-11,7.063156364750601,-22.93370156490516,38.49132013825234
2028-05-12,7.3099866176584545,-23.75755420464848,38.45442941372743
2028-05-13,7.4399865881357945,-22.769643830165382,37.27395737397927
2028-05-14,7.5695540360914215,-21.880701568172643,39.00150450836577
2028-05-15,7.747929943741799,-22.851147763462254,39.73158330367854
2028-05-16,7.558053514179591,-21.968056181818238,39.428768786253336
2028-05-17,7.40727039508919,-22.311135844538324,36.50889358983726
2028-05-18,7.379025272990862,-21.715514998818925,38.41693093418337
2028-05-19,7.575207355981944,-22.34107106373457,36.821283930680835
2028-05-20,7.6453314839591435,-21.07844278594672,37.967851206824655
2028-05-21,7.706075136345623,-20.918840557079427,39.274417569637805
2028-05-22,7.807252082307352,-22.375608386292196,38.25579001925693
2028-05-23,7.532659373491359,-21.421782805685375,38.190328327898925
2028-05-24,7.290768762069803,-21.323399380535857,38.89414291977448
2028-05-25,7.16639409857475,-24.087819906353545,38.07070191325856
2028-05-26,7.263003892013435,-22.28834592882526,38.38413712396505
2028-05-27,7.231862672642197,-23.343141507234535,37.00731574922407
2028-05-28,7.191522539766589,-24.026331084203495,37.92998191774286
2028-05-29,7.193746930673351,-22.821917424896583,36.89934839364572
2028-05-30,6.82430474284916,-23.35122807271428,38.339387556891246
2028-05-31,6.493607423412535,-21.07920979436559,37.229206360022154
2028-06-01,6.2883221651509995,-24.507046574755712,36.68576510788269
2028-06-02,6.313631983494455,-23.281587731644006,35.999691096226904
2028-06-03,6.222327866154252,-24.232607437980633,37.64478621076968
2028-06-04,6.134255842522048,-22.340113607999523,37.46998413071245
2028-06-05,6.102202343060323,-22.44545847246624,36.0543502663192
2028-06-06,5.712657144362643,-25.623069110627355,37.82816287501068
2028-06-07,5.376427471456462,-24.70303380182026,38.3588155863945
2028-06-08,5.180237119425422,-24.557624507080753,36.39932269693099
2028-06-09,5.228981833972506,-24.587949552324247,34.97228999389586
2028-06-10,5.17482633599132,-24.408846764311924,35.43867895517051
2028-06-11,5.136665751682981,-24.115633951647133,38.62208191240677
2028-06-12,5.166034455712029,-26.12258257954032,37.27979834264367
2028-06-13,4.847900992736541,-25.46167181789753,36.80687538791033
2028-06-14,4.591321768717462,-24.868971236548067,34.72800337889548
2028-06-15,4.481086269066715,-25.49013035859226,36.75430409917844
2028-06-16,4.620023745414563,-25.528144336748834,35.09769148251093
2028-06-17,4.658155302720238,-25.717540254142886,36.70691872767412
2028-06-18,4.712212581987861,-26.666352533416738,35.721442078993725
2028-06-19,4.8316044123712505,-25.559174041231095,35.5940525310496
2028-06-20,4.599268444798046,-26.18135471499964,34.84862093583467
2028-06-21,4.422378834255022,-26.630602106969558,36.923575645028336
2028-06-22,4.384041180247957,-26.39775852754705,35.50297628893973
2028-06-23,4.585643241878401,-26.944918362781422,35.0078817298728
2028-06-24,4.676044098286493,-26.234918940731195,38.57645906471866
2028-06-25,4.771121890256885,-25.46747215105701,38.936142441188764
2028-06-26,4.919760690279448,-26.492348700379814,35.69125209624527
2028-06-27,4.70471294420769,-24.486882109918948,38.10734328924675
2028-06-28,4.533308257112068,-24.95297135364727,35.287106923069956
2028-06-29,4.48913972174208,-26.47092015212895,35.21903135160385
2028-06-30,4.6743965788290085,-24.071916814690383,35.712146742663435
2028-07-01,4.739026428889117,-25.858695501641293,37.46930005277648
2028-07-02,4.800247940320782,-27.10748310659259,34.79784020923222
2028-07-03,4.908495646453174,-25.65500233610764,37.91520430608567
2028-07-04,4.648234525660371,-25.937716928444623,37.03825097414586
2028-07-05,4.42861655696596,-27.094536254340596,37.02189104291728
2028-07-06,4.335111996181701,-25.301701163956363,36.61037427379697
2028-07-07,4.471785789730977,-26.20598196472372,37.490396265329125
2028-07-08,4.490404006774452,-25.60279494873891,37.789719203290524
2028-07-09,4.509892879280857,-26.95772490111878,34.91747814280723
2028-07-10,4.582233622743994,-25.08577251967682,37.113936896080354
2028-07-11,4.293232199998668,-25.19612597829898,35.06736916883526
2028-07-12,4.053137533582215,-25.862091375219567,35.006166013765665
2028-07-13,3.9482420304077617,-25.750916247492142,35.72150923892081
2028-07-14,4.083135727006039,-26.714637055993112,36.84378784413408
2028-07-15,4.109799572836838,-28.896063107621483,35.433707850847405
2028-07-16,4.147060805021395,-26.73234714148198,37.46604213026703
2028-07-17,4.246493666704586,-27.58092626576832,35.33494008805287
2028-07-18,3.993204424412258,-27.983049504368836,36.96269055155753
2028-07-19,3.7964737021345125,-26.659621372133845,36.9088107481746
2028-07-20,3.741389242084286,-27.941263461924457,35.7185206725405
2028-07-21,3.931139402699772,-26.637116961186283,35.765872684967796
2028-07-22,4.01615169967843,-27.37976656343119,35.55676579675414
2028-07-23,4.113597953653187,-25.568076132097612,35.09710384376137
2028-07-24,4.273347770511876,-28.271492889813572,35.66394069886934
2028-07-25,4.078807692652083,-27.590376118454785,37.9001615677437
2028-07-26,3.937617379491519,-27.539426905794343,35.39059159889412
2028-07-27,3.933334275120076,-27.7466168268759,38.404145937877985
2028-07-28,4.167775478837783,-27.739878989127007,35.703246757589355
2028-07-29,4.290199634690417,-27.233198581205432,36.56537930130141
2028-07-30,4.4168490643394485,-25.82998390959753,36.33854956007498
2028-07-31,4.5969327209704,-26.30037763298989,37.93601948947396
2028-08-01,4.4134863804388935,-27.021084908989582,37.68709146674149
2028-08-02,4.2740807603873305,-25.711493675065746,34.70770336993932
2028-08-03,4.262508633186901,-26.11864769204651,36.33044217907212
2028-08-04,4.481119544560126,-28.440230870618723,36.85501425038547
2028-08-05,4.579985142576896,-26.591789174234762,37.13544134925647
2028-08-06,4.676415817641243,-27.24415054488896,37.500140091422395
2028-08-07,4.820909982160023,-24.892395102962507,39.26826382232664
2028-08-08,4.59797341012991,-28.097781476211033,36.73320127030659
2028-08-09,4.41678055549839,-27.632242869901877,35.17572459923097
2028-08-10,4.362810331330043,-27.10040539366176,35.66218327056639
2028-08-11,4.540126524267494,-26.981331877774952,38.25995685030691
2028-08-12,4.60048751161659,-27.159299456936232,36.6892417840522
2028-08-13,4.662807695101151,-27.421089462256585,37.52382964807996
2028-08-14,4.779053692707383,-27.76824241475754,37.419639934903124
2028-08-15,4.535014369627419,-27.043663431155785,36.683580430299386
2028-08-16,4.340918185674274,-26.509684436996135,35.325242460552374
2028-08-17,4.283031750107943,-29.137252677271462,38.27347149589101
2028-08-18,4.465910974380809,-27.49538064541199,36.29966860840706
2028-08-19,4.5414904756565,-27.128176866502066,38.794863135486025
2028-08-20,4.628534368885729,-26.48436970182911,38.397668774100914
2028-08-21,4.7785319274530655,-26.337817542739668,37.318102381140896
2028-08-22,4.576477331510636,-26.709454063362347,37.18257101175176
2028-08-23,4.431506812588954,-27.300152177307947,38.05827019527586
2028-08-24,4.4285266123812885,-26.801628329040142,37.516124553480786
2028-08-25,4.670502380408645,-26.7075514270079,39.49834042848934
2028-08-26,4.807594625230739,-26.253391435289693,37.844284944284055
2028-08-27,4.956662074789469,-26.064131806529996,39.136938763530104
2028-08-28,5.167214935489726,-24.0203441080545,39.9849421112071
2028-08-29,5.022255612648764,-26.423213945570087,38.515431034051915
2028-08-30,4.928978425647945,-26.501721201025934,38.504286074401186
2028-08-31,4.9704598926292896,-24.79799832930685,38.32316249604283
2028-09-01,5.2480083521338035,-26.972577449720145,38.611313805893786
2028-09-02,5.41035571874509,-24.96481805648463,38.557113136222355
2028-09-03,5.573211503969581,-27.203489119486694,37.822195765387555
2028-09-04,5.785259511731416,-25.726510306957053,38.98044392637978
2028-09-05,5.62903338224483,-25.2308393164507,38.99381069019594
2028-09-06,5.511641361942657,-24.509415935671694,38.39287814355583
2028-09-07,5.516470987410265,-28.326418906724264,38.83465276523283
2028-09-08,5.745541860366987,-26.64003277045122,39.20683073162321
2028-09-09,5.848689036650988,-27.107741378417522,40.091783683379575
2028-09-10,5.943097212965423,-25.96380571501879,37.404821703755424
2028-09-11,6.079266501343992,-27.00084431109134,40.69555889873967
2028-09-12,5.8418466654107934,-26.22632770368083,38.719364409109446
2028-09-13,5.64031119895258,-25.8823263775447,40.39449601616549
2028-09-14,5.560603213863255,-28.381090729551964,39.619116669484974
2028-09-15,5.7074228358779555,-27.665319243877896,41.60543557159346
2028-09-16,5.733340353358476,-28.562956098651217,39.740785092591686
2028-09-17,5.758257179067156,-26.349838858566695,38.22616247491524
2028-09-18,5.835297393079788,-28.677564610646396,39.499688420229546
2028-09-19,5.551568766318096,-27.12359521584929,39.9863731818372
2028-09-20,5.318766661235814,-26.68595707845412,36.66809449588519
2028-09-21,5.2247547269926145,-26.270529160750705,38.35536558922554
2028-09-22,5.375793917098023,-27.082670352252254,37.43097028698744
2028-09-23,5.425605732095498,-27.008740233281365,39.30897947656196
2028-09-24,5.494793185175506,-27.933849652477022,41.391042875421626
2028-09-25,5.636703436582295,-25.98164608370949,39.39617235704189
2028-09-26,5.438171879878155,-26.85869119107611,38.6320918535342
2028-09-27,5.310121640480341,-29.460153072490687,37.699506864093294
2028-09-28,5.339152631166567,-26.209036079079706,38.42661209985464
2028-09-29,5.629791576049575,-27.306542867018866,40.26725533497568
2028-09-30,5.833588447433266,-27.000369346026517,41.61085497589121
2028-10-01,6.068582025431863,-24.773204630217222,40.7242026584242
2028-10-02,6.385217429246508,-25.148729927800517,40.22105971600815
2028-10-03,6.367154026943,-26.041089492948746,41.47760951410371
2028-10-04,6.421936065919994,-27.323927517884965,41.02985888327778
2028-10-05,6.632658352816425,-23.843400691379173,39.89305780782895
2028-10-06,7.100296430154416,-26.327323463988996,39.25397125682883
2028-10-07,7.472884635434214,-23.20967593835636,42.3000809107887
2028-10-08,7.865062655613433,-24.11515547904383,40.595973911687985
2028-10-09,8.32407134790963,-25.078226258254613,41.770944920232324
2028-10-10,8.43063423131203,-22.896108052400304,42.6008776443
2028-10-11,8.589695118569079,-24.342436828428273,41.49486810925242
2028-10-12,8.88214252543028,-23.00255783591618,42.49680103840319
2028-10-13,9.4071888384798,-22.101050631565467,43.99713195259936
2028-10-14,9.811586426290386,-24.672705085634046,43.86528110122026
2028-10-15,10.209200402315577,-21.761400247734258,43.97995628502377
2028-10-16,10.64701822544103,-22.736307862680608,44.370987518808235
2028-10-17,10.706032291307249,-21.48454081330154,43.574426718919334
2028-10-18,10.791966071298848,-22.516157777624848,46.493501664805734
2028-10-19,10.986974856748787,-19.496236950989143,45.26982808195428
2028-10-20,11.391989830308944,-20.08283447069878,45.902093931127794
2028-10-21,11.655888686699281,-21.58735803318396,45.62847540753026
2028-10-22,11.895013814677748,-22.651462092106154,45.09747942161779
2028-10-23,12.159119757488678,-21.255758650807707,45.814294567764165
2028-10-24,12.032187819673304,-21.422351077484375,47.36473299404866
2028-10-25,11.923080226410214,-19.661805352178746,46.96355563088749
2028-10-26,11.917166824302907,-21.834411059246076,47.07260396115989
2028-10-27,12.118595004574473,-20.665390023086193,49.15774848561782
2028-10-28,12.179388003068496,-21.46555756765865,47.96851482881521
2028-10-29,12.218894440903927,-20.674894340407594,46.64873332861446
2028-10-30,12.289672544174675,-19.89605919040473,48.541411622328695
2028-10-31,11.978248454697587,-19.779202400727964,46.29602792599037
2028-11-01,11.695722364006073,-23.037565617739894,44.937253995142825
2028-11-02,11.529356533350608,-22.6511091853534,44.17872845789532
2028-11-03,11.584816675627572,-20.177602651256485,44.34950672942067
2028-11-04,11.515252351298386,-20.8097804242245,46.31932138355391
2028-11-05,11.440739432852894,-24.128827055162628,45.35370473985679
2028-11-06,11.41416795928792,-23.092558448472683,46.801403204144506
2028-11-07,11.022014376111413,-22.021899124379864,45.0736482385533
2028-11-08,10.674971193842927,-23.436134435138264,45.127784071594625
2028-11-09,10.459567170437124,-24.402743929819867,44.513753237760234
2028-11-10,10.480448310151267,-21.415181631247915,46.81985227623211
2028-11-11,10.389503959520326,-21.09664118572706,43.938006950326894
2028-11-12,10.305359538851071,-21.196217121954724,48.647040593191534
2028-11-13,10.27931761671076,-23.969971773494382,45.400613919096735
2028-11-14,9.896184660329517,-23.10281921804293,43.89637098734587
2028-11-15,9.564954833713347,-23.035215525417463,44.60883993410017
2028-11-16,9.37048233865918,-23.9732922509981,44.63229802127207
2028-11-17,9.41581107905371,-24.621409463123467,44.479534975892214
2028-11-18,9.351344559006343,-23.24611316707307,45.19367020069012
2028-11-19,9.294376364136822,-24.80245668885343,45.14695496439486
2028-11-20,9.295061958523654,-24.36326985681309,44.013014303399075
2028-11-21,8.93726839572141,-26.713914674397014,44.48337429827936
2028-11-22,8.629272840347527,-24.950436368729036,43.50375541228505
2028-11-23,8.455441189900782,-25.649457628247614,40.929278537164826
2028-11-24,8.518555643914896,-24.706805067819772,42.492697094039784
2028-11-25,8.468974463840006,-25.121125117513646,45.30769802367715
2028-11-26,8.42414485787383,-26.056206527095824,44.192364745995604
2028-11-27,8.434550538565592,-23.802208297504396,42.8870951758597
2028-11-28,8.084531568682518,-24.79346328213548,42.87859110538355
2028-11-29,7.782948576120694,-25.710802989879685,41.72722664929317
2028-11-30,7.614823939609154,-27.60924542427027,41.96335469157347
2028-12-01,7.683630188998574,-28.174429763530732,42.58456506081105
2028-12-02,7.640410299483396,-25.94105537058984,41.91407805670766
2028-12-03,7.603252242842247,-25.43315066946001,43.391483738914
2028-12-04,7.623200719435525,-26.146901167753647,43.636397847521124
2028-12-05,7.285044965560616,-26.38859450110559,43.30286612989751
2028-12-06,6.997955858579454,-26.528385680000298,42.221857809589224
2028-12-07,6.847105889619963,-26.807379646938408,43.002836368448925
2028-12-08,6.935943011428195,-26.707912306448996,42.77657359626394
2028-12-09,6.915303576399606,-27.700141713663015,44.36344753379167
2028-12-10,6.902887018432557,-26.431500354063903,43.32705379863915
2028-12-11,6.949175238866254,-28.527523809872154,39.922281900467205
2028-12-12,6.638235372474277,-27.22330900730327,41.405777121618115
2028-12-13,6.378378689149749,-28.898508551762657,42.8120386346515
2028-12-14,6.253808500858307,-27.293036480897385,41.365967279108126
2028-12-15,6.366927170066538,-28.36724702581865,42.253894921353165
2028-12-16,6.367486340690618,-27.088566185998435,43.403919781407794
2028-12-17,6.372101803406697,-27.011776517292162,43.13833775523464
2028-12-18,6.430214605083673,-26.8435545712128,41.389982070225905
2028-12-19,6.12493566193976,-25.295822495301316,41.66172144928007
2028-12-20,5.863745194769049,-27.15754769820805,40.93159852381189
2028-12-21,5.730178443428341,-29.059919626871256,42.11985136392285
2028-12-22,5.8261664143796805,-29.018093459993736,42.271163009862676
2028-12-23,5.801214553281972,-26.76455879508636,42.16263533105639
2028-12-24,5.771939678474458,-29.5682059142352,41.648010350438575
2028-12-25,5.788045897658737,-27.547702408032386,42.31469096378601
2028-12-26,5.433176098102256,-30.24712411067762,42.7506412996355
2028-12-27,5.1156099007683,-31.025915974704223,42.187200019471035
2028-12-28,4.919939364723323,-30.76300882282318,41.42403411891762
2028-12-29,4.949391290090756,-31.065532714385725,41.89900287669855
2028-12-30,4.854979370946698,-30.165595686498076,40.29153422864373
2028-12-31,4.755007150511352,-28.86097786356001,41.400874700070894
2029-01-01,4.701003358175369,-29.231642017592378,41.95356396133597
2029-01-02,4.278527293254118,-30.398062384014242,40.24161300902077
2029-01-03,3.897816407375535,-30.392771540209285,40.274396268083535
2029-01-04,3.645408784152716,-31.17856078019407,39.812620818487346
2029-01-05,3.6264108862391713,-29.88358427102395,40.09806333252378
2029-01-06,3.4935954081783294,-30.865320111680557,39.49236093429198
2029-01-07,3.366851792226158,-30.272282531268342,41.10477120358619
2029-01-08,3.2990725617598478,-31.629615312587717,40.07906201572953
2029-01-09,2.8769146349371013,-32.808484236616096,40.08577018862829
2029-01-10,2.5114091456749867,-32.30284153373802,39.006758056129016
2029-01-11,2.289553680920685,-31.845626292349465,40.29571228070996
2029-01-12,2.3165583124811704,-31.997850224085933,38.27031672457947
2029-01-13,2.244931035772174,-33.3012775545818,38.65308277442147
2029-01-14,2.193925687515268,-31.86928934192791,39.458775420022974
2029-01-15,2.215435734986697,-34.144663720706035,39.83273691918822
2029-01-16,1.8947730510376815,-34.5411141031838,37.82093730402949
2029-01-17,1.6413048658037246,-33.46791667506347,38.3549810408243
2029-01-18,1.5400821874945625,-32.52046871974887,35.87367924648875
2029-01-19,1.6941301887824571,-33.088845286380895,38.33963755833451
2029-01-20,1.7535850477277126,-33.69781332350699,36.529817645219794
2029-01-21,1.8351989804817737,-35.10836297147326,38.03325664125796
2029-01-22,1.988295349150496,-33.51445868946342,37.94739170004238
2029-01-23,1.7956113173951458,-32.48122743326394,39.07230377687182
2029-01-24,1.6639995168848727,-34.552291855325066,38.12530140917952
2029-01-25,1.676120251804027,-33.51852609016849,37.66915684913371
2029-01-26,1.9327929857530664,-33.1855608976161,37.96401177971223
2029-01-27,2.082189910706461,-33.16894484266541,38.93556642221157
2029-01-28,2.2393917575973497,-31.611457930537846,39.4660086652071
2029-01-29,2.4523863111004895,-31.124766389788967,37.790260375591174
2029-01-30,2.3029458785716113,-32.90421481917515,39.06444889017417
2029-01-31,2.1973541872617672,-33.959164476901485,40.95196624337209
2029-02-01,2.218113510701614,-32.48218764934983,37.344134377486505
2029-02-02,2.46630032641876,-34.245391824719384,38.37550591001842
2029-02-03,2.590752160146527,-33.26041724354037,39.07869366347908
2029-02-04,2.7076059340064034,-31.73524887699276,39.12977883271462
2029-02-05,2.8662687380375766,-33.961585836219115,38.36853717601945
2029-02-06,2.650258018197346,-34.16314350840067,40.156749015353434
2029-02-07,2.467882664097838,-33.13855205467506,41.78638839875776
2029-02-08,2.4038970442438563,-33.97032900611265,38.893092741646775
2029-02-09,2.561797740579193,-31.580315192387097,37.56064451982479
2029-02-10,2.592947248947097,-33.52548748796763,38.88654787972172
2029-02-11,2.616046690885446,-33.20745260544258,41.39594338860336
2029-02-12,2.6830402514980327,-33.61413568371431,40.87636266269336
2029-02-13,2.379890148736327,-33.09883611152356,40.47935063167545
2029-02-14,2.1171953950210503,-33.771533397826325,41.55588169081787
2029-02-15,1.9817880919329411,-32.59787069654551,41.02789162379108
2029-02-16,2.078978570186831,-33.19740026861367,40.568840025487866
2029-02-17,2.0616350255068676,-34.18610764042924,37.821624715653726
2029-02-18,2.0496208644875527,-32.7248005622352,40.50064374061638
2029-02-19,2.095673395967784,-33.16055709560343,40.48001668295488
2029-02-20,1.7861633206797047,-35.5665299178162,38.526457549953754
2029-02-21,1.531708636553192,-36.115986789619534,39.23499955784331
2029-02-22,1.4187767567578025,-34.131751157908695,37.82863300291504
2029-02-23,1.5519459083441793,-34.89834989800819,41.48920090318982
2029-02-24,1.583010925117136,-35.5019423022184,37.24066913653612
2029-02-25,1.630455835695936,-35.200036274216004,38.489840343688265
2029-02-26,1.745375817358831,-34.007141760741156,38.29574622266824
2029-02-27,1.512286683177781,-34.314930021337695,39.697892017396256
2029-02-28,1.3397940521069591,-34.11767345705549,36.79798523857697
2029-03-01,1.3122543916968494,-34.08016832594694,38.68859471295183
2029-03-02,1.532097301044399,-34.942298461575426,39.27229533903444
2029-03-03,1.64899240375781,-34.802390055080984,39.201786964438554
2029-03-04,1.779381514748303,-33.79395847725615,39.67486653486433
2029-03-05,1.9724569709762565,-34.023208140785044,38.690733185334146
2029-03-06,1.8110227179619538,-34.30074896931275,40.64760692835953
2029-03-07,1.7022088755544367,-33.197535252770244,41.25763439564545
2029-03-08,1.7291707364191025,-33.84504526138529,40.68939044606156
2029-03-09,1.9934405530854113,-35.112821178442694,40.169472718886816
2029-03-10,2.1441147239940164,-35.02546622317694,41.111668352097944
2029-03-11,2.29739655585901,-32.89201712167804,39.11727937386223
2029-03-12,2.502575291193773,-32.78123408852303,38.48103416052199
2029-03-13,2.3428780807737732,-33.59104573925576,40.972092863394664
2029-03-14,2.226165997284203,-32.025371586065944,39.14084609355868
2029-03-15,2.23660568835519,-35.97590933035673,39.844066767797734
2029-03-16,2.4769859209340153,-32.86788262338121,39.969414368836574
2029-03-17,2.597862746969448,-33.49796111601578,41.4961282937164
2029-03-18,2.7170547763580246,-35.127354128691096,39.79477791331609
2029-03-19,2.885570704041259,-32.48969477116936,40.98634170936673
2029-03-20,2.688407334546475,-33.53827794030401,41.30294766221167
2029-03-21,2.535190822494396,-32.18070300280492,39.462552520920866
2029-03-22,2.511794360032418,-33.949525169362815,40.46249558766193
2029-03-23,2.7226031580588903,-34.616737927440774,42.925224126732836
2029-03-24,2.8196119614121207,-32.46065504737901,41.6176893717409
2029-03-25,2.9218779651712468,-33.63708145388495,41.82610445704519
2029-03-26,3.0814124911660854,-32.19469868527386,42.64986656666928
2029-03-27,2.883950676158856,-32.84592042846192,42.693328885336
2029-03-28,2.739572665794399,-33.713813493810235,39.22192469192755
2029-03-29,2.73431006657374,-32.72349441759345,41.54824775019557
2029-03-30,2.9724087558774555,-35.14639460636214,41.53575079529309
2029-03-31,3.1054332692803213,-34.664329003172895,42.01050328351958
2029-04-01,3.2517353397387176,-34.21353795438643,42.5528976124612
2029-04-02,3.46236939384339,-33.00520432825966,41.81769033856047
2029-04-03,3.3218934597325718,-34.77402521890211,42.59601684905314
2029-04-04,3.2390279661415278,-32.98991678073193,41.14132063667417
2029-04-05,3.2983049844762022,-33.61812487936443,42.06685277362345
2029-04-06,3.6023776648481354,-32.88864080354274,40.93149380513061
2029-04-07,3.801173629234035,-30.662658476574418,41.333880245842884
2029-04-08,4.011413377713691,-32.39536161074683,41.091779966400765
2029-04-09,4.282574978180541,-32.33567684576026,42.48350079316007
2029-04-10,4.197741989625283,-32.50576912425902,43.50357756074249
2029-04-11,4.164305669938516,-32.774959073364016,42.03261030441286
2029-04-12,4.265652710352102,-31.258247141121686,41.43317563433375
2029-04-13,4.603507096001715,-33.22348704830693,42.453207914015586
2029-04-14,4.827108896787392,-31.054374612069942,44.036218041853154
2029-04-15,5.052750306538912,-32.11638988369677,44.6635856389986
2029-04-16,5.329749705562686,-30.22692716854338,43.992838645245726
2029-04-17,5.241300458330502,-32.64391121426011,44.03842889321956
2029-04-18,5.19516552211404,-31.330579294096253,46.05622995022782
2029-04-19,5.275349395418242,-33.05778788953243,45.156568327962454
2029-04-20,5.5844165445191,-31.220796957278203,45.28920913212238
2029-04-21,5.772639886191474,-30.294009692853248,45.79458054186537
2029-04-22,5.957500629273742,-31.924707483713412,44.411917825112525
2029-04-23,6.18962141489975,-31.467776832872595,45.5361743069039
2029-04-24,6.053570775845814,-30.44999805188244,44.343463251399726
2029-04-25,5.958511403208768,-32.537514355261955,45.4971512903098
2029-04-26,5.989825221574902,-32.4525888931481,45.571743731769466
2029-04-27,6.251385898203847,-31.065599037329534,45.00348001597734
2029-04-28,6.3946638203811865,-32.662024185668095,46.8241023058017
2029-04-29,6.538186224027368,-30.30766645898113,45.91420391043763
2029-04-30,6.733435675480281,-29.522657333307613,44.48728811187803
2029-05-01,6.56562603206585,-29.242679055673904,45.62477009360221
2029-05-02,6.444329283555013,-32.056649699717724,44.767423061174185
2029-05-03,6.455086970310507,-30.13747110396684,47.41325966123846
2029-05-04,6.701677257152544,-29.093119866211065,46.55592215535022
2029-05-05,6.835222895523961,-30.265065007602146,46.02027621317457
2029-05-06,6.9736626935298816,-28.494372660249773,48.872596694716904
2029-05-07,7.167669372135772,-32.0483128576322,46.32798626885088
2029-05-08,7.001452358395104,-31.701406982495214,45.52775890913915
2029-05-09,6.883418109316499,-31.686320505671805,47.56897995666341
2029-05-10,6.897820643805128,-31.706771248430385,46.88688153159879
2029-05-11,7.147072164287965,-31.553540002902082,46.10729198698854
2029-05-12,7.2808976600101385,-32.03957261842812,47.723083372615164
2029-05-13,7.415854668549129,-31.25205779008181,49.09802058937026
2029-05-14,7.601299571819199,-29.933261477352332,45.5581594186325
2029-05-15,7.420237462336632,-29.10296598861172,47.180378172159344
2029-05-16,7.280026691074151,-31.77495364703264,46.47270722042189
2029-05-17,7.264069370286336,-31.248841203462288,45.75306314490839
2029-05-18,7.474156430050694,-28.99590517117164,46.68473851589196
2029-05-19,7.559649998404641,-31.536947155453518,48.67763811074227
2029-05-20,7.637023354934502,-31.734784025413305,48.45681612723555
2029-05-21,7.755839131962947,-29.55177328917953,49.663458596320766
2029-05-22,7.499602343695902,-29.159984631143878,47.039568340785166
2029-05-23,7.276459161013334,-32.06235578489994,47.944560835463115
2029-05-24,7.170872780518963,-30.681476475965955,47.40941559641353
2029-05-25,7.285945329775852,-31.405364509389678,45.89500951095277
2029-05-26,7.272569180726025,-31.039983806788534,47.89730759855766
2029-05-27,7.248928765491129,-32.092593147149024,46.51187457911813
2029-05-28,7.266434631093044,-27.94648890402471,47.08552421133955
2029-05-29,6.910527563201778,-30.61039328167955,47.138752859846484
2029-05-30,6.591325097292119,-31.843105040286165,48.935503925570345
2029-05-31,6.395243276327445,-32.78903902190374,44.679586058275206
2029-06-01,6.427264172722503,-31.595183113285845,47.436496669365006
2029-06-02,6.340034141119316,-31.3620804927955,48.03786553406534
2029-06-03,6.253315462094988,-32.133611948676,45.72240703078945
2029-06-04,6.21987460388379,-31.837531273118184,47.353338771225985
2029-06-05,5.826246302995193,-33.362183556420916,48.11949420177878
2029-06-06,5.483346991746055,-34.23086363404829,47.16268341163934
2029-06-07,5.278071443934291,-33.1243330748819,45.85637744881607
2029-06-08,5.315543940217427,-33.05746805359385,44.46531476901956
2029-06-09,5.248209451068359,-33.43407126280355,45.444893374751544
2029-06-10,5.195287759648073,-36.36098913586511,44.88240782519429
2029-06-11,5.20867373609712,-33.26956100023524,46.10221779657877
2029-06-12,4.873722670034821,-34.45368861782803,43.93431586468296
2029-06-13,4.599893624513975,-31.14027170939821,44.336462636106056
2029-06-14,4.472383862876057,-32.15498223174139,43.64853154104817
2029-06-15,4.5944245985249825,-32.99994028489763,45.1701315865415
2029-06-16,4.6164223125220065,-32.52364211797219,45.425442264049764
2029-06-17,4.6554671431103145,-34.139259645452555,43.65481232748248
2029-06-18,4.761290016419729,-34.726768023071244,44.38143218230497
2029-06-19,4.517105803880888,-34.35192592001343,42.46073390046934
2029-06-20,4.330313816717158,-32.10468716052677,43.16541227330002
2029-06-21,4.284187052946805,-35.128217619787634,42.991138430246956
2029-06-22,4.480218875768356,-34.02296533497011,45.2229871834903
2029-06-23,4.5673099082887525,-35.79541502795695,43.96466674065981
2029-06-24,4.661315342907682,-33.044341836831094,43.79101367176665
2029-06-25,4.811033221572499,-32.386642300653634,45.899061489560495
2029-06-26,4.599070085145406,-34.23267812478705,45.80495912878137
2029-06-27,4.432554666954609,-32.2749405444949,46.95188083767564
2029-06-28,4.394830681663633,-34.90074553605887,45.4257561469375
2029-06-29,4.587797306000635,-33.67523486228333,44.85837255151029
2029-06-30,4.661080338524725,-34.71755218020717,43.60258334801725
2029-07-01,4.73155471779192,-34.01156600191341,46.803131184344934
2029-07-02,4.849299701091211,-35.52759182331043,47.70047544046706
2029-07-03,4.59842409082588,-35.41880640242431,45.26722817447718
2029-07-04,4.387733386469693,-33.75266814304399,43.39021264252315
2029-07-05,4.302371294563649,-31.856004651109643,43.865753499165194
2029-07-06,4.446105712385139,-35.90325566524136,46.56116555858894
2029-07-07,4.47044378451511,-32.418047906487914,44.163592363932956
2029-07-08,4.494098368950485,-37.39591885798866,46.99394360298449
2029-07-09,4.5688888684169875,-33.677299338896745,45.46087122327842
2029-07-10,4.280515414708713,-35.54770155752524,46.86952396537623
2029-07-11,4.039179784460105,-35.38597024693389,44.76992623069133
2029-07-12,3.9311868345470007,-36.23006714005529,43.62895001083223
2029-07-13,4.061197743416745,-35.36395577803188,46.133518228824016
2029-07-14,4.081320608314394,-33.969873429781956,44.39674106748744
2029-07-15,4.110561437630856,-34.144772533882104,44.61174813300604
2029-07-16,4.200718927337088,-34.540955341781775,45.596060630425576
2029-07-17,3.937162160485183,-35.4910321355417,47.82497692791504
2029-07-18,3.7294644724879564,-37.41812949904291,47.82370232508494
2029-07-19,3.66302685180458,-35.888759778466515,46.239331588117736
2029-07-20,3.841361473210421,-34.662308131699234,44.78479788032032
2029-07-21,3.915219974439978,-37.37223929432264,42.63475657596514
2029-07-22,4.002088354010224,-34.447931706955366,45.35282390535632
2029-07-23,4.152130530310741,-36.19376524931868,44.54746942275339
2029-07-24,3.9490182046546005,-36.79320253560531,42.970175679358874
2029-07-25,3.8006186722508994,-39.0934613083997,45.11781149709471
2029-07-26,3.790672297188325,-36.163274694230296,47.8054175346768
2029-07-27,4.021128590093497,-35.88401502859657,45.68551655550631
2029-07-28,4.141323885443146,-33.76654240678201,44.806529411393974
2029-07-29,4.267520976081871,-35.67650853687799,46.74984940225407
2029-07-30,4.448891364069172,-35.15417162440004,45.88175069539431
2029-07-31,4.268376571070528,-35.28185552748464,45.935151980425545
2029-08-01,4.133399170567148,-35.341682618404924,45.20768316435002
2029-08-02,4.1275545245867695,-36.3138003518079,47.396072563364655
2029-08-03,4.352951701095889,-35.91997616880243,45.58231835248821
2029-08-04,4.459386392448928,-35.60803854555599,47.32225446380746
2029-08-05,4.563866307930046,-34.68466011471651,45.43583123988589
2029-08-06,4.7165701048462925,-35.44938086515249,45.826363150457915
2029-08-07,4.5016769853126055,-36.70757319876013,47.63140871474042
2029-08-08,4.328038564300382,-36.23740447864514,47.068114007688195
2029-08-09,4.2808251668010655,-35.78759641106959,45.050126436527464
2029-08-10,4.463816403182507,-36.34253633959813,46.98642490263857
2029-08-11,4.528520373260762,-35.12604078766404,47.911491541151776
2029-08-12,4.5936436143704835,-36.52736283574017,46.27122211652053
2029-08-13,4.7109945633115275,-35.38739287965943,46.77535031942939
2029-08-14,4.466259377117135,-36.65142919623001,46.60168656177608
2029-08-15,4.269623396716277,-35.84187218964199,46.267068318029615
2029-08-16,4.207372000033085,-37.53235036669207,45.120202012123315
2029-08-17,4.384142144105452,-37.1966959924042,45.149757752783906
2029-08-18,4.452010214820804,-36.5758135370393,47.17430864259256
2029-08-19,4.529939345828942,-35.69057324268108,46.852177791459454
2029-08-20,4.669669768263663,-37.88150401115686,46.19895851422538
2029-08-21,4.456491547825144,-36.05344309948985,46.41765559968413
2029-08-22,4.299873207499286,-35.71854251335391,43.481529462912874
2029-08-23,4.285079890483328,-35.93879542305435,46.40848162808742
2029-08-24,4.515451965227311,-35.78651073651693,46.82504169078335
2029-08-25,4.641528996949361,-35.193583555876245,46.240057236855144
2029-08-26,4.780541274789622,-35.391736215084634,48.780358100160775
2029-08-27,4.982351231925224,-34.77689829675259,45.60643820917163
2029-08-28,4.830282673113344,-36.21947078608756,48.52201871326151
2029-08-29,4.731809688757561,-36.65884965248641,48.11816246603915
2029-08-30,4.770237159804248,-36.35789764048461,45.80662281142493
2029-08-31,5.047041924337689,-34.205643730486685,48.11642531196837
2029-09-01,5.2110576714367856,-33.84696873324889,47.68296485280679
2029-09-02,5.378023918835904,-36.6937142035379,48.0548613268693
2029-09-03,5.596579659168767,-34.56043563150205,47.22099995545826
2029-09-04,5.44913796840568,-34.30811217128059,47.08144774560407
2029-09-05,5.342612014692954,-34.80541202397106,48.82398299842162
2029-09-06,5.360123154376842,-33.4568133181301,49.24470283044618
2029-09-07,5.603359229049429,-36.29572744525171,49.71266911216476
2029-09-08,5.721765462523653,-32.78016937882057,47.83291513139134
2029-09-09,5.832087959767154,-33.62645325186392,46.086483526020984
2029-09-10,5.984350362944323,-34.230404738640004,49.07191019330497
2029-09-11,5.762700257159215,-34.91221818852577,50.97217623597106
2029-09-12,5.576096385749344,-33.79511034094205,48.18201882108284
2029-09-13,5.50996829123505,-36.659613869275624,48.87477915903292
2029-09-14,5.668517708722534,-36.17997028810112,50.12105848220516
2029-09-15,5.703845575057542,-36.017609094575135,46.50953650617321
2029-09-16,5.735426332062973,-35.484321713653415,49.35806735580356
2029-09-17,5.816011921417581,-35.93034560986449,48.004317726654676
2029-09-18,5.532404021487307,-37.10105562799516,49.318819206287465
2029-09-19,5.296067604852578,-35.46224649414726,49.678471437301276
2029-09-20,5.1947194562961,-36.51745638101785,49.14554988141281
2029-09-21,5.334562950004481,-38.178746266358104,47.80530237272151
2029-09-22,5.369354814021168,-35.94043080123409,48.64113995960223
2029-09-23,5.41982726525894,-37.481628518352835,49.67929481177292
2029-09-24,5.539549409511113,-35.56272993986947,49.033085553412555
2029-09-25,5.315667703044888,-34.51273409247499,46.77452960118839
2029-09-26,5.1594995143283,-35.97480861274801,46.85371330095864
2029-09-27,5.158114071444773,-34.60012008530452,48.0562531089338
2029-09-28,5.416572406447016,-35.093427443215354,47.19569669455449
2029-09-29,5.587011994382168,-35.01520438098961,46.66991279857644
2029-09-30,5.788099096787954,-35.97847456377302,48.48788019673566
2029-10-01,6.070931996972205,-36.325699730457394,50.105379033041245
2029-10-02,6.0198339014559155,-33.694518918911,49.184854422304674
2029-10-03,6.04300823651027,-35.606297282420094,50.82811949716078
2029-10-04,6.224189063728665,-35.09949320532725,48.84894779306214
2029-10-05,6.664956454918995,-35.46424275504213,49.33199483076643
2029-10-06,7.013900591970184,-34.826538310948,50.83361409732076
2029-10-07,7.386155561287229,-33.635627091992056,49.778813431827196
2029-10-08,7.829383937295517,-33.38297025282404,49.78905257829212
2029-10-09,7.9246488413622185,-33.85400783824609,51.861714933458664
2029-10-10,8.077144178550963,-34.14328328978011,52.04718894146854
2029-10-11,8.367913866255645,-32.31151480050902,52.82879756680745
2029-10-12,8.896228153440294,-31.683504230619146,50.429907775068926
2029-10-13,9.308799269799001,-32.88890967592755,52.52182558473639
2029-10-14,9.719356103858999,-32.34392732181115,52.97128865218806
2029-10-15,10.174658023438917,-30.0147842666729,53.98633529438652
2029-10-16,10.255383858254138,-34.05688141557099,55.127905781894945
2029-10-17,10.366866411497313,-29.391964574136725,52.08845255415537
2029-10-18,10.590803317089495,-30.84341310914534,53.72994260946228
2029-10-19,11.0276126796416,-31.90097502020056,53.73931472830945
2029-10-20,11.325616398862723,-32.00788291771494,53.47921847699081
2029-10-21,11.600571843325474,-30.659445385001433,54.587295844898286
2029-10-22,11.90163322728679,-30.39400118679698,55.69148869663909
2029-10-23,11.812180188555843,-30.36170672609778,56.92167078950775
2029-10-24,11.740485607686388,-30.350609813191973,57.301074553697404
2029-10-25,11.771355305585782,-30.191311521096218,56.12730395507167
2029-10-26,12.008409972482212,-29.652839310187126,56.81055259089137
2029-10-27,12.103194187233889,-28.271061068229056,57.48995096808367
2029-10-28,12.174635135848366,-29.767447913808198,55.90748639710928
2029-10-29,12.27493425981228,-29.688968015417522,55.63118913930629
2029-10-30,11.990331090668718,-30.20757780630096,56.16251417197946
2029-10-31,11.731712903488184,-30.37609791024323,55.294287085141285
2029-11-01,11.586204210419096,-30.57250558480057,54.1372046007046
2029-11-02,11.659407586922676,-32.341032097657205,55.001258609644566
2029-11-03,11.604481556434072,-30.07759739979199,56.39480792525934
2029-11-04,11.541578715551466,-29.4298597622116,55.70865649720751
2029-11-05,11.52372759822205,-27.71099668050778,53.77076743752341
2029-11-06,11.137597494918072,-33.004431413677864,53.51406776010439
2029-11-07,10.794119516623471,-32.79314334754538,56.165677424173396
2029-11-08,10.580097294224103,-32.74462393698358,54.714318423004244
2029-11-09,10.600477910426735,-31.801527991846537,54.0233168633264
2029-11-10,10.507467659645371,-30.303833334780688,55.80139987326476
2029-11-11,10.420014489735813,-31.431207882085936,55.78668121330315
2029-11-12,10.389739139786967,-32.54591121623768,54.05523321546082
2029-11-13,10.001752595883426,-32.22657612492258,53.82982710003238
2029-11-14,9.66533149953341,-33.165111296832826,54.586151390217765
2029-11-15,9.46558323316525,-32.53558248857285,54.296611430386406
2029-11-16,9.505769652246762,-31.564021647732844,54.02796772891603
2029-11-17,9.436472518610385,-34.371629385438894,56.07939991593623
2029-11-18,9.375121079323181,-31.597223837630448,55.166885717519186
2029-11-19,9.371962567635716,-33.394224121938684,53.2641770878965
2029-11-20,9.010912216670365,-33.97215463660171,52.59620183874275
2029-11-21,8.700253623864391,-33.34178539063194,54.68837529505867
2029-11-22,8.524320649115715,-35.28960736210658,52.381252801036894
2029-11-23,8.585829542736786,-32.78407436038804,51.24500045729314
2029-11-24,8.535044356620574,-32.816438883129514,53.01564206024867
2029-11-25,8.489296350335376,-34.39402552579994,54.337591947213994
2029-11-26,8.498938692291988,-34.901649521505334,52.042133840540686
2029-11-27,8.148173806799813,-33.753628295398926,51.17012182238647
2029-11-28,7.845725174656838,-33.94092659876226,52.30747839586079
2029-11-29,7.676485916298533,-34.209202404571336,52.720004607994625
2029-11-30,7.743814137574541,-32.674517190851205,54.71618708844544
2029-12-01,7.698659471369815,-35.55001785567579,52.28416246854556
2029-12-02,7.659042957218057,-36.328980356486504,53.067677648237364
2029-12-03,7.6759729940248915,-35.206888303961435,52.399942349480774
2029-12-04,7.334236110096851,-35.468214204989195,52.682650166304114
2029-12-05,7.043035665404222,-35.02637475124121,51.64595446453049
2029-12-06,6.8876119946445,-37.41800408866935,53.95473290661375
2029-12-07,6.971514985781231,-34.697325716483846,50.43236162665173
2029-12-08,6.945714344613822,-33.65137881259173,52.69751007281898
2029-12-09,6.928070282102098,-35.46313916949586,51.09302172540478
2029-12-10,6.969247712580995,-38.79255680587387,51.81110582950996
2029-12-11,6.653512807480311,-37.19493337412417,49.99293737312424
2029-12-12,6.389384864311928,-37.40562412796011,49.35749091565925
2029-12-13,6.261276593664255,-37.421805794939395,49.50396456895613
2029-12-14,6.37179317520904,-37.110658787196826,50.81418852891223
2029-12-15,6.370874472237536,-35.3915152350266,50.913208743681714
2029-12-16,6.375302090102633,-36.605334667013295,52.72136714196659
2029-12-17,6.434653158326548,-36.34527256716715,52.24848514671244
2029-12-18,6.132138353775752,-35.44814314449514,50.439310233569515
2029-12-19,5.875295720609179,-36.211492608537455,50.38186870151593
2029-12-20,5.747671953372118,-36.911449454222826,51.299231929669595
2029-12-21,5.851160071392507,-39.50025488675803,51.76179671187251
2029-12-22,5.835176509895273,-37.66454761611759,50.770007440524694
2029-12-23,5.8161980519537,-37.19714177309432,50.251045246026294
2029-12-24,5.843739363254118,-36.911107255650755,51.08559347489048
2029-12-25,5.5012077094713066,-37.58672681736586,50.58444211462098
2029-12-26,5.196605685681516,-37.58339945453194,49.914532624746826
2029-12-27,5.014213134161096,-38.45324266310354,51.00100601119166
2029-12-28,5.056916942518201,-38.57761734221689,49.858593788524814
2029-12-29,4.975371775415537,-40.204314168712344,49.753639529756995
2029-12-30,4.887512457635274,-39.333743938250926,50.160608371912964
2029-12-31,4.844499323899808,-38.91803950139045,51.78834820503374
2030-01-01,4.431533914196267,-38.02769331539758,52.08490038466901
2030-01-02,4.058516866911774,-39.43877242161241,49.505433281336046
2030-01-03,3.8116804040290493,-39.10783821061452,49.81170931188179
2030-01-04,3.7958654786265127,-40.661098061432035,49.51250713692424
2030-01-05,3.66362813648474,-38.61387662532471,50.327564327329014
2030-01-06,3.5346973845609764,-39.205772813592375,51.523142267819125
2030-01-07,3.461867486619362,-38.37699535516483,50.55174911167856
2030-01-08,3.0317636517860724,-39.6815994781809,49.367706529275324
2030-01-09,2.6554544897351757,-42.513808863077784,47.2253461865093
2030-01-10,2.420045036713676,-38.01567920234408,47.38808064212423
2030-01-11,2.4309216779021106,-43.77663239242091,48.60384350776693
2030-01-12,2.340834579792449,-42.68188470714622,49.37115091655793
2030-01-13,2.2693407605354663,-42.88628081817657,47.450519290195636
2030-01-14,2.268691300106549,-42.842372919450426,48.613805096921844
2030-01-15,1.924601964468152,-42.42875309694662,46.23326843452112
2030-01-16,1.6468806410644214,-42.17726444613454,49.944343797624406
2030-01-17,1.5210451253096715,-42.44318759515612,46.51392713924523
2030-01-18,1.6506020358838422,-42.325506011756026,49.63980645657986
2030-01-19,1.686171655281743,-42.09367664226148,49.069369386469106
2030-01-20,1.744980757888623,-41.478308954604515,46.07521546291004
2030-01-21,1.8768056423047916,-39.12324719325511,47.63704147112279
2030-01-22,1.66480317270649,-43.32666305340645,49.37999466641347
2030-01-23,1.5162016138801118,-43.11793191341689,46.751982231990226
2030-01-24,1.5139830887728416,-41.259640674157,47.06899488378255
2030-01-25,1.7592266759195736,-42.39758177588126,45.74024569728826
2030-01-26,1.9002951829621728,-42.32868224218541,49.67653688656039
2030-01-27,2.052385948963074,-42.703486050180835,46.79375345825926
2030-01-28,2.2635262822017506,-40.99329498045958,48.34212880510572
2030-01-29,2.115449874229141,-42.13892492219855,47.05337829572017
2030-01-30,2.0143246990187866,-43.94332192762999,49.30256961728189
2030-01-31,2.04246317571178,-43.16077946862937,48.10199060806682
2030-02-01,2.3006828179767265,-42.242447590226746,49.32857696486859
2030-02-02,2.4374998914518726,-42.99333956281657,50.0246651104968
2030-02-03,2.568676212191317,-42.906996242995454,50.3076955760327
2030-02-04,2.7431997752022412,-40.976038432253645,50.273755851242036
2030-02-05,2.5441359366659135,-39.56336196846097,48.05896150469267
2030-02-06,2.379320331935433,-42.7812328977734,53.61476039117343
2030-02-07,2.3330252527731714,-43.5116484061092,49.344222389768426
2030-02-08,2.5082688973556553,-41.85422130226072,50.29311007384659
2030-02-09,2.55595141703468,-42.084400242649586,49.71606204542699
2030-02-10,2.594339467939885,-41.5985085735313,49.88035678975253
2030-02-11,2.674981659730069,-43.150183090294924,48.119667150241725
2030-02-12,2.383493408373482,-41.135892975601934,49.84870513019596
2030-02-13,2.130184187803552,-42.21716364352326,50.56034322854811
2030-02-14,2.0016606950423395,-40.30745740318647,49.40830255046733
2030-02-15,2.103077060995976,-43.48945022251415,49.484298079206745
2030-02-16,2.0872176288136712,-43.43231101845623,50.72436968030256
2030-02-17,2.0739354398206413,-41.38238959224932,49.23830272096339
2030-02-18,2.1160300451728395,-44.93446304262106,45.86583393454753
2030-02-19,1.8000041355427339,-44.91017803667887,48.58564731385262
2030-02-20,1.5366727014296573,-42.65439288400095,47.27071498737693
2030-02-21,1.4127586690344769,-44.385751391905984,47.67265198525674
2030-02-22,1.5331462757412893,-42.55641775228526,49.66112224541323
2030-02-23,1.5499775374391924,-45.64146901782741,49.17711787271882
2030-02-24,1.582114482666916,-44.9367068549783,49.76527121238996
2030-02-25,1.6810500256628806,-43.579857186182096,48.968939597537066
2030-02-26,1.431705965934574,-41.90757784728767,48.64268040187619
2030-02-27,1.2430905934661753,-44.975121469327505,47.32684311994169
2030-02-28,1.1999484185778506,-46.65954762345111,47.62280708635255
2030-03-01,1.405071713696398,-43.862392533742934,51.33468385767241
2030-03-02,1.5084575377188658,-44.13083522895045,48.43592680518015
2030-03-03,1.6268311802860906,-42.50290785898626,49.77531849406634
2030-03-04,1.809617154498894,-43.885035714254286,52.05494052586327
2030-03-05,1.6397945264646676,-42.06743407305401,50.249955228684584
2030-03-06,1.524607454528487,-44.66494932888644,46.844954336112075
2030-03-07,1.5472619896897943,-42.56698417014879,48.17926348479854
2030-03-08,1.809277537281198,-43.529160271989326,50.60530600311617
2030-03-09,1.9596755797991556,-43.711215639156386,48.29858011220121
2030-03-10,2.1145257735632903,-41.87457788730355,48.050761193952766
2030-03-11,2.322929991523558,-40.8012016268498,49.57503264519799
2030-03-12,2.167880827316605,-45.88678408598043,50.8199309702857
2030-03-13,2.056965449192553,-45.44752373876346,50.26867201163057
2030-03-14,2.074046157708557,-42.85353053246848,49.712104094890584
2030-03-15,2.321586625668158,-44.01045518646799,46.47654002513437
2030-03-16,2.4498072558228774,-41.88211896554035,52.625019972356384
2030-03-17,2.576190835641223,-41.06767552222108,48.70328045771204
2030-03-18,2.751420326391804,-42.087759259067035,52.42983525996035
2030-03-19,2.5601867262841234,-43.168093007699255,49.55419122681491
2030-03-20,2.41183943772877,-41.80427569691142,50.191145440525126
2030-03-21,2.3920121047087033,-41.66537014137763,48.74233050162623
2030-03-22,2.604894533413251,-44.43005589476501,51.9706605865358
2030-03-23,2.702335740502842,-42.48043655338015,48.127442785593956
2030-03-24,2.8033008439755958,-42.32778143618056,52.1466459539129
2030-03-25,2.95976505125621,-42.824519688532874,51.69277332760636
2030-03-26,2.7574839422065955,-43.08551265855398,51.976360768399
2030-03-27,2.6066135392457763,-44.92762970233204,50.95335964483342
2030-03-28,2.5933139666141303,-44.4786760230415,50.682948385818825
2030-03-29,2.822007898400177,-41.64429520376462,52.437076157133745
2030-03-30,2.9444791607737257,-43.803758148578176,50.31879726419339
2030-03-31,3.0793342510797275,-40.77632914030174,53.46427872463445
2030-04-01,3.277909803092665,-40.50746607700975,51.75272545911252
2030-04-02,3.125064706160909,-43.38605759752281,52.67493241011467
2030-04-03,3.0298296321675213,-41.216066000431844,49.2855669323375
2030-04-04,3.077046809430145,-41.415679855605326,52.48643407282455
2030-04-05,3.369670085925743,-44.881362905118195,53.7172291065526
2030-04-06,3.5579093316266106,-40.975472446943066,48.53910773358707
2030-04-07,3.7587405091972337,-41.143522105931496,51.036320847381205
2030-04-08,4.021862935054007,-42.4073857144155,50.01592296397585
2030-04-09,3.9305409033698746,-41.835353371238945,53.632805277633274
2030-04-10,3.8923009105994733,-41.67471891566488,53.83265060224096
2030-04-11,3.9906158679066266,-42.83633569620976,54.24339243354332
2030-04-12,4.327245000622133,-42.29046091286354,52.471242143632
2030-04-13,4.551412290026967,-43.97716491982993,51.47691244614142
2030-04-14,4.779343776693562,-40.4840799318027,53.17372771918131
2030-04-15,5.0602444518739915,-39.226550432419046,53.12123494862105
2030-04-16,4.97715135194489,-39.79207863654001,53.19811575708555
2030-04-17,4.937633789903038,-42.06513328735895,54.54252009976976
2030-04-18,5.0254720702742866,-36.79168290224401,53.79340928832721
2030-04-19,5.342983608374472,-41.40895666774618,53.23902131294433
2030-04-20,5.540179786327983,-39.00228856343666,52.70377649597158
2030-04-21,5.73427458225182,-40.17702671663592,54.66180277351488
2030-04-22,5.975626633685952,-43.301378298370196,54.9018978365892
2030-04-23,5.848552473141453,-40.84145100579114,52.6771100790688
2030-04-24,5.761983146205161,-40.36315054375242,53.39845125819192
2030-04-25,5.801096948923979,-42.578462069822976,54.28611926736215
2030-04-26,6.069598667007977,-37.80405381589199,55.475243075435685
2030-04-27,6.218830137012071,-43.63030102977978,54.947079164707546
2030-04-28,6.367234634042095,-40.42949804941273,55.30830894670208
2030-04-29,6.566258150462723,-42.92273189436294,55.86042239767296
2030-04-30,6.401126599037742,-38.96524194889332,54.45037455506975
2030-05-01,6.281472298630052,-40.355103979585074,52.01311372963561
2030-05-02,6.292943443895728,-39.598600594447866,55.33507694867279
2030-05-03,6.539467693150132,-40.86907814775051,54.735103259521274
2030-05-04,6.672355210088704,-40.385376435384224,53.99588484465146
2030-05-05,6.809763926941246,-39.63936992464209,56.67023215480344
2030-05-06,7.002610095753472,-39.39371908225082,54.300987666500475
2030-05-07,6.835362901983739,-40.10662547956162,57.220232955136275
2030-05-08,6.716695985346555,-42.14789544608991,55.357669706278564
2030-05-09,6.731128817202942,-39.8113340250744,54.781716571370836
2030-05-10,6.981328100242651,-40.873892201011024,56.16517421470183
2030-05-11,7.117253370204682,-40.53599714781494,56.69364951907019
2030-05-12,7.255668258841469,-39.089965966320726,55.1415605445232
2030-05-13,7.446099063359,-40.25737176000728,56.132002405208894
2030-05-14,7.271677905062898,-40.19869055357305,58.76435834029581
2030-05-15,7.139841805956843,-37.64184059477747,53.09790772206543
2030-05-16,7.134019137836001,-39.88274700604604,54.50464727698768
2030-05-17,7.355972181822706,-39.79773065272461,57.0835910407358
2030-05-18,7.454978661122706,-40.40247016135635,55.8295868262521
2030-05-19,7.547372540388718,-37.15062612758778,55.306061478502016
2030-05-20,7.68252475846973,-41.910065304646295,57.5692580339218
2030-05-21,7.443700416604068,-38.23752952470759,56.08368507820556
2030-05-22,7.238763232036851,-40.718250081194874,57.354324461574784
2030-05-23,7.151858451531268,-41.027261624898394,57.809180915610305
2030-05-24,7.285742970514578,-40.10398504111183,56.680901883271325
2030-05-25,7.290945797343447,-38.952099408746534,55.687168429476365
2030-05-26,7.285279694751363,-40.96068250525627,56.484378441222745
2030-05-27,7.319785451020083,-39.350763657004094,57.44842523634133
2030-05-28,6.979546313444918,-40.75283751189718,57.253166565119415
2030-05-29,6.674344600199259,-40.23098447928023,56.5932337222208
2030-05-30,6.4902930517156365,-41.047533218972816,56.4559112646939
2030-05-31,6.532111154424053,-42.33898760880629,58.559087365546176
2030-06-01,6.452231140153604,-42.3626166347029,58.37960087132604
2030-06-02,6.370256087562586,-42.35506774355466,56.65485086902159
2030-06-03,6.338853155596921,-42.174304671536646,58.06535126713981
2030-06-04,5.944520995272036,-41.577921735433556,55.35206976511981
2030-06-05,5.598204760579312,-42.95817334560623,57.13512758805485
2030-06-06,5.38689253317531,-41.845242502443305,55.769096491741045
2030-06-07,5.415864458360177,-41.185440977936175,55.35680106756948
2030-06-08,5.337780139011346,-42.60354399940703,56.70396640951199
2030-06-09,5.272127310189823,-40.20707315101893,54.15310038314648
2030-06-10,5.271115155059926,-41.28325828546458,55.01418954802803
2030-06-11,4.920451362650095,-43.4560825669165,56.880744114228236
2030-06-12,4.629976123381178,-44.084729654025004,53.770485404687406
2030-06-13,4.4852863788031785,-42.96679939202317,55.57974767763187
2030-06-14,4.590020865036254,-43.621105244198006,55.11363462046048
2030-06-15,4.594990500482627,-45.54064102533925,56.374421467409874
2030-06-16,4.617675934682764,-42.61724214546973,54.68817869591116
2030-06-17,4.708174238371344,-43.48715911951116,56.14034570838018
2030-06-18,4.450032319907842,-44.29668457973538,53.50325351535072
2030-06-19,4.250938658153781,-43.07032072640993,55.39043545795851
2030-06-20,4.1944050186929225,-45.25563349951901,55.33141536048547
2030-06-21,4.382107048161638,-45.38067391330019,53.7031676917082
2030-06-22,4.463066705431799,-42.04027400696905,55.705338919446156
2030-06-23,4.553196854612546,-42.90978546072538,54.099560231987525
2030-06-24,4.701288651764626,-43.56295870739376,55.32471084038192
2030-06-25,4.48987814596725,-44.790386566147404,54.774236247471876
2030-06-26,4.325962738332204,-43.964596458984076,55.594729805488676
2030-06-27,4.292698465497038,-42.59430573502902,55.14501739642175
2030-06-28,4.491746568961086,-43.92767288321469,54.85143649458361
2030-06-29,4.572452155624488,-45.3186293409299,55.50210826986112
2030-06-30,4.651375405755466,-43.038348389537056,55.02927379023326
2030-07-01,4.778256372663645,-45.89093904499096,55.954212840350415
2030-07-02,4.536850476161433,-43.758701342110236,54.46604044884524
2030-07-03,4.3356062639876045,-43.084360010351155,54.32943056572594
2030-07-04,4.2593175601726045,-44.68444369586998,56.811375206515315
2030-07-05,4.411419802049991,-43.09731744293115,55.37702379156764
2030-07-06,4.4431148599787935,-45.0051839355924,56.32390189960365
2030-07-07,4.4728463892216705,-46.91164327203145,54.8968984006282
2030-07-08,4.552208408767098,-46.36752013719831,56.972809114743285
2030-07-09,4.2667258682492815,-44.37452173987726,54.65952629112267
2030-07-10,4.026480395612027,-44.79484406086547,54.93670331187956
2030-07-11,3.9177148743461054,-43.59963162434754,56.96340828457881
2030-07-12,4.045088047887829,-45.546541306518044,53.745898612572134
2030-07-13,4.0607646656783585,-46.65521156836541,55.26233134290595
2030-07-14,4.0838642289711045,-43.27736665114139,54.74404704086465
2030-07-15,4.166351798067108,-44.5259548498764,53.649796754643006
2030-07-16,3.8938101243042667,-43.209185391392225,52.238135221473314
2030-07-17,3.6760665218877113,-45.613731560279234,53.36914562936962
2030-07-18,3.598808064383305,-46.48025022731862,54.78440037269291
2030-07-19,3.765855954785212,-43.22841001889627,53.44541562172425
2030-07-20,3.828283960554619,-44.30812381011576,55.00012519549933
2030-07-21,3.903903092714938,-46.89243938107139,57.50073249185961
2030-07-22,4.043194881839191,-43.25230060999177,52.658180426934805
2030-07-23,3.830131208643383,-45.06361366740678,54.91964886086816
2030-07-24,3.6728526408279945,-45.65838068374912,54.48507971171538
2030-07-25,3.6553372834478166,-43.884477572172194,54.37953554296878
2030-07-26,3.87972934727361,-44.68951810631267,56.07014295015883
2030-07-27,3.9955106645775964,-47.568940119853366,54.46464005717856
2030-07-28,4.119035701827285,-45.39454235190086,55.79630298887365
2030-07-29,4.299510874006798,-42.51255617110749,54.96998206880576
2030-07-30,4.1198546984267015,-45.97851766613691,54.4215185497628
2030-07-31,3.9874094911095788,-44.067128506917626,56.87014320557449
2030-08-01,3.98563557383101,-46.381409218747926,55.918575663187326
2030-08-02,4.216456398356312,-48.01070126154367,57.13593075988448
2030-08-03,4.329437285367574,-46.199004752303665,54.47256141388319
2030-08-04,4.441318078548815,-42.311597965834444,56.233864247943856
2030-08-05,4.6019805609138125,-42.78065593055852,54.33826977169042
2030-08-06,4.395287504791568,-43.26486760992808,56.0688894263714
2030-08-07,4.229764674367894,-44.997120057399286,56.26699090798566
2030-08-08,4.19025762954798,-44.87490944595553,54.62272159726085
2030-08-09,4.380232857850451,-45.599406409976204,57.92077032796078
2030-08-10,4.450907258862175,-43.79415451945299,58.47956164017794
2030-08-11,4.520727776637694,-42.1744740062739,56.76288111622991
2030-08-12,4.6412836458037185,-43.79241915406213,57.37794828399368
2030-08-13,4.398089817132277,-44.97743144218965,55.02845267850318
2030-08-14,4.201214600999263,-42.98640833823852,54.29088147747647
2030-08-15,4.136885070671127,-44.43714654821238,57.04816170888134
2030-08-16,4.309741367864945,-45.46697777193459,59.15397153912746
2030-08-17,4.371925424541043,-44.30918062106289,54.886427061252576
2030-08-18,4.44252721387802,-43.52336268500962,57.54016927318223
2030-08-19,4.573472101255591,-44.52408328128435,55.03457275956123
2030-08-20,4.3502887191024495,-46.45472605232394,57.406756961404525
2030-08-21,4.182730987624719,-45.335439071249304,57.370945816132604
2030-08-22,4.156388113046903,-46.52227969045995,53.19300212961556
2030-08-23,4.374953690755162,-45.83073851839353,56.90014326657081
2030-08-24,4.489339105474717,-43.25194330334169,58.727239910392356
2030-08-25,4.617153719993366,-47.37967838563923,55.789584262287775
2030-08-26,4.808634518244197,-43.14331366246619,59.75541697699679
2030-08-27,4.647463462334192,-45.40697655969957,56.33755093445804
2030-08-28,4.541444794355888,-46.311984625166005,58.49031482495203
2030-08-29,4.574174535553494,-46.607100361436075,55.1849345852486
2030-08-30,4.847371588165895,-45.24820086282618,57.75929144901199
2030-08-31,5.010053816369143,-44.34728530306168,57.67491065702393
2030-09-01,5.178079740896955,-42.387443970733386,57.48110455086126
2030-09-02,5.400136668927117,-40.52851692067062,58.95633413471449
2030-09-03,5.258611741286559,-42.51186186891334,58.98889307655301
2030-09-04,5.160316469365308,-44.35214250536642,55.990551397148124
2030-09-05,5.188195524133077,-44.03382838195655,58.7938849269992
2030-09-06,5.443687905499741,-44.720045062647216,58.779885870147424
2030-09-07,5.575922843147358,-42.74558552203746,58.813744917470814
2030-09-08,5.7012703218288125,-46.96275365036082,57.48121717247688
2030-09-09,5.869326618577936,-44.775701631794554,58.20585231905707
2030-09-10,5.663771222377617,-45.88343145698545,57.244820931795175
2030-09-11,5.493065925622176,-45.28605023949656,59.00498658422679
2030-09-12,5.442127391870138,-45.833452529963864,58.95067952767251
2030-09-13,5.614642182373515,-45.312694463379465,59.53147528875814
2030-09-14,5.662207737328804,-44.14722375051295,60.09926749707656
2030-09-15,5.703820609775861,-45.01531857149393,59.90829386379189
2030-09-16,5.791793967026205,-46.75948784759736,60.15622877029191
2030-09-17,5.512542535573778,-45.632716992740164,57.011306957951845
2030-09-18,5.277207712772653,-44.07728583410795,58.69531342111471
2030-09-19,5.173256158515512,-44.74006255428001,57.58675215334034
2030-09-20,5.30672287726096,-43.46528416576155,56.31602579756201
2030-09-21,5.331284276451506,-44.547595483103855,57.68950395103632
2030-09-22,5.367684395902515,-44.50502794914796,59.846420764552754
2030-09-23,5.469598072626695,-44.48598209714691,58.50386972833145
2030-09-24,5.224370770269456,-45.29707721069602,58.59539376264293
2030-09-25,5.043609108909004,-44.50378037603387,59.47478987248499
2030-09-26,5.014756442889234,-45.982847570606296,59.37520570361773
2030-09-27,5.243325223393994,-46.30934435798966,57.969805836674716
2030-09-28,5.381972028976351,-44.86343786228945,58.83426346150376
2030-09-29,5.549938514341633,-46.17943720641204,60.194107401672156
2030-09-30,5.798941753713036,-45.229692765384144,58.22288549411315
2030-10-01,5.7139530827492875,-44.575636081807296,59.23321670638329
2030-10-02,5.703838529155015,-46.924259796643646,57.92687377319865
2030-10-03,5.852993938812684,-47.490704735854564,60.133628303792186
2030-10-04,6.263645031828313,-44.32769681358186,60.45836444214058
2030-10-05,6.5849965486910405,-44.8261155103566,59.46398651200614
2030-10-06,6.932751840336296,-41.89804188201693,59.16872712924634
2030-10-07,7.35508436001762,-43.305632810103006,61.52333904686357
2030-10-08,7.433498076047086,-43.13043226440925,62.71473109284863
2030-10-09,7.5735478009395525,-43.19866832789672,60.619050467309265
2030-10-10,7.8565504965869355,-42.827594777615154,59.912381534796836
2030-10-11,8.381955845838842,-43.93507543966444,65.63307264708314
2030-10-12,8.796558462460986,-41.77435452386451,59.98521047593183
2030-10-13,9.21407150895739,-40.903042268747484,62.22541552433792
2030-10-14,9.68114184232207,-41.07873521155936,63.156572235331524
2030-10-15,9.778242650551945,-38.990372325868705,64.4402964563619
2030-10-16,9.910413828340733,-40.3613538211187,62.51182515983927
2030-10-17,10.158980732314276,-41.850158965206745,63.385516323988355
2030-10-18,10.623919524047988,-42.45074977692249,63.70361526063411
2030-10-19,10.953051727971218,-37.65992511409982,65.33469344108575
2030-10-20,11.261588356702877,-39.73248075205298,60.74030930928744
2030-10-21,11.598104616225395,-37.45301778677942,65.07774032870807
2030-10-22,11.54538232858753,-38.838026034404585,65.09989794973454
2030-10-23,11.511091743124828,-39.49153085245887,64.6213706998788
2030-10-24,11.5794450054196,-38.49867339306762,64.89693053281582
2030-10-25,11.853491280688274,-37.85169837853887,64.70171977086457
2030-10-26,11.984238055739546,-40.03723462294437,64.45612121990506
2030-10-27,12.090120924018184,-40.699999837433474,66.08023592649891
2030-10-28,12.22290481859243,-39.43815285622923,67.45170152639999
2030-10-29,11.968455729364596,-38.41646014838192,64.77399159267233
2030-10-30,11.737356368144077,-38.59333867033439,65.73449589340187
2030-10-31,11.616499688936614,-39.1693125343521,64.28906029776735
2030-11-01,11.71133169991868,-41.981074641782456,66.30118867592917
2030-11-02,11.674929294993193,-40.63183824578274,66.69669282657037
2030-11-03,11.627436346693809,-37.89771201570212,67.22900695824092
2030-11-04,11.621941673346434,-40.31302637980628,66.15501138610712
2030-11-05,11.245238261624408,-40.76198616336486,66.97148477493724
2030-11-06,10.9084372445447,-40.10433862685385,64.26646317458626
2030-11-07,10.698570273997777,-40.548647314500094,63.98265029628885
2030-11-08,10.720851163806854,-42.15129377180189,62.42287421534165
2030-11-09,10.627781699370955,-38.343784110346284,65.3152815663054
2030-11-10,10.538623780882247,-40.5533653356683,65.88595647446337
2030-11-11,10.505320230526335,-41.56398000139639,63.77192729022211
2030-11-12,10.113302195337226,-41.52771350318882,66.58134456449997
2030-11-13,9.772155074683717,-41.42485334834822,64.72805933154062
2030-11-14,9.567274966900769,-42.47151318699883,66.03107757213431
2030-11-15,9.602184842962387,-42.38217159566206,65.18841802315163
2030-11-16,9.527693701452696,-39.32115401322524,62.51256685650672
2030-11-17,9.461419304908437,-41.73469825113729,61.54458625803121
2030-11-18,9.453755381609955,-41.40433592730187,64.15818900393616
2030-11-19,9.088719940381006,-43.63449962362826,61.50975950984489
2030-11-20,8.774655541555443,-42.37728209786161,62.89393584107654
2030-11-21,8.595912661122181,-44.856765116747034,63.4997104083737
2030-11-22,8.655184749140453,-43.60035913553391,63.490316209888256
2030-11-23,8.602677895475889,-41.60670747200713,62.81886322776879
2030-11-24,8.55563563377074,-42.6840999480362,63.694819756480676
2030-11-25,8.564299968753279,-43.05287498773363,60.684749161273956
2030-11-26,8.212745735570497,-43.65623173668195,62.68167646111636
2030-11-27,7.909559837590059,-43.56704889860444,64.84870702617565
2030-11-28,7.739497419842053,-44.930552315113715,61.31078631881759
2030-11-29,7.805784684513764,-43.77622425581613,64.81533285385972
2030-11-30,7.7592525149589875,-45.01626325362331,64.07385514106863
2030-12-01,7.7178227990494985,-43.96190240425681,63.881128869468284
2030-12-02,7.732429959086077,-41.34708890976146,61.20163583792606
2030-12-03,7.387816235148989,-42.965684922928546,63.47222910910758
2030-12-04,7.093173676369593,-46.07285663582969,60.199740886555404
2030-12-05,6.9337662300973815,-46.260185854753345,61.650145013281026
2030-12-06,7.013202850626317,-43.30162981531318,61.13842081481767
2030-12-07,6.982546852910561,-45.70378733311634,62.30440432712219
2030-12-08,6.959784271502601,-47.131607942311,60.64649972845079
2030-12-09,6.99573438420674,-46.299769428440605,60.369811133894515
2030-12-10,6.674841362084054,-48.15537451115263,63.513183459054396
2030-12-11,6.405820164437454,-47.14181613089847,61.07863422964567
2030-12-12,6.273289977384887,-46.83926398944908,60.60136429357747
2030-12-13,6.38006577353254,-46.269242473837245,63.784499182347865
2030-12-14,6.376292632437737,-47.28768481344453,60.71067284291409
2030-12-15,6.378944773034347,-46.42007477654203,62.30189477037566
2030-12-16,6.437771450896859,-46.615168069591505,59.08279672787583
2030-12-17,6.136127509405071,-47.063486083850044,58.90105372508338
2030-12-18,5.881660402192843,-47.051176938955564,61.51716925885771
2030-12-19,5.7579855964462645,-47.28025661860669,63.08798535501737
2030-12-20,5.867019502131361,-45.242072463859536,62.39821517972693
2030-12-21,5.858153136194218,-46.34568662307549,64.20656038425047
2030-12-22,5.847787090020697,-48.51253045340916,61.283839163975806
2030-12-23,5.885308662018294,-46.60155157298999,62.74106642887274
2030-12-24,5.553947787187041,-46.02668169374702,60.60418599402766
2030-12-25,5.261482595179868,-48.51684402237486,58.466908218157634
2030-12-26,5.091925724809961,-43.423348551872245,60.141445820585645
2030-12-27,5.147859988928992,-49.441627653295015,61.62566691508653
2030-12-28,5.079606297933018,-48.73062827139672,63.02191057071789
2030-12-29,5.00474437140552,-47.559915555601016,61.0169552575306
2030-12-30,4.974067327285319,-50.68732417935322,60.3964495230609
2030-12-31,4.572407269861898,-49.28951022026645,58.54603792101427
